Application,Application Version,Category,Primary Location,Line Number,Full Filename,Criticality,Filterset,Folder,Is Reviewed,Tagged,Primary Tag Auto Applied,Bug URL,userName,Has Correlated Issues,Has Comments,Scan Status,Found Date,Removed Date,Is Removed,Is Suppressed,Is Hidden,Analysis Type,Analysis Category,Analyzer,Primary Rule ID,Instance ID,Impact,Likelihood,Severity,Confidence,Kingdom,Fortify Category,CWE,CWE Top 25 2021,CWE Top 25 2022,DISA CCI 2,FISMA,GDPR,MISRA C 2012,MISRA C++ 2008,NIST SP 800-53 Rev.4,NIST SP 800-53 Rev.5,OWASP ASVS 4.0,OWASP MASVS 2.0,OWASP Mobile 2014,OWASP Top 10 2013,OWASP Top 10 2017,OWASP Top 10 2021,PCI 3.2.1,PCI 4.0,PCI SSF 1.0,PCI SSF 1.1,PCI SSF 1.2,SANS Top 25 2011,STIG 4.11,STIG 5.1,STIG 5.2,WASC 2.00
2026_SSE_mavit,1.0,Command Injection,UploadHandler.php,952,jobs/40df99ae-e5ad-41dc-a710-6bacd5341271/work/Src/Hospital-Management-System/vendor/jquery-file-upload/server/php/UploadHandler.php,Low,Security Auditor View,Low,false,,,,,false,false,UPDATED,Tue May 26 16:32:50 CEST 2026,,false,false,false,SCA,STATIC,Semantic,23849EF9-7CF6-4B6F-A0E2-488C0737733A,DC387606AD0649C99FB999A4D80E60B0,2.0,0.6,3.0,5.0,Input Validation and Representation,Command Injection,"CWE ID 77,CWE ID 78","[5] CWE ID 078,[25] CWE ID 077",,"CCI-001310,CCI-002754",SI,Indirect Access to Sensitive Data,Rule 1.3,Rule 0-3-1,SI-10 Information Input Validation (P1),SI-10 Information Input Validation,"5.2.2 Sanitization and Sandboxing Requirements (L1 L2 L3),5.2.3 Sanitization and Sandboxing Requirements (L1 L2 L3),5.2.5 Sanitization and Sandboxing Requirements (L1 L2 L3),5.2.8 Sanitization and Sandboxing Requirements (L1 L2 L3),5.3.6 Output Encoding and Injection Prevention Requirements (L1 L2 L3),5.3.8 Output Encoding and Injection Prevention Requirements (L1 L2 L3),10.3.2 Deployed Application Integrity Controls (L1 L2 L3),12.3.2 File Execution Requirements (L1 L2 L3),12.3.5 File Execution Requirements (L1 L2 L3)",MASVS-CODE-4,M7 Client Side Injection,A1 Injection,A1 Injection,A03 Injection,Requirement 6.5.1,Requirement 6.2.4,Control Objective 4.2 - Critical Asset Protection,"Control Objective 4.2 - Critical Asset Protection,Control Objective B.3.1 - Terminal Software Attack Mitigation,Control Objective B.3.1.1 - Terminal Software Attack Mitigation","Control Objective 4.2 - Critical Asset Protection,Control Objective B.3.1 - Terminal Software Attack Mitigation,Control Objective B.3.1.1 - Terminal Software Attack Mitigation,Control Objective C.3.2 - Web Software Attack Mitigation",Insecure Interaction - CWE ID 078,"APSC-DV-002510 CAT I,APSC-DV-002560 CAT I","APSC-DV-002510 CAT I,APSC-DV-002560 CAT I","APSC-DV-002510 CAT I,APSC-DV-002560 CAT I",OS Commanding (WASC-31)
2026_SSE_mavit,1.0,Command Injection,UploadHandler.php,978,jobs/40df99ae-e5ad-41dc-a710-6bacd5341271/work/Src/Hospital-Management-System/vendor/jquery-file-upload/server/php/UploadHandler.php,Low,Security Auditor View,Low,false,,,,,false,false,UPDATED,Tue May 26 16:32:50 CEST 2026,,false,false,false,SCA,STATIC,Semantic,23849EF9-7CF6-4B6F-A0E2-488C0737733A,FC2BCB1BB5A5F6BB1B99EA0BBBF9611F,2.0,0.6,3.0,5.0,Input Validation and Representation,Command Injection,"CWE ID 77,CWE ID 78","[5] CWE ID 078,[25] CWE ID 077",,"CCI-001310,CCI-002754",SI,Indirect Access to Sensitive Data,Rule 1.3,Rule 0-3-1,SI-10 Information Input Validation (P1),SI-10 Information Input Validation,"5.2.2 Sanitization and Sandboxing Requirements (L1 L2 L3),5.2.3 Sanitization and Sandboxing Requirements (L1 L2 L3),5.2.5 Sanitization and Sandboxing Requirements (L1 L2 L3),5.2.8 Sanitization and Sandboxing Requirements (L1 L2 L3),5.3.6 Output Encoding and Injection Prevention Requirements (L1 L2 L3),5.3.8 Output Encoding and Injection Prevention Requirements (L1 L2 L3),10.3.2 Deployed Application Integrity Controls (L1 L2 L3),12.3.2 File Execution Requirements (L1 L2 L3),12.3.5 File Execution Requirements (L1 L2 L3)",MASVS-CODE-4,M7 Client Side Injection,A1 Injection,A1 Injection,A03 Injection,Requirement 6.5.1,Requirement 6.2.4,Control Objective 4.2 - Critical Asset Protection,"Control Objective 4.2 - Critical Asset Protection,Control Objective B.3.1 - Terminal Software Attack Mitigation,Control Objective B.3.1.1 - Terminal Software Attack Mitigation","Control Objective 4.2 - Critical Asset Protection,Control Objective B.3.1 - Terminal Software Attack Mitigation,Control Objective B.3.1.1 - Terminal Software Attack Mitigation,Control Objective C.3.2 - Web Software Attack Mitigation",Insecure Interaction - CWE ID 078,"APSC-DV-002510 CAT I,APSC-DV-002560 CAT I","APSC-DV-002510 CAT I,APSC-DV-002560 CAT I","APSC-DV-002510 CAT I,APSC-DV-002560 CAT I",OS Commanding (WASC-31)
2026_SSE_mavit,1.0,Often Misused: File Upload,UploadHandler.php,1071,jobs/40df99ae-e5ad-41dc-a710-6bacd5341271/work/Src/Hospital-Management-System/vendor/jquery-file-upload/server/php/UploadHandler.php,Medium,Security Auditor View,Medium,false,,,,,false,false,UPDATED,Tue May 26 16:32:50 CEST 2026,,false,false,false,SCA,STATIC,Semantic,0BC1C2AA-40D9-4145-B1C6-B16CEA388117,81765B56505670CBD0828B504B212DBA,2.0,3.0,2.0,5.0,API Abuse,Often Misused: File Upload,CWE ID 434,[10] CWE ID 434,[10] CWE ID 434,CCI-001167,SI,Indirect Access to Sensitive Data,,,SC-18 Mobile Code (P2),SC-18 Mobile Code,"12.2.1 File Integrity Requirements (L2 L3),12.5.2 File Download Requirements (L1 L2 L3),13.1.5 Generic Web Service Security Verification Requirements (L2 L3)",,M7 Client Side Injection,A1 Injection,A1 Injection,A04 Insecure Design,Requirement 6.5.1,Requirement 6.2.4,Control Objective 4.2 - Critical Asset Protection,Control Objective 4.2 - Critical Asset Protection,"Control Objective 4.2 - Critical Asset Protection,Control Objective C.3.4 - Web Software Attack Mitigation",Insecure Interaction - CWE ID 434,APSC-DV-003300 CAT II,APSC-DV-003300 CAT II,APSC-DV-003300 CAT II,Improper Input Handling (WASC-20)
2026_SSE_mavit,1.0,System Information Leak: External,UploadHandler.php,1105,jobs/40df99ae-e5ad-41dc-a710-6bacd5341271/work/Src/Hospital-Management-System/vendor/jquery-file-upload/server/php/UploadHandler.php,Low,Security Auditor View,Low,false,,,,,false,false,UPDATED,Tue May 26 16:32:50 CEST 2026,,false,false,false,SCA,STATIC,Data Flow,35EE2631-51F2-4696-9594-ECDEC9B56244,9810754C8C1F40933B9477C0F2C27720,2.0,0.8,3.0,5.0,Encapsulation,System Information Leak: External,"CWE ID 215,CWE ID 489,CWE ID 497",[20] CWE ID 200,,"CCI-001312,CCI-001314,CCI-002420",,Indirect Access to Sensitive Data,,,AC-4 Information Flow Enforcement (P1),AC-4 Information Flow Enforcement,"8.3.4 Sensitive Private Data (L1 L2 L3),14.2.2 Dependency (L1 L2 L3),14.3.2 Unintended Security Disclosure Requirements (L1 L2 L3),14.3.3 Unintended Security Disclosure Requirements (L1 L2 L3)","MASVS-STORAGE-1,MASVS-PLATFORM-2",M2 Insecure Data Storage,,,A05 Security Misconfiguration,Requirement 6.5.5,Requirement 6.2.4,Control Objective 3.6 - Sensitive Data Retention,Control Objective 3.6 - Sensitive Data Retention,Control Objective 3.6 - Sensitive Data Retention,,"APSC-DV-002480 CAT II,APSC-DV-002570 CAT II,APSC-DV-002580 CAT II","APSC-DV-002480 CAT II,APSC-DV-002570 CAT II,APSC-DV-002580 CAT II","APSC-DV-002480 CAT II,APSC-DV-002570 CAT II,APSC-DV-002580 CAT II",Information Leakage (WASC-13)
2026_SSE_mavit,1.0,System Information Leak: External,UploadHandler.php,1116,jobs/40df99ae-e5ad-41dc-a710-6bacd5341271/work/Src/Hospital-Management-System/vendor/jquery-file-upload/server/php/UploadHandler.php,Low,Security Auditor View,Low,false,,,,,false,false,UPDATED,Tue May 26 16:32:50 CEST 2026,,false,false,false,SCA,STATIC,Data Flow,35EE2631-51F2-4696-9594-ECDEC9B56244,1191B6E04B74452F38568D631E474DEE,2.0,0.8,3.0,5.0,Encapsulation,System Information Leak: External,"CWE ID 215,CWE ID 489,CWE ID 497",[20] CWE ID 200,,"CCI-001312,CCI-001314,CCI-002420",,Indirect Access to Sensitive Data,,,AC-4 Information Flow Enforcement (P1),AC-4 Information Flow Enforcement,"8.3.4 Sensitive Private Data (L1 L2 L3),14.2.2 Dependency (L1 L2 L3),14.3.2 Unintended Security Disclosure Requirements (L1 L2 L3),14.3.3 Unintended Security Disclosure Requirements (L1 L2 L3)","MASVS-STORAGE-1,MASVS-PLATFORM-2",M2 Insecure Data Storage,,,A05 Security Misconfiguration,Requirement 6.5.5,Requirement 6.2.4,Control Objective 3.6 - Sensitive Data Retention,Control Objective 3.6 - Sensitive Data Retention,Control Objective 3.6 - Sensitive Data Retention,,"APSC-DV-002480 CAT II,APSC-DV-002570 CAT II,APSC-DV-002580 CAT II","APSC-DV-002480 CAT II,APSC-DV-002570 CAT II,APSC-DV-002580 CAT II","APSC-DV-002480 CAT II,APSC-DV-002570 CAT II,APSC-DV-002580 CAT II",Information Leakage (WASC-13)
2026_SSE_mavit,1.0,System Information Leak: External,UploadHandler.php,1116,jobs/40df99ae-e5ad-41dc-a710-6bacd5341271/work/Src/Hospital-Management-System/vendor/jquery-file-upload/server/php/UploadHandler.php,Low,Security Auditor View,Low,false,,,,,false,false,UPDATED,Tue May 26 16:32:50 CEST 2026,,false,false,false,SCA,STATIC,Data Flow,35EE2631-51F2-4696-9594-ECDEC9B56244,15D9E587133C36766975C94C01557BCF,2.0,0.8,3.0,5.0,Encapsulation,System Information Leak: External,"CWE ID 215,CWE ID 489,CWE ID 497",[20] CWE ID 200,,"CCI-001312,CCI-001314,CCI-002420",,Indirect Access to Sensitive Data,,,AC-4 Information Flow Enforcement (P1),AC-4 Information Flow Enforcement,"8.3.4 Sensitive Private Data (L1 L2 L3),14.2.2 Dependency (L1 L2 L3),14.3.2 Unintended Security Disclosure Requirements (L1 L2 L3),14.3.3 Unintended Security Disclosure Requirements (L1 L2 L3)","MASVS-STORAGE-1,MASVS-PLATFORM-2",M2 Insecure Data Storage,,,A05 Security Misconfiguration,Requirement 6.5.5,Requirement 6.2.4,Control Objective 3.6 - Sensitive Data Retention,Control Objective 3.6 - Sensitive Data Retention,Control Objective 3.6 - Sensitive Data Retention,,"APSC-DV-002480 CAT II,APSC-DV-002570 CAT II,APSC-DV-002580 CAT II","APSC-DV-002480 CAT II,APSC-DV-002570 CAT II,APSC-DV-002580 CAT II","APSC-DV-002480 CAT II,APSC-DV-002570 CAT II,APSC-DV-002580 CAT II",Information Leakage (WASC-13)
2026_SSE_mavit,1.0,Cross-Site Scripting: Reflected,UploadHandler.php,1116,jobs/40df99ae-e5ad-41dc-a710-6bacd5341271/work/Src/Hospital-Management-System/vendor/jquery-file-upload/server/php/UploadHandler.php,Critical,Security Auditor View,Critical,false,,,,,false,false,UPDATED,Tue May 26 16:32:50 CEST 2026,,false,false,false,SCA,STATIC,Data Flow,F9CB8F3E-C813-44CF-AF70-9BFA6609105D,B523A490406E9926B602B373F6EEEC68,5.0,5.0,4.0,5.0,Input Validation and Representation,Cross-Site Scripting: Reflected,"CWE ID 79,CWE ID 80",[2] CWE ID 079,[2] CWE ID 079,"CCI-001310,CCI-002754",SI,Indirect Access to Sensitive Data,,,SI-10 Information Input Validation (P1),SI-10 Information Input Validation,"5.3.3 Output Encoding and Injection Prevention Requirements (L1 L2 L3),5.3.6 Output Encoding and Injection Prevention Requirements (L1 L2 L3)",,M7 Client Side Injection,A3 Cross-Site Scripting (XSS),A7 Cross-Site Scripting (XSS),A03 Injection,Requirement 6.5.7,Requirement 6.2.4,Control Objective 4.2 - Critical Asset Protection,"Control Objective 4.2 - Critical Asset Protection,Control Objective B.3.1 - Terminal Software Attack Mitigation,Control Objective B.3.1.1 - Terminal Software Attack Mitigation","Control Objective 4.2 - Critical Asset Protection,Control Objective B.3.1 - Terminal Software Attack Mitigation,Control Objective B.3.1.1 - Terminal Software Attack Mitigation,Control Objective C.3.2 - Web Software Attack Mitigation",Insecure Interaction - CWE ID 079,"APSC-DV-002490 CAT I,APSC-DV-002560 CAT I","APSC-DV-002490 CAT I,APSC-DV-002560 CAT I","APSC-DV-002490 CAT I,APSC-DV-002560 CAT I",Cross-Site Scripting (WASC-08)
2026_SSE_mavit,1.0,System Information Leak: External,UploadHandler.php,1116,jobs/40df99ae-e5ad-41dc-a710-6bacd5341271/work/Src/Hospital-Management-System/vendor/jquery-file-upload/server/php/UploadHandler.php,Low,Security Auditor View,Low,false,,,,,false,false,UPDATED,Tue May 26 16:32:50 CEST 2026,,false,false,false,SCA,STATIC,Data Flow,35EE2631-51F2-4696-9594-ECDEC9B56244,B6FE3236895043B32460383BAB0C15EB,2.0,0.8,3.0,5.0,Encapsulation,System Information Leak: External,"CWE ID 215,CWE ID 489,CWE ID 497",[20] CWE ID 200,,"CCI-001312,CCI-001314,CCI-002420",,Indirect Access to Sensitive Data,,,AC-4 Information Flow Enforcement (P1),AC-4 Information Flow Enforcement,"8.3.4 Sensitive Private Data (L1 L2 L3),14.2.2 Dependency (L1 L2 L3),14.3.2 Unintended Security Disclosure Requirements (L1 L2 L3),14.3.3 Unintended Security Disclosure Requirements (L1 L2 L3)","MASVS-STORAGE-1,MASVS-PLATFORM-2",M2 Insecure Data Storage,,,A05 Security Misconfiguration,Requirement 6.5.5,Requirement 6.2.4,Control Objective 3.6 - Sensitive Data Retention,Control Objective 3.6 - Sensitive Data Retention,Control Objective 3.6 - Sensitive Data Retention,,"APSC-DV-002480 CAT II,APSC-DV-002570 CAT II,APSC-DV-002580 CAT II","APSC-DV-002480 CAT II,APSC-DV-002570 CAT II,APSC-DV-002580 CAT II","APSC-DV-002480 CAT II,APSC-DV-002570 CAT II,APSC-DV-002580 CAT II",Information Leakage (WASC-13)
2026_SSE_mavit,1.0,System Information Leak: External,UploadHandler.php,1116,jobs/40df99ae-e5ad-41dc-a710-6bacd5341271/work/Src/Hospital-Management-System/vendor/jquery-file-upload/server/php/UploadHandler.php,Low,Security Auditor View,Low,false,,,,,false,false,UPDATED,Tue May 26 16:32:50 CEST 2026,,false,false,false,SCA,STATIC,Data Flow,35EE2631-51F2-4696-9594-ECDEC9B56244,BBC9057C2C654EE626F1424DA8FB4A61,2.0,0.8,3.0,5.0,Encapsulation,System Information Leak: External,"CWE ID 215,CWE ID 489,CWE ID 497",[20] CWE ID 200,,"CCI-001312,CCI-001314,CCI-002420",,Indirect Access to Sensitive Data,,,AC-4 Information Flow Enforcement (P1),AC-4 Information Flow Enforcement,"8.3.4 Sensitive Private Data (L1 L2 L3),14.2.2 Dependency (L1 L2 L3),14.3.2 Unintended Security Disclosure Requirements (L1 L2 L3),14.3.3 Unintended Security Disclosure Requirements (L1 L2 L3)","MASVS-STORAGE-1,MASVS-PLATFORM-2",M2 Insecure Data Storage,,,A05 Security Misconfiguration,Requirement 6.5.5,Requirement 6.2.4,Control Objective 3.6 - Sensitive Data Retention,Control Objective 3.6 - Sensitive Data Retention,Control Objective 3.6 - Sensitive Data Retention,,"APSC-DV-002480 CAT II,APSC-DV-002570 CAT II,APSC-DV-002580 CAT II","APSC-DV-002480 CAT II,APSC-DV-002570 CAT II,APSC-DV-002580 CAT II","APSC-DV-002480 CAT II,APSC-DV-002570 CAT II,APSC-DV-002580 CAT II",Information Leakage (WASC-13)
2026_SSE_mavit,1.0,System Information Leak: External,UploadHandler.php,1116,jobs/40df99ae-e5ad-41dc-a710-6bacd5341271/work/Src/Hospital-Management-System/vendor/jquery-file-upload/server/php/UploadHandler.php,Low,Security Auditor View,Low,false,,,,,false,false,UPDATED,Tue May 26 16:32:50 CEST 2026,,false,false,false,SCA,STATIC,Data Flow,35EE2631-51F2-4696-9594-ECDEC9B56244,CC7AF9B7AAD35B47F9B4965781E7E8A2,2.0,0.8,3.0,5.0,Encapsulation,System Information Leak: External,"CWE ID 215,CWE ID 489,CWE ID 497",[20] CWE ID 200,,"CCI-001312,CCI-001314,CCI-002420",,Indirect Access to Sensitive Data,,,AC-4 Information Flow Enforcement (P1),AC-4 Information Flow Enforcement,"8.3.4 Sensitive Private Data (L1 L2 L3),14.2.2 Dependency (L1 L2 L3),14.3.2 Unintended Security Disclosure Requirements (L1 L2 L3),14.3.3 Unintended Security Disclosure Requirements (L1 L2 L3)","MASVS-STORAGE-1,MASVS-PLATFORM-2",M2 Insecure Data Storage,,,A05 Security Misconfiguration,Requirement 6.5.5,Requirement 6.2.4,Control Objective 3.6 - Sensitive Data Retention,Control Objective 3.6 - Sensitive Data Retention,Control Objective 3.6 - Sensitive Data Retention,,"APSC-DV-002480 CAT II,APSC-DV-002570 CAT II,APSC-DV-002580 CAT II","APSC-DV-002480 CAT II,APSC-DV-002570 CAT II,APSC-DV-002580 CAT II","APSC-DV-002480 CAT II,APSC-DV-002570 CAT II,APSC-DV-002580 CAT II",Information Leakage (WASC-13)
2026_SSE_mavit,1.0,System Information Leak: External,UploadHandler.php,1116,jobs/40df99ae-e5ad-41dc-a710-6bacd5341271/work/Src/Hospital-Management-System/vendor/jquery-file-upload/server/php/UploadHandler.php,Low,Security Auditor View,Low,false,,,,,false,false,UPDATED,Tue May 26 16:32:50 CEST 2026,,false,false,false,SCA,STATIC,Data Flow,35EE2631-51F2-4696-9594-ECDEC9B56244,DF0CFEC679CCBAF0012B096D047D19F6,2.0,0.8,3.0,5.0,Encapsulation,System Information Leak: External,"CWE ID 215,CWE ID 489,CWE ID 497",[20] CWE ID 200,,"CCI-001312,CCI-001314,CCI-002420",,Indirect Access to Sensitive Data,,,AC-4 Information Flow Enforcement (P1),AC-4 Information Flow Enforcement,"8.3.4 Sensitive Private Data (L1 L2 L3),14.2.2 Dependency (L1 L2 L3),14.3.2 Unintended Security Disclosure Requirements (L1 L2 L3),14.3.3 Unintended Security Disclosure Requirements (L1 L2 L3)","MASVS-STORAGE-1,MASVS-PLATFORM-2",M2 Insecure Data Storage,,,A05 Security Misconfiguration,Requirement 6.5.5,Requirement 6.2.4,Control Objective 3.6 - Sensitive Data Retention,Control Objective 3.6 - Sensitive Data Retention,Control Objective 3.6 - Sensitive Data Retention,,"APSC-DV-002480 CAT II,APSC-DV-002570 CAT II,APSC-DV-002580 CAT II","APSC-DV-002480 CAT II,APSC-DV-002570 CAT II,APSC-DV-002580 CAT II","APSC-DV-002480 CAT II,APSC-DV-002570 CAT II,APSC-DV-002580 CAT II",Information Leakage (WASC-13)
2026_SSE_mavit,1.0,Header Manipulation,UploadHandler.php,1120,jobs/40df99ae-e5ad-41dc-a710-6bacd5341271/work/Src/Hospital-Management-System/vendor/jquery-file-upload/server/php/UploadHandler.php,High,Security Auditor View,High,false,,,,,false,false,UPDATED,Tue May 26 16:32:50 CEST 2026,,false,false,false,SCA,STATIC,Data Flow,34918516-B6BC-4dd7-9428-5811C1D01CC0,17E28C845AF6B0089D9A5F895490D40B,3.0,2.4,4.0,5.0,Input Validation and Representation,Header Manipulation,CWE ID 113,,,CCI-002754,SI,Indirect Access to Sensitive Data,,,SI-10 Information Input Validation (P1),SI-10 Information Input Validation,,"MASVS-PLATFORM-1,MASVS-CODE-4",M8 Security Decisions Via Untrusted Inputs,A1 Injection,A1 Injection,A03 Injection,Requirement 6.5.1,Requirement 6.2.4,Control Objective 4.2 - Critical Asset Protection,"Control Objective 4.2 - Critical Asset Protection,Control Objective B.3.1 - Terminal Software Attack Mitigation,Control Objective B.3.1.1 - Terminal Software Attack Mitigation","Control Objective 4.2 - Critical Asset Protection,Control Objective B.3.1 - Terminal Software Attack Mitigation,Control Objective B.3.1.1 - Terminal Software Attack Mitigation,Control Objective C.3.2 - Web Software Attack Mitigation",,APSC-DV-002560 CAT I,APSC-DV-002560 CAT I,APSC-DV-002560 CAT I,HTTP Response Splitting (WASC-25)
2026_SSE_mavit,1.0,Header Manipulation,UploadHandler.php,1120,jobs/40df99ae-e5ad-41dc-a710-6bacd5341271/work/Src/Hospital-Management-System/vendor/jquery-file-upload/server/php/UploadHandler.php,High,Security Auditor View,High,false,,,,,false,false,UPDATED,Tue May 26 16:32:50 CEST 2026,,false,false,false,SCA,STATIC,Data Flow,34918516-B6BC-4dd7-9428-5811C1D01CC0,2AA90B29FF4FDCF8FD28E432F266A67C,3.0,2.4,4.0,5.0,Input Validation and Representation,Header Manipulation,CWE ID 113,,,CCI-002754,SI,Indirect Access to Sensitive Data,,,SI-10 Information Input Validation (P1),SI-10 Information Input Validation,,"MASVS-PLATFORM-1,MASVS-CODE-4",M8 Security Decisions Via Untrusted Inputs,A1 Injection,A1 Injection,A03 Injection,Requirement 6.5.1,Requirement 6.2.4,Control Objective 4.2 - Critical Asset Protection,"Control Objective 4.2 - Critical Asset Protection,Control Objective B.3.1 - Terminal Software Attack Mitigation,Control Objective B.3.1.1 - Terminal Software Attack Mitigation","Control Objective 4.2 - Critical Asset Protection,Control Objective B.3.1 - Terminal Software Attack Mitigation,Control Objective B.3.1.1 - Terminal Software Attack Mitigation,Control Objective C.3.2 - Web Software Attack Mitigation",,APSC-DV-002560 CAT I,APSC-DV-002560 CAT I,APSC-DV-002560 CAT I,HTTP Response Splitting (WASC-25)
2026_SSE_mavit,1.0,Header Manipulation,UploadHandler.php,1120,jobs/40df99ae-e5ad-41dc-a710-6bacd5341271/work/Src/Hospital-Management-System/vendor/jquery-file-upload/server/php/UploadHandler.php,Low,Security Auditor View,Low,false,,,,,false,false,UPDATED,Tue May 26 16:32:50 CEST 2026,,false,false,false,SCA,STATIC,Data Flow,E1500B74-1782-46FB-9122-C66AA963A720,ACC0EB1C9868637F71039FAE75A551B5,2.0,1.6,4.0,5.0,Input Validation and Representation,Header Manipulation,CWE ID 113,,,CCI-002754,SI,Indirect Access to Sensitive Data,,,SI-10 Information Input Validation (P1),SI-10 Information Input Validation,,"MASVS-PLATFORM-1,MASVS-CODE-4",M8 Security Decisions Via Untrusted Inputs,A1 Injection,A1 Injection,A03 Injection,Requirement 6.5.1,Requirement 6.2.4,Control Objective 4.2 - Critical Asset Protection,"Control Objective 4.2 - Critical Asset Protection,Control Objective B.3.1 - Terminal Software Attack Mitigation,Control Objective B.3.1.1 - Terminal Software Attack Mitigation","Control Objective 4.2 - Critical Asset Protection,Control Objective B.3.1 - Terminal Software Attack Mitigation,Control Objective B.3.1.1 - Terminal Software Attack Mitigation,Control Objective C.3.2 - Web Software Attack Mitigation",,APSC-DV-002560 CAT I,APSC-DV-002560 CAT I,APSC-DV-002560 CAT I,HTTP Response Splitting (WASC-25)
2026_SSE_mavit,1.0,Path Manipulation,UploadHandler.php,1359,jobs/40df99ae-e5ad-41dc-a710-6bacd5341271/work/Src/Hospital-Management-System/vendor/jquery-file-upload/server/php/UploadHandler.php,Critical,Security Auditor View,Critical,false,,,,,false,false,UPDATED,Tue May 26 16:32:50 CEST 2026,,false,false,false,SCA,STATIC,Data Flow,39C8F541-9D6D-4BFC-ADD4-9C6A0D457548,5FC8E48F28AD2B2FABAA9288F640FBC5,3.0,3.2,3.0,5.0,Input Validation and Representation,Path Manipulation,"CWE ID 22,CWE ID 73",[8] CWE ID 022,[8] CWE ID 022,CCI-002754,SI,Access Violation,Rule 1.3,Rule 0-3-1,SI-10 Information Input Validation (P1),SI-10 Information Input Validation,"5.2.2 Sanitization and Sandboxing Requirements (L1 L2 L3),12.3.1 File Execution Requirements (L1 L2 L3),12.3.2 File Execution Requirements (L1 L2 L3)","MASVS-PLATFORM-1,MASVS-CODE-4",M8 Security Decisions Via Untrusted Inputs,A4 Insecure Direct Object References,A5 Broken Access Control,A01 Broken Access Control,Requirement 6.5.8,Requirement 6.2.4,"Control Objective 4.2 - Critical Asset Protection,Control Objective 5.4 - Authentication and Access Control","Control Objective 4.2 - Critical Asset Protection,Control Objective 5.4 - Authentication and Access Control,Control Objective B.3.1 - Terminal Software Attack Mitigation,Control Objective B.3.1.1 - Terminal Software Attack Mitigation","Control Objective 4.2 - Critical Asset Protection,Control Objective 5.4 - Authentication and Access Control,Control Objective B.3.1 - Terminal Software Attack Mitigation,Control Objective B.3.1.1 - Terminal Software Attack Mitigation,Control Objective C.2.3 - Web Software Access Controls,Control Objective C.3.2 - Web Software Attack Mitigation",Risky Resource Management - CWE ID 022,APSC-DV-002560 CAT I,APSC-DV-002560 CAT I,APSC-DV-002560 CAT I,Path Traversal (WASC-33)
2026_SSE_mavit,1.0,Path Manipulation,UploadHandler.php,1365,jobs/40df99ae-e5ad-41dc-a710-6bacd5341271/work/Src/Hospital-Management-System/vendor/jquery-file-upload/server/php/UploadHandler.php,Critical,Security Auditor View,Critical,false,,,,,false,false,UPDATED,Tue May 26 16:32:50 CEST 2026,,false,false,false,SCA,STATIC,Data Flow,39C8F541-9D6D-4BFC-ADD4-9C6A0D457548,FF9654167122ECA2CF01A107F6C7455E,3.0,3.2,3.0,5.0,Input Validation and Representation,Path Manipulation,"CWE ID 22,CWE ID 73",[8] CWE ID 022,[8] CWE ID 022,CCI-002754,SI,Access Violation,Rule 1.3,Rule 0-3-1,SI-10 Information Input Validation (P1),SI-10 Information Input Validation,"5.2.2 Sanitization and Sandboxing Requirements (L1 L2 L3),12.3.1 File Execution Requirements (L1 L2 L3),12.3.2 File Execution Requirements (L1 L2 L3)","MASVS-PLATFORM-1,MASVS-CODE-4",M8 Security Decisions Via Untrusted Inputs,A4 Insecure Direct Object References,A5 Broken Access Control,A01 Broken Access Control,Requirement 6.5.8,Requirement 6.2.4,"Control Objective 4.2 - Critical Asset Protection,Control Objective 5.4 - Authentication and Access Control","Control Objective 4.2 - Critical Asset Protection,Control Objective 5.4 - Authentication and Access Control,Control Objective B.3.1 - Terminal Software Attack Mitigation,Control Objective B.3.1.1 - Terminal Software Attack Mitigation","Control Objective 4.2 - Critical Asset Protection,Control Objective 5.4 - Authentication and Access Control,Control Objective B.3.1 - Terminal Software Attack Mitigation,Control Objective B.3.1.1 - Terminal Software Attack Mitigation,Control Objective C.2.3 - Web Software Access Controls,Control Objective C.3.2 - Web Software Attack Mitigation",Risky Resource Management - CWE ID 022,APSC-DV-002560 CAT I,APSC-DV-002560 CAT I,APSC-DV-002560 CAT I,Path Traversal (WASC-33)
2026_SSE_mavit,1.0,SQL Injection,admin-panel.php,42,jobs/40df99ae-e5ad-41dc-a710-6bacd5341271/work/Src/Hospital-Management-System/admin-panel.php,Critical,Security Auditor View,Critical,false,,,,,false,false,UPDATED,Tue May 26 16:32:50 CEST 2026,,false,false,false,SCA,STATIC,Data Flow,FF858C20-4BCD-4EBA-8DBA-F1502AB06D2E,D1CA1AA7DE6C2CE47E015C7E91517DEF,5.0,5.0,4.0,5.0,Input Validation and Representation,SQL Injection,CWE ID 89,[6] CWE ID 089,[3] CWE ID 089,"CCI-001310,CCI-002754",SI,Indirect Access to Sensitive Data,Rule 1.3,Rule 0-3-1,SI-10 Information Input Validation (P1),SI-10 Information Input Validation,"5.3.4 Output Encoding and Injection Prevention Requirements (L1 L2 L3),5.3.5 Output Encoding and Injection Prevention Requirements (L1 L2 L3)",MASVS-CODE-4,M7 Client Side Injection,A1 Injection,A1 Injection,A03 Injection,Requirement 6.5.1,Requirement 6.2.4,Control Objective 4.2 - Critical Asset Protection,"Control Objective 4.2 - Critical Asset Protection,Control Objective B.3.1 - Terminal Software Attack Mitigation,Control Objective B.3.1.1 - Terminal Software Attack Mitigation","Control Objective 4.2 - Critical Asset Protection,Control Objective B.3.1 - Terminal Software Attack Mitigation,Control Objective B.3.1.1 - Terminal Software Attack Mitigation,Control Objective C.3.2 - Web Software Attack Mitigation",Insecure Interaction - CWE ID 089,"APSC-DV-002540 CAT I,APSC-DV-002560 CAT I","APSC-DV-002540 CAT I,APSC-DV-002560 CAT I","APSC-DV-002540 CAT I,APSC-DV-002560 CAT I",SQL Injection (WASC-19)
2026_SSE_mavit,1.0,SQL Injection,admin-panel.php,42,jobs/40df99ae-e5ad-41dc-a710-6bacd5341271/work/Src/Hospital-Management-System/admin-panel.php,Critical,Security Auditor View,Critical,false,,,,,false,false,UPDATED,Tue May 26 16:32:50 CEST 2026,,false,false,false,SCA,STATIC,Data Flow,FF858C20-4BCD-4EBA-8DBA-F1502AB06D2E,F15382D61737F11E965EAC1A22CFA6AC,5.0,5.0,4.0,5.0,Input Validation and Representation,SQL Injection,CWE ID 89,[6] CWE ID 089,[3] CWE ID 089,"CCI-001310,CCI-002754",SI,Indirect Access to Sensitive Data,Rule 1.3,Rule 0-3-1,SI-10 Information Input Validation (P1),SI-10 Information Input Validation,"5.3.4 Output Encoding and Injection Prevention Requirements (L1 L2 L3),5.3.5 Output Encoding and Injection Prevention Requirements (L1 L2 L3)",MASVS-CODE-4,M7 Client Side Injection,A1 Injection,A1 Injection,A03 Injection,Requirement 6.5.1,Requirement 6.2.4,Control Objective 4.2 - Critical Asset Protection,"Control Objective 4.2 - Critical Asset Protection,Control Objective B.3.1 - Terminal Software Attack Mitigation,Control Objective B.3.1.1 - Terminal Software Attack Mitigation","Control Objective 4.2 - Critical Asset Protection,Control Objective B.3.1 - Terminal Software Attack Mitigation,Control Objective B.3.1.1 - Terminal Software Attack Mitigation,Control Objective C.3.2 - Web Software Attack Mitigation",Insecure Interaction - CWE ID 089,"APSC-DV-002540 CAT I,APSC-DV-002560 CAT I","APSC-DV-002540 CAT I,APSC-DV-002560 CAT I","APSC-DV-002540 CAT I,APSC-DV-002560 CAT I",SQL Injection (WASC-19)
2026_SSE_mavit,1.0,SQL Injection,admin-panel.php,42,jobs/40df99ae-e5ad-41dc-a710-6bacd5341271/work/Src/Hospital-Management-System/admin-panel.php,Critical,Security Auditor View,Critical,false,,,,,false,false,UPDATED,Tue May 26 16:32:50 CEST 2026,,false,false,false,SCA,STATIC,Data Flow,FF858C20-4BCD-4EBA-8DBA-F1502AB06D2E,F97CB509C578CAF5C009133062F19513,5.0,5.0,4.0,5.0,Input Validation and Representation,SQL Injection,CWE ID 89,[6] CWE ID 089,[3] CWE ID 089,"CCI-001310,CCI-002754",SI,Indirect Access to Sensitive Data,Rule 1.3,Rule 0-3-1,SI-10 Information Input Validation (P1),SI-10 Information Input Validation,"5.3.4 Output Encoding and Injection Prevention Requirements (L1 L2 L3),5.3.5 Output Encoding and Injection Prevention Requirements (L1 L2 L3)",MASVS-CODE-4,M7 Client Side Injection,A1 Injection,A1 Injection,A03 Injection,Requirement 6.5.1,Requirement 6.2.4,Control Objective 4.2 - Critical Asset Protection,"Control Objective 4.2 - Critical Asset Protection,Control Objective B.3.1 - Terminal Software Attack Mitigation,Control Objective B.3.1.1 - Terminal Software Attack Mitigation","Control Objective 4.2 - Critical Asset Protection,Control Objective B.3.1 - Terminal Software Attack Mitigation,Control Objective B.3.1.1 - Terminal Software Attack Mitigation,Control Objective C.3.2 - Web Software Attack Mitigation",Insecure Interaction - CWE ID 089,"APSC-DV-002540 CAT I,APSC-DV-002560 CAT I","APSC-DV-002540 CAT I,APSC-DV-002560 CAT I","APSC-DV-002540 CAT I,APSC-DV-002560 CAT I",SQL Injection (WASC-19)
2026_SSE_mavit,1.0,SQL Injection,admin-panel.php,45,jobs/40df99ae-e5ad-41dc-a710-6bacd5341271/work/Src/Hospital-Management-System/admin-panel.php,Critical,Security Auditor View,Critical,false,,,,,false,false,UPDATED,Tue May 26 16:32:50 CEST 2026,,false,false,false,SCA,STATIC,Data Flow,FF858C20-4BCD-4EBA-8DBA-F1502AB06D2E,1613567ACC4BEB7E3383938FB082B713,5.0,5.0,4.0,5.0,Input Validation and Representation,SQL Injection,CWE ID 89,[6] CWE ID 089,[3] CWE ID 089,"CCI-001310,CCI-002754",SI,Indirect Access to Sensitive Data,Rule 1.3,Rule 0-3-1,SI-10 Information Input Validation (P1),SI-10 Information Input Validation,"5.3.4 Output Encoding and Injection Prevention Requirements (L1 L2 L3),5.3.5 Output Encoding and Injection Prevention Requirements (L1 L2 L3)",MASVS-CODE-4,M7 Client Side Injection,A1 Injection,A1 Injection,A03 Injection,Requirement 6.5.1,Requirement 6.2.4,Control Objective 4.2 - Critical Asset Protection,"Control Objective 4.2 - Critical Asset Protection,Control Objective B.3.1 - Terminal Software Attack Mitigation,Control Objective B.3.1.1 - Terminal Software Attack Mitigation","Control Objective 4.2 - Critical Asset Protection,Control Objective B.3.1 - Terminal Software Attack Mitigation,Control Objective B.3.1.1 - Terminal Software Attack Mitigation,Control Objective C.3.2 - Web Software Attack Mitigation",Insecure Interaction - CWE ID 089,"APSC-DV-002540 CAT I,APSC-DV-002560 CAT I","APSC-DV-002540 CAT I,APSC-DV-002560 CAT I","APSC-DV-002540 CAT I,APSC-DV-002560 CAT I",SQL Injection (WASC-19)
2026_SSE_mavit,1.0,SQL Injection,admin-panel.php,45,jobs/40df99ae-e5ad-41dc-a710-6bacd5341271/work/Src/Hospital-Management-System/admin-panel.php,Critical,Security Auditor View,Critical,false,,,,,false,false,UPDATED,Tue May 26 16:32:50 CEST 2026,,false,false,false,SCA,STATIC,Data Flow,FF858C20-4BCD-4EBA-8DBA-F1502AB06D2E,22B64167DAF7E058B32F2CCEF1A923D9,5.0,5.0,4.0,5.0,Input Validation and Representation,SQL Injection,CWE ID 89,[6] CWE ID 089,[3] CWE ID 089,"CCI-001310,CCI-002754",SI,Indirect Access to Sensitive Data,Rule 1.3,Rule 0-3-1,SI-10 Information Input Validation (P1),SI-10 Information Input Validation,"5.3.4 Output Encoding and Injection Prevention Requirements (L1 L2 L3),5.3.5 Output Encoding and Injection Prevention Requirements (L1 L2 L3)",MASVS-CODE-4,M7 Client Side Injection,A1 Injection,A1 Injection,A03 Injection,Requirement 6.5.1,Requirement 6.2.4,Control Objective 4.2 - Critical Asset Protection,"Control Objective 4.2 - Critical Asset Protection,Control Objective B.3.1 - Terminal Software Attack Mitigation,Control Objective B.3.1.1 - Terminal Software Attack Mitigation","Control Objective 4.2 - Critical Asset Protection,Control Objective B.3.1 - Terminal Software Attack Mitigation,Control Objective B.3.1.1 - Terminal Software Attack Mitigation,Control Objective C.3.2 - Web Software Attack Mitigation",Insecure Interaction - CWE ID 089,"APSC-DV-002540 CAT I,APSC-DV-002560 CAT I","APSC-DV-002540 CAT I,APSC-DV-002560 CAT I","APSC-DV-002540 CAT I,APSC-DV-002560 CAT I",SQL Injection (WASC-19)
2026_SSE_mavit,1.0,SQL Injection,admin-panel.php,45,jobs/40df99ae-e5ad-41dc-a710-6bacd5341271/work/Src/Hospital-Management-System/admin-panel.php,Critical,Security Auditor View,Critical,false,,,,,false,false,UPDATED,Tue May 26 16:32:50 CEST 2026,,false,false,false,SCA,STATIC,Data Flow,FF858C20-4BCD-4EBA-8DBA-F1502AB06D2E,B7414CA67D1D41C5E22DAA98A16B3816,5.0,5.0,4.0,5.0,Input Validation and Representation,SQL Injection,CWE ID 89,[6] CWE ID 089,[3] CWE ID 089,"CCI-001310,CCI-002754",SI,Indirect Access to Sensitive Data,Rule 1.3,Rule 0-3-1,SI-10 Information Input Validation (P1),SI-10 Information Input Validation,"5.3.4 Output Encoding and Injection Prevention Requirements (L1 L2 L3),5.3.5 Output Encoding and Injection Prevention Requirements (L1 L2 L3)",MASVS-CODE-4,M7 Client Side Injection,A1 Injection,A1 Injection,A03 Injection,Requirement 6.5.1,Requirement 6.2.4,Control Objective 4.2 - Critical Asset Protection,"Control Objective 4.2 - Critical Asset Protection,Control Objective B.3.1 - Terminal Software Attack Mitigation,Control Objective B.3.1.1 - Terminal Software Attack Mitigation","Control Objective 4.2 - Critical Asset Protection,Control Objective B.3.1 - Terminal Software Attack Mitigation,Control Objective B.3.1.1 - Terminal Software Attack Mitigation,Control Objective C.3.2 - Web Software Attack Mitigation",Insecure Interaction - CWE ID 089,"APSC-DV-002540 CAT I,APSC-DV-002560 CAT I","APSC-DV-002540 CAT I,APSC-DV-002560 CAT I","APSC-DV-002540 CAT I,APSC-DV-002560 CAT I",SQL Injection (WASC-19)
2026_SSE_mavit,1.0,SQL Injection,admin-panel.php,45,jobs/40df99ae-e5ad-41dc-a710-6bacd5341271/work/Src/Hospital-Management-System/admin-panel.php,Critical,Security Auditor View,Critical,false,,,,,false,false,UPDATED,Tue May 26 16:32:50 CEST 2026,,false,false,false,SCA,STATIC,Data Flow,FF858C20-4BCD-4EBA-8DBA-F1502AB06D2E,C864C1AA5EBB69D62B91BD2002764588,5.0,5.0,4.0,5.0,Input Validation and Representation,SQL Injection,CWE ID 89,[6] CWE ID 089,[3] CWE ID 089,"CCI-001310,CCI-002754",SI,Indirect Access to Sensitive Data,Rule 1.3,Rule 0-3-1,SI-10 Information Input Validation (P1),SI-10 Information Input Validation,"5.3.4 Output Encoding and Injection Prevention Requirements (L1 L2 L3),5.3.5 Output Encoding and Injection Prevention Requirements (L1 L2 L3)",MASVS-CODE-4,M7 Client Side Injection,A1 Injection,A1 Injection,A03 Injection,Requirement 6.5.1,Requirement 6.2.4,Control Objective 4.2 - Critical Asset Protection,"Control Objective 4.2 - Critical Asset Protection,Control Objective B.3.1 - Terminal Software Attack Mitigation,Control Objective B.3.1.1 - Terminal Software Attack Mitigation","Control Objective 4.2 - Critical Asset Protection,Control Objective B.3.1 - Terminal Software Attack Mitigation,Control Objective B.3.1.1 - Terminal Software Attack Mitigation,Control Objective C.3.2 - Web Software Attack Mitigation",Insecure Interaction - CWE ID 089,"APSC-DV-002540 CAT I,APSC-DV-002560 CAT I","APSC-DV-002540 CAT I,APSC-DV-002560 CAT I","APSC-DV-002540 CAT I,APSC-DV-002560 CAT I",SQL Injection (WASC-19)
2026_SSE_mavit,1.0,SQL Injection,admin-panel.php,45,jobs/40df99ae-e5ad-41dc-a710-6bacd5341271/work/Src/Hospital-Management-System/admin-panel.php,Critical,Security Auditor View,Critical,false,,,,,false,false,UPDATED,Tue May 26 16:32:50 CEST 2026,,false,false,false,SCA,STATIC,Data Flow,FF858C20-4BCD-4EBA-8DBA-F1502AB06D2E,F9A6AC60F2D9E101B288296A954A517C,5.0,5.0,4.0,5.0,Input Validation and Representation,SQL Injection,CWE ID 89,[6] CWE ID 089,[3] CWE ID 089,"CCI-001310,CCI-002754",SI,Indirect Access to Sensitive Data,Rule 1.3,Rule 0-3-1,SI-10 Information Input Validation (P1),SI-10 Information Input Validation,"5.3.4 Output Encoding and Injection Prevention Requirements (L1 L2 L3),5.3.5 Output Encoding and Injection Prevention Requirements (L1 L2 L3)",MASVS-CODE-4,M7 Client Side Injection,A1 Injection,A1 Injection,A03 Injection,Requirement 6.5.1,Requirement 6.2.4,Control Objective 4.2 - Critical Asset Protection,"Control Objective 4.2 - Critical Asset Protection,Control Objective B.3.1 - Terminal Software Attack Mitigation,Control Objective B.3.1.1 - Terminal Software Attack Mitigation","Control Objective 4.2 - Critical Asset Protection,Control Objective B.3.1 - Terminal Software Attack Mitigation,Control Objective B.3.1.1 - Terminal Software Attack Mitigation,Control Objective C.3.2 - Web Software Attack Mitigation",Insecure Interaction - CWE ID 089,"APSC-DV-002540 CAT I,APSC-DV-002560 CAT I","APSC-DV-002540 CAT I,APSC-DV-002560 CAT I","APSC-DV-002540 CAT I,APSC-DV-002560 CAT I",SQL Injection (WASC-19)
2026_SSE_mavit,1.0,SQL Injection,admin-panel.php,71,jobs/40df99ae-e5ad-41dc-a710-6bacd5341271/work/Src/Hospital-Management-System/admin-panel.php,Critical,Security Auditor View,Critical,false,,,,,false,false,UPDATED,Tue May 26 16:32:50 CEST 2026,,false,false,false,SCA,STATIC,Data Flow,FF858C20-4BCD-4EBA-8DBA-F1502AB06D2E,C633381B228CB82FE5447CC7E06B1DF5,5.0,5.0,4.0,5.0,Input Validation and Representation,SQL Injection,CWE ID 89,[6] CWE ID 089,[3] CWE ID 089,"CCI-001310,CCI-002754",SI,Indirect Access to Sensitive Data,Rule 1.3,Rule 0-3-1,SI-10 Information Input Validation (P1),SI-10 Information Input Validation,"5.3.4 Output Encoding and Injection Prevention Requirements (L1 L2 L3),5.3.5 Output Encoding and Injection Prevention Requirements (L1 L2 L3)",MASVS-CODE-4,M7 Client Side Injection,A1 Injection,A1 Injection,A03 Injection,Requirement 6.5.1,Requirement 6.2.4,Control Objective 4.2 - Critical Asset Protection,"Control Objective 4.2 - Critical Asset Protection,Control Objective B.3.1 - Terminal Software Attack Mitigation,Control Objective B.3.1.1 - Terminal Software Attack Mitigation","Control Objective 4.2 - Critical Asset Protection,Control Objective B.3.1 - Terminal Software Attack Mitigation,Control Objective B.3.1.1 - Terminal Software Attack Mitigation,Control Objective C.3.2 - Web Software Attack Mitigation",Insecure Interaction - CWE ID 089,"APSC-DV-002540 CAT I,APSC-DV-002560 CAT I","APSC-DV-002540 CAT I,APSC-DV-002560 CAT I","APSC-DV-002540 CAT I,APSC-DV-002560 CAT I",SQL Injection (WASC-19)
2026_SSE_mavit,1.0,SQL Injection,admin-panel.php,86,jobs/40df99ae-e5ad-41dc-a710-6bacd5341271/work/Src/Hospital-Management-System/admin-panel.php,Critical,Security Auditor View,Critical,false,,,,,false,false,UPDATED,Tue May 26 16:32:50 CEST 2026,,false,false,false,SCA,STATIC,Data Flow,FF858C20-4BCD-4EBA-8DBA-F1502AB06D2E,3D9B2EF68163D3534707BB7838908769,5.0,5.0,4.0,5.0,Input Validation and Representation,SQL Injection,CWE ID 89,[6] CWE ID 089,[3] CWE ID 089,"CCI-001310,CCI-002754",SI,Indirect Access to Sensitive Data,Rule 1.3,Rule 0-3-1,SI-10 Information Input Validation (P1),SI-10 Information Input Validation,"5.3.4 Output Encoding and Injection Prevention Requirements (L1 L2 L3),5.3.5 Output Encoding and Injection Prevention Requirements (L1 L2 L3)",MASVS-CODE-4,M7 Client Side Injection,A1 Injection,A1 Injection,A03 Injection,Requirement 6.5.1,Requirement 6.2.4,Control Objective 4.2 - Critical Asset Protection,"Control Objective 4.2 - Critical Asset Protection,Control Objective B.3.1 - Terminal Software Attack Mitigation,Control Objective B.3.1.1 - Terminal Software Attack Mitigation","Control Objective 4.2 - Critical Asset Protection,Control Objective B.3.1 - Terminal Software Attack Mitigation,Control Objective B.3.1.1 - Terminal Software Attack Mitigation,Control Objective C.3.2 - Web Software Attack Mitigation",Insecure Interaction - CWE ID 089,"APSC-DV-002540 CAT I,APSC-DV-002560 CAT I","APSC-DV-002540 CAT I,APSC-DV-002560 CAT I","APSC-DV-002540 CAT I,APSC-DV-002560 CAT I",SQL Injection (WASC-19)
2026_SSE_mavit,1.0,SQL Injection,admin-panel.php,86,jobs/40df99ae-e5ad-41dc-a710-6bacd5341271/work/Src/Hospital-Management-System/admin-panel.php,Critical,Security Auditor View,Critical,false,,,,,false,false,UPDATED,Tue May 26 16:32:50 CEST 2026,,false,false,false,SCA,STATIC,Data Flow,FF858C20-4BCD-4EBA-8DBA-F1502AB06D2E,D2C83628E9B7BE1091ACCF3D89C6247B,5.0,5.0,4.0,5.0,Input Validation and Representation,SQL Injection,CWE ID 89,[6] CWE ID 089,[3] CWE ID 089,"CCI-001310,CCI-002754",SI,Indirect Access to Sensitive Data,Rule 1.3,Rule 0-3-1,SI-10 Information Input Validation (P1),SI-10 Information Input Validation,"5.3.4 Output Encoding and Injection Prevention Requirements (L1 L2 L3),5.3.5 Output Encoding and Injection Prevention Requirements (L1 L2 L3)",MASVS-CODE-4,M7 Client Side Injection,A1 Injection,A1 Injection,A03 Injection,Requirement 6.5.1,Requirement 6.2.4,Control Objective 4.2 - Critical Asset Protection,"Control Objective 4.2 - Critical Asset Protection,Control Objective B.3.1 - Terminal Software Attack Mitigation,Control Objective B.3.1.1 - Terminal Software Attack Mitigation","Control Objective 4.2 - Critical Asset Protection,Control Objective B.3.1 - Terminal Software Attack Mitigation,Control Objective B.3.1.1 - Terminal Software Attack Mitigation,Control Objective C.3.2 - Web Software Attack Mitigation",Insecure Interaction - CWE ID 089,"APSC-DV-002540 CAT I,APSC-DV-002560 CAT I","APSC-DV-002540 CAT I,APSC-DV-002560 CAT I","APSC-DV-002540 CAT I,APSC-DV-002560 CAT I",SQL Injection (WASC-19)
2026_SSE_mavit,1.0,Cross-Site Scripting: Persistent,admin-panel.php,225,jobs/40df99ae-e5ad-41dc-a710-6bacd5341271/work/Src/Hospital-Management-System/admin-panel.php,Critical,Security Auditor View,Critical,false,,,,,false,false,UPDATED,Tue May 26 16:32:50 CEST 2026,,false,false,false,SCA,STATIC,Data Flow,AF6C6C57-CA46-489C-B449-CFE4A5AB7202,EAFE83EB2CAEEB4449797B6AB3B225EB,5.0,5.0,4.0,5.0,Input Validation and Representation,Cross-Site Scripting: Persistent,"CWE ID 79,CWE ID 80",[2] CWE ID 079,[2] CWE ID 079,"CCI-001310,CCI-002754",SI,Indirect Access to Sensitive Data,,,SI-10 Information Input Validation (P1),SI-10 Information Input Validation,"5.3.3 Output Encoding and Injection Prevention Requirements (L1 L2 L3),5.3.6 Output Encoding and Injection Prevention Requirements (L1 L2 L3)",,M7 Client Side Injection,A3 Cross-Site Scripting (XSS),A7 Cross-Site Scripting (XSS),A03 Injection,Requirement 6.5.7,Requirement 6.2.4,Control Objective 4.2 - Critical Asset Protection,"Control Objective 4.2 - Critical Asset Protection,Control Objective B.3.1 - Terminal Software Attack Mitigation,Control Objective B.3.1.1 - Terminal Software Attack Mitigation","Control Objective 4.2 - Critical Asset Protection,Control Objective B.3.1 - Terminal Software Attack Mitigation,Control Objective B.3.1.1 - Terminal Software Attack Mitigation,Control Objective C.3.2 - Web Software Attack Mitigation",Insecure Interaction - CWE ID 079,"APSC-DV-002490 CAT I,APSC-DV-002560 CAT I","APSC-DV-002490 CAT I,APSC-DV-002560 CAT I","APSC-DV-002490 CAT I,APSC-DV-002560 CAT I",Cross-Site Scripting (WASC-08)
2026_SSE_mavit,1.0,Cross-Site Request Forgery,admin-panel.php,307,jobs/40df99ae-e5ad-41dc-a710-6bacd5341271/work/Src/Hospital-Management-System/admin-panel.php,Low,Security Auditor View,Low,false,,,,,false,false,UPDATED,Tue May 26 16:32:50 CEST 2026,,false,false,false,SCA,STATIC,Content,78E0700E-56FE-45A2-A11B-6A560F730576,61B7510FE088A68ACE164926753BE53E,2.0,0.4,2.0,5.0,Encapsulation,Cross-Site Request Forgery,CWE ID 352,[9] CWE ID 352,[9] CWE ID 352,"CCI-001310,CCI-001941,CCI-001942",,Access Violation,,,SC-23 Session Authenticity (P1),SC-23 Session Authenticity,"3.5.3 Token-based Session Management (L2 L3),4.2.2 Operation Level Access Control (L1 L2 L3),13.2.3 RESTful Web Service Verification Requirements (L1 L2 L3)",,M5 Poor Authorization and Authentication,A8 Cross-Site Request Forgery (CSRF),,A01 Broken Access Control,Requirement 6.5.9,Requirement 6.2.4,Control Objective 5.4 - Authentication and Access Control,Control Objective 5.4 - Authentication and Access Control,"Control Objective 5.4 - Authentication and Access Control,Control Objective C.2.3 - Web Software Access Controls",Insecure Interaction - CWE ID 352,"APSC-DV-001620 CAT II,APSC-DV-001630 CAT II,APSC-DV-002500 CAT II","APSC-DV-001620 CAT II,APSC-DV-001630 CAT II,APSC-DV-002500 CAT II","APSC-DV-001620 CAT II,APSC-DV-001630 CAT II,APSC-DV-002500 CAT II",Cross-Site Request Forgery (WASC-09)
2026_SSE_mavit,1.0,Cross-Site Scripting: Persistent,admin-panel.php,319,jobs/40df99ae-e5ad-41dc-a710-6bacd5341271/work/Src/Hospital-Management-System/admin-panel.php,Critical,Security Auditor View,Critical,false,,,,,false,false,UPDATED,Tue May 26 16:32:50 CEST 2026,,false,false,false,SCA,STATIC,Data Flow,AF6C6C57-CA46-489C-B449-CFE4A5AB7202,9A74B6FFDAA856BBDF229A86C9A67392,5.0,5.0,4.0,5.0,Input Validation and Representation,Cross-Site Scripting: Persistent,"CWE ID 79,CWE ID 80",[2] CWE ID 079,[2] CWE ID 079,"CCI-001310,CCI-002754",SI,Indirect Access to Sensitive Data,,,SI-10 Information Input Validation (P1),SI-10 Information Input Validation,"5.3.3 Output Encoding and Injection Prevention Requirements (L1 L2 L3),5.3.6 Output Encoding and Injection Prevention Requirements (L1 L2 L3)",,M7 Client Side Injection,A3 Cross-Site Scripting (XSS),A7 Cross-Site Scripting (XSS),A03 Injection,Requirement 6.5.7,Requirement 6.2.4,Control Objective 4.2 - Critical Asset Protection,"Control Objective 4.2 - Critical Asset Protection,Control Objective B.3.1 - Terminal Software Attack Mitigation,Control Objective B.3.1.1 - Terminal Software Attack Mitigation","Control Objective 4.2 - Critical Asset Protection,Control Objective B.3.1 - Terminal Software Attack Mitigation,Control Objective B.3.1.1 - Terminal Software Attack Mitigation,Control Objective C.3.2 - Web Software Attack Mitigation",Insecure Interaction - CWE ID 079,"APSC-DV-002490 CAT I,APSC-DV-002560 CAT I","APSC-DV-002490 CAT I,APSC-DV-002560 CAT I","APSC-DV-002490 CAT I,APSC-DV-002560 CAT I",Cross-Site Scripting (WASC-08)
2026_SSE_mavit,1.0,SQL Injection,admin-panel.php,473,jobs/40df99ae-e5ad-41dc-a710-6bacd5341271/work/Src/Hospital-Management-System/admin-panel.php,Critical,Security Auditor View,Critical,false,,,,,false,false,UPDATED,Tue May 26 16:32:50 CEST 2026,,false,false,false,SCA,STATIC,Data Flow,FF858C20-4BCD-4EBA-8DBA-F1502AB06D2E,3D1AC02AE04FF82CDEA813FA4D58F43F,5.0,5.0,4.0,5.0,Input Validation and Representation,SQL Injection,CWE ID 89,[6] CWE ID 089,[3] CWE ID 089,"CCI-001310,CCI-002754",SI,Indirect Access to Sensitive Data,Rule 1.3,Rule 0-3-1,SI-10 Information Input Validation (P1),SI-10 Information Input Validation,"5.3.4 Output Encoding and Injection Prevention Requirements (L1 L2 L3),5.3.5 Output Encoding and Injection Prevention Requirements (L1 L2 L3)",MASVS-CODE-4,M7 Client Side Injection,A1 Injection,A1 Injection,A03 Injection,Requirement 6.5.1,Requirement 6.2.4,Control Objective 4.2 - Critical Asset Protection,"Control Objective 4.2 - Critical Asset Protection,Control Objective B.3.1 - Terminal Software Attack Mitigation,Control Objective B.3.1.1 - Terminal Software Attack Mitigation","Control Objective 4.2 - Critical Asset Protection,Control Objective B.3.1 - Terminal Software Attack Mitigation,Control Objective B.3.1.1 - Terminal Software Attack Mitigation,Control Objective C.3.2 - Web Software Attack Mitigation",Insecure Interaction - CWE ID 089,"APSC-DV-002540 CAT I,APSC-DV-002560 CAT I","APSC-DV-002540 CAT I,APSC-DV-002560 CAT I","APSC-DV-002540 CAT I,APSC-DV-002560 CAT I",SQL Injection (WASC-19)
2026_SSE_mavit,1.0,Cross-Site Scripting: Persistent,admin-panel.php,482,jobs/40df99ae-e5ad-41dc-a710-6bacd5341271/work/Src/Hospital-Management-System/admin-panel.php,Critical,Security Auditor View,Critical,false,,,,,false,false,UPDATED,Tue May 26 16:32:50 CEST 2026,,false,false,false,SCA,STATIC,Data Flow,AF6C6C57-CA46-489C-B449-CFE4A5AB7202,91D92A407A0BE2886687D6E8196A9C3C,5.0,5.0,4.0,5.0,Input Validation and Representation,Cross-Site Scripting: Persistent,"CWE ID 79,CWE ID 80",[2] CWE ID 079,[2] CWE ID 079,"CCI-001310,CCI-002754",SI,Indirect Access to Sensitive Data,,,SI-10 Information Input Validation (P1),SI-10 Information Input Validation,"5.3.3 Output Encoding and Injection Prevention Requirements (L1 L2 L3),5.3.6 Output Encoding and Injection Prevention Requirements (L1 L2 L3)",,M7 Client Side Injection,A3 Cross-Site Scripting (XSS),A7 Cross-Site Scripting (XSS),A03 Injection,Requirement 6.5.7,Requirement 6.2.4,Control Objective 4.2 - Critical Asset Protection,"Control Objective 4.2 - Critical Asset Protection,Control Objective B.3.1 - Terminal Software Attack Mitigation,Control Objective B.3.1.1 - Terminal Software Attack Mitigation","Control Objective 4.2 - Critical Asset Protection,Control Objective B.3.1 - Terminal Software Attack Mitigation,Control Objective B.3.1.1 - Terminal Software Attack Mitigation,Control Objective C.3.2 - Web Software Attack Mitigation",Insecure Interaction - CWE ID 079,"APSC-DV-002490 CAT I,APSC-DV-002560 CAT I","APSC-DV-002490 CAT I,APSC-DV-002560 CAT I","APSC-DV-002490 CAT I,APSC-DV-002560 CAT I",Cross-Site Scripting (WASC-08)
2026_SSE_mavit,1.0,Cross-Site Scripting: Persistent,admin-panel.php,483,jobs/40df99ae-e5ad-41dc-a710-6bacd5341271/work/Src/Hospital-Management-System/admin-panel.php,Critical,Security Auditor View,Critical,false,,,,,false,false,UPDATED,Tue May 26 16:32:50 CEST 2026,,false,false,false,SCA,STATIC,Data Flow,AF6C6C57-CA46-489C-B449-CFE4A5AB7202,0B4AE51EB6B57313342157783FB7F299,5.0,5.0,4.0,5.0,Input Validation and Representation,Cross-Site Scripting: Persistent,"CWE ID 79,CWE ID 80",[2] CWE ID 079,[2] CWE ID 079,"CCI-001310,CCI-002754",SI,Indirect Access to Sensitive Data,,,SI-10 Information Input Validation (P1),SI-10 Information Input Validation,"5.3.3 Output Encoding and Injection Prevention Requirements (L1 L2 L3),5.3.6 Output Encoding and Injection Prevention Requirements (L1 L2 L3)",,M7 Client Side Injection,A3 Cross-Site Scripting (XSS),A7 Cross-Site Scripting (XSS),A03 Injection,Requirement 6.5.7,Requirement 6.2.4,Control Objective 4.2 - Critical Asset Protection,"Control Objective 4.2 - Critical Asset Protection,Control Objective B.3.1 - Terminal Software Attack Mitigation,Control Objective B.3.1.1 - Terminal Software Attack Mitigation","Control Objective 4.2 - Critical Asset Protection,Control Objective B.3.1 - Terminal Software Attack Mitigation,Control Objective B.3.1.1 - Terminal Software Attack Mitigation,Control Objective C.3.2 - Web Software Attack Mitigation",Insecure Interaction - CWE ID 079,"APSC-DV-002490 CAT I,APSC-DV-002560 CAT I","APSC-DV-002490 CAT I,APSC-DV-002560 CAT I","APSC-DV-002490 CAT I,APSC-DV-002560 CAT I",Cross-Site Scripting (WASC-08)
2026_SSE_mavit,1.0,Cross-Site Scripting: Persistent,admin-panel.php,484,jobs/40df99ae-e5ad-41dc-a710-6bacd5341271/work/Src/Hospital-Management-System/admin-panel.php,Critical,Security Auditor View,Critical,false,,,,,false,false,UPDATED,Tue May 26 16:32:50 CEST 2026,,false,false,false,SCA,STATIC,Data Flow,AF6C6C57-CA46-489C-B449-CFE4A5AB7202,1CC150FC7D174CF3988EE733844068B8,5.0,5.0,4.0,5.0,Input Validation and Representation,Cross-Site Scripting: Persistent,"CWE ID 79,CWE ID 80",[2] CWE ID 079,[2] CWE ID 079,"CCI-001310,CCI-002754",SI,Indirect Access to Sensitive Data,,,SI-10 Information Input Validation (P1),SI-10 Information Input Validation,"5.3.3 Output Encoding and Injection Prevention Requirements (L1 L2 L3),5.3.6 Output Encoding and Injection Prevention Requirements (L1 L2 L3)",,M7 Client Side Injection,A3 Cross-Site Scripting (XSS),A7 Cross-Site Scripting (XSS),A03 Injection,Requirement 6.5.7,Requirement 6.2.4,Control Objective 4.2 - Critical Asset Protection,"Control Objective 4.2 - Critical Asset Protection,Control Objective B.3.1 - Terminal Software Attack Mitigation,Control Objective B.3.1.1 - Terminal Software Attack Mitigation","Control Objective 4.2 - Critical Asset Protection,Control Objective B.3.1 - Terminal Software Attack Mitigation,Control Objective B.3.1.1 - Terminal Software Attack Mitigation,Control Objective C.3.2 - Web Software Attack Mitigation",Insecure Interaction - CWE ID 079,"APSC-DV-002490 CAT I,APSC-DV-002560 CAT I","APSC-DV-002490 CAT I,APSC-DV-002560 CAT I","APSC-DV-002490 CAT I,APSC-DV-002560 CAT I",Cross-Site Scripting (WASC-08)
2026_SSE_mavit,1.0,Cross-Site Scripting: Persistent,admin-panel.php,485,jobs/40df99ae-e5ad-41dc-a710-6bacd5341271/work/Src/Hospital-Management-System/admin-panel.php,Critical,Security Auditor View,Critical,false,,,,,false,false,UPDATED,Tue May 26 16:32:50 CEST 2026,,false,false,false,SCA,STATIC,Data Flow,AF6C6C57-CA46-489C-B449-CFE4A5AB7202,6CEE1F0869EAD5F3D68263D36B9A55DA,5.0,5.0,4.0,5.0,Input Validation and Representation,Cross-Site Scripting: Persistent,"CWE ID 79,CWE ID 80",[2] CWE ID 079,[2] CWE ID 079,"CCI-001310,CCI-002754",SI,Indirect Access to Sensitive Data,,,SI-10 Information Input Validation (P1),SI-10 Information Input Validation,"5.3.3 Output Encoding and Injection Prevention Requirements (L1 L2 L3),5.3.6 Output Encoding and Injection Prevention Requirements (L1 L2 L3)",,M7 Client Side Injection,A3 Cross-Site Scripting (XSS),A7 Cross-Site Scripting (XSS),A03 Injection,Requirement 6.5.7,Requirement 6.2.4,Control Objective 4.2 - Critical Asset Protection,"Control Objective 4.2 - Critical Asset Protection,Control Objective B.3.1 - Terminal Software Attack Mitigation,Control Objective B.3.1.1 - Terminal Software Attack Mitigation","Control Objective 4.2 - Critical Asset Protection,Control Objective B.3.1 - Terminal Software Attack Mitigation,Control Objective B.3.1.1 - Terminal Software Attack Mitigation,Control Objective C.3.2 - Web Software Attack Mitigation",Insecure Interaction - CWE ID 079,"APSC-DV-002490 CAT I,APSC-DV-002560 CAT I","APSC-DV-002490 CAT I,APSC-DV-002560 CAT I","APSC-DV-002490 CAT I,APSC-DV-002560 CAT I",Cross-Site Scripting (WASC-08)
2026_SSE_mavit,1.0,Cross-Site Scripting: Persistent,admin-panel.php,508,jobs/40df99ae-e5ad-41dc-a710-6bacd5341271/work/Src/Hospital-Management-System/admin-panel.php,Critical,Security Auditor View,Critical,false,,,,,false,false,UPDATED,Tue May 26 16:32:50 CEST 2026,,false,false,false,SCA,STATIC,Data Flow,AF6C6C57-CA46-489C-B449-CFE4A5AB7202,CCCF389175E6F6402C5749FFE26A0881,5.0,5.0,4.0,5.0,Input Validation and Representation,Cross-Site Scripting: Persistent,"CWE ID 79,CWE ID 80",[2] CWE ID 079,[2] CWE ID 079,"CCI-001310,CCI-002754",SI,Indirect Access to Sensitive Data,,,SI-10 Information Input Validation (P1),SI-10 Information Input Validation,"5.3.3 Output Encoding and Injection Prevention Requirements (L1 L2 L3),5.3.6 Output Encoding and Injection Prevention Requirements (L1 L2 L3)",,M7 Client Side Injection,A3 Cross-Site Scripting (XSS),A7 Cross-Site Scripting (XSS),A03 Injection,Requirement 6.5.7,Requirement 6.2.4,Control Objective 4.2 - Critical Asset Protection,"Control Objective 4.2 - Critical Asset Protection,Control Objective B.3.1 - Terminal Software Attack Mitigation,Control Objective B.3.1.1 - Terminal Software Attack Mitigation","Control Objective 4.2 - Critical Asset Protection,Control Objective B.3.1 - Terminal Software Attack Mitigation,Control Objective B.3.1.1 - Terminal Software Attack Mitigation,Control Objective C.3.2 - Web Software Attack Mitigation",Insecure Interaction - CWE ID 079,"APSC-DV-002490 CAT I,APSC-DV-002560 CAT I","APSC-DV-002490 CAT I,APSC-DV-002560 CAT I","APSC-DV-002490 CAT I,APSC-DV-002560 CAT I",Cross-Site Scripting (WASC-08)
2026_SSE_mavit,1.0,SQL Injection,admin-panel.php,550,jobs/40df99ae-e5ad-41dc-a710-6bacd5341271/work/Src/Hospital-Management-System/admin-panel.php,Critical,Security Auditor View,Critical,false,,,,,false,false,UPDATED,Tue May 26 16:32:50 CEST 2026,,false,false,false,SCA,STATIC,Data Flow,FF858C20-4BCD-4EBA-8DBA-F1502AB06D2E,3D1AC02AE04FF82CDEA813FA4D58F440,5.0,5.0,4.0,5.0,Input Validation and Representation,SQL Injection,CWE ID 89,[6] CWE ID 089,[3] CWE ID 089,"CCI-001310,CCI-002754",SI,Indirect Access to Sensitive Data,Rule 1.3,Rule 0-3-1,SI-10 Information Input Validation (P1),SI-10 Information Input Validation,"5.3.4 Output Encoding and Injection Prevention Requirements (L1 L2 L3),5.3.5 Output Encoding and Injection Prevention Requirements (L1 L2 L3)",MASVS-CODE-4,M7 Client Side Injection,A1 Injection,A1 Injection,A03 Injection,Requirement 6.5.1,Requirement 6.2.4,Control Objective 4.2 - Critical Asset Protection,"Control Objective 4.2 - Critical Asset Protection,Control Objective B.3.1 - Terminal Software Attack Mitigation,Control Objective B.3.1.1 - Terminal Software Attack Mitigation","Control Objective 4.2 - Critical Asset Protection,Control Objective B.3.1 - Terminal Software Attack Mitigation,Control Objective B.3.1.1 - Terminal Software Attack Mitigation,Control Objective C.3.2 - Web Software Attack Mitigation",Insecure Interaction - CWE ID 089,"APSC-DV-002540 CAT I,APSC-DV-002560 CAT I","APSC-DV-002540 CAT I,APSC-DV-002560 CAT I","APSC-DV-002540 CAT I,APSC-DV-002560 CAT I",SQL Injection (WASC-19)
2026_SSE_mavit,1.0,Cross-Site Scripting: Persistent,admin-panel.php,559,jobs/40df99ae-e5ad-41dc-a710-6bacd5341271/work/Src/Hospital-Management-System/admin-panel.php,Critical,Security Auditor View,Critical,false,,,,,false,false,UPDATED,Tue May 26 16:32:50 CEST 2026,,false,false,false,SCA,STATIC,Data Flow,AF6C6C57-CA46-489C-B449-CFE4A5AB7202,91D92A407A0BE2886687D6E8196A9C3D,5.0,5.0,4.0,5.0,Input Validation and Representation,Cross-Site Scripting: Persistent,"CWE ID 79,CWE ID 80",[2] CWE ID 079,[2] CWE ID 079,"CCI-001310,CCI-002754",SI,Indirect Access to Sensitive Data,,,SI-10 Information Input Validation (P1),SI-10 Information Input Validation,"5.3.3 Output Encoding and Injection Prevention Requirements (L1 L2 L3),5.3.6 Output Encoding and Injection Prevention Requirements (L1 L2 L3)",,M7 Client Side Injection,A3 Cross-Site Scripting (XSS),A7 Cross-Site Scripting (XSS),A03 Injection,Requirement 6.5.7,Requirement 6.2.4,Control Objective 4.2 - Critical Asset Protection,"Control Objective 4.2 - Critical Asset Protection,Control Objective B.3.1 - Terminal Software Attack Mitigation,Control Objective B.3.1.1 - Terminal Software Attack Mitigation","Control Objective 4.2 - Critical Asset Protection,Control Objective B.3.1 - Terminal Software Attack Mitigation,Control Objective B.3.1.1 - Terminal Software Attack Mitigation,Control Objective C.3.2 - Web Software Attack Mitigation",Insecure Interaction - CWE ID 079,"APSC-DV-002490 CAT I,APSC-DV-002560 CAT I","APSC-DV-002490 CAT I,APSC-DV-002560 CAT I","APSC-DV-002490 CAT I,APSC-DV-002560 CAT I",Cross-Site Scripting (WASC-08)
2026_SSE_mavit,1.0,Cross-Site Scripting: Persistent,admin-panel.php,560,jobs/40df99ae-e5ad-41dc-a710-6bacd5341271/work/Src/Hospital-Management-System/admin-panel.php,Critical,Security Auditor View,Critical,false,,,,,false,false,UPDATED,Tue May 26 16:32:50 CEST 2026,,false,false,false,SCA,STATIC,Data Flow,AF6C6C57-CA46-489C-B449-CFE4A5AB7202,CCCF389175E6F6402C5749FFE26A0882,5.0,5.0,4.0,5.0,Input Validation and Representation,Cross-Site Scripting: Persistent,"CWE ID 79,CWE ID 80",[2] CWE ID 079,[2] CWE ID 079,"CCI-001310,CCI-002754",SI,Indirect Access to Sensitive Data,,,SI-10 Information Input Validation (P1),SI-10 Information Input Validation,"5.3.3 Output Encoding and Injection Prevention Requirements (L1 L2 L3),5.3.6 Output Encoding and Injection Prevention Requirements (L1 L2 L3)",,M7 Client Side Injection,A3 Cross-Site Scripting (XSS),A7 Cross-Site Scripting (XSS),A03 Injection,Requirement 6.5.7,Requirement 6.2.4,Control Objective 4.2 - Critical Asset Protection,"Control Objective 4.2 - Critical Asset Protection,Control Objective B.3.1 - Terminal Software Attack Mitigation,Control Objective B.3.1.1 - Terminal Software Attack Mitigation","Control Objective 4.2 - Critical Asset Protection,Control Objective B.3.1 - Terminal Software Attack Mitigation,Control Objective B.3.1.1 - Terminal Software Attack Mitigation,Control Objective C.3.2 - Web Software Attack Mitigation",Insecure Interaction - CWE ID 079,"APSC-DV-002490 CAT I,APSC-DV-002560 CAT I","APSC-DV-002490 CAT I,APSC-DV-002560 CAT I","APSC-DV-002490 CAT I,APSC-DV-002560 CAT I",Cross-Site Scripting (WASC-08)
2026_SSE_mavit,1.0,Cross-Site Scripting: Persistent,admin-panel.php,561,jobs/40df99ae-e5ad-41dc-a710-6bacd5341271/work/Src/Hospital-Management-System/admin-panel.php,Critical,Security Auditor View,Critical,false,,,,,false,false,UPDATED,Tue May 26 16:32:50 CEST 2026,,false,false,false,SCA,STATIC,Data Flow,AF6C6C57-CA46-489C-B449-CFE4A5AB7202,1CC150FC7D174CF3988EE733844068B9,5.0,5.0,4.0,5.0,Input Validation and Representation,Cross-Site Scripting: Persistent,"CWE ID 79,CWE ID 80",[2] CWE ID 079,[2] CWE ID 079,"CCI-001310,CCI-002754",SI,Indirect Access to Sensitive Data,,,SI-10 Information Input Validation (P1),SI-10 Information Input Validation,"5.3.3 Output Encoding and Injection Prevention Requirements (L1 L2 L3),5.3.6 Output Encoding and Injection Prevention Requirements (L1 L2 L3)",,M7 Client Side Injection,A3 Cross-Site Scripting (XSS),A7 Cross-Site Scripting (XSS),A03 Injection,Requirement 6.5.7,Requirement 6.2.4,Control Objective 4.2 - Critical Asset Protection,"Control Objective 4.2 - Critical Asset Protection,Control Objective B.3.1 - Terminal Software Attack Mitigation,Control Objective B.3.1.1 - Terminal Software Attack Mitigation","Control Objective 4.2 - Critical Asset Protection,Control Objective B.3.1 - Terminal Software Attack Mitigation,Control Objective B.3.1.1 - Terminal Software Attack Mitigation,Control Objective C.3.2 - Web Software Attack Mitigation",Insecure Interaction - CWE ID 079,"APSC-DV-002490 CAT I,APSC-DV-002560 CAT I","APSC-DV-002490 CAT I,APSC-DV-002560 CAT I","APSC-DV-002490 CAT I,APSC-DV-002560 CAT I",Cross-Site Scripting (WASC-08)
2026_SSE_mavit,1.0,Cross-Site Scripting: Persistent,admin-panel.php,562,jobs/40df99ae-e5ad-41dc-a710-6bacd5341271/work/Src/Hospital-Management-System/admin-panel.php,Critical,Security Auditor View,Critical,false,,,,,false,false,UPDATED,Tue May 26 16:32:50 CEST 2026,,false,false,false,SCA,STATIC,Data Flow,AF6C6C57-CA46-489C-B449-CFE4A5AB7202,6CEE1F0869EAD5F3D68263D36B9A55DB,5.0,5.0,4.0,5.0,Input Validation and Representation,Cross-Site Scripting: Persistent,"CWE ID 79,CWE ID 80",[2] CWE ID 079,[2] CWE ID 079,"CCI-001310,CCI-002754",SI,Indirect Access to Sensitive Data,,,SI-10 Information Input Validation (P1),SI-10 Information Input Validation,"5.3.3 Output Encoding and Injection Prevention Requirements (L1 L2 L3),5.3.6 Output Encoding and Injection Prevention Requirements (L1 L2 L3)",,M7 Client Side Injection,A3 Cross-Site Scripting (XSS),A7 Cross-Site Scripting (XSS),A03 Injection,Requirement 6.5.7,Requirement 6.2.4,Control Objective 4.2 - Critical Asset Protection,"Control Objective 4.2 - Critical Asset Protection,Control Objective B.3.1 - Terminal Software Attack Mitigation,Control Objective B.3.1.1 - Terminal Software Attack Mitigation","Control Objective 4.2 - Critical Asset Protection,Control Objective B.3.1 - Terminal Software Attack Mitigation,Control Objective B.3.1.1 - Terminal Software Attack Mitigation,Control Objective C.3.2 - Web Software Attack Mitigation",Insecure Interaction - CWE ID 079,"APSC-DV-002490 CAT I,APSC-DV-002560 CAT I","APSC-DV-002490 CAT I,APSC-DV-002560 CAT I","APSC-DV-002490 CAT I,APSC-DV-002560 CAT I",Cross-Site Scripting (WASC-08)
2026_SSE_mavit,1.0,Cross-Site Scripting: Persistent,admin-panel.php,563,jobs/40df99ae-e5ad-41dc-a710-6bacd5341271/work/Src/Hospital-Management-System/admin-panel.php,Critical,Security Auditor View,Critical,false,,,,,false,false,UPDATED,Tue May 26 16:32:50 CEST 2026,,false,false,false,SCA,STATIC,Data Flow,AF6C6C57-CA46-489C-B449-CFE4A5AB7202,253230396730CCDB7EA320C43AA19337,5.0,5.0,4.0,5.0,Input Validation and Representation,Cross-Site Scripting: Persistent,"CWE ID 79,CWE ID 80",[2] CWE ID 079,[2] CWE ID 079,"CCI-001310,CCI-002754",SI,Indirect Access to Sensitive Data,,,SI-10 Information Input Validation (P1),SI-10 Information Input Validation,"5.3.3 Output Encoding and Injection Prevention Requirements (L1 L2 L3),5.3.6 Output Encoding and Injection Prevention Requirements (L1 L2 L3)",,M7 Client Side Injection,A3 Cross-Site Scripting (XSS),A7 Cross-Site Scripting (XSS),A03 Injection,Requirement 6.5.7,Requirement 6.2.4,Control Objective 4.2 - Critical Asset Protection,"Control Objective 4.2 - Critical Asset Protection,Control Objective B.3.1 - Terminal Software Attack Mitigation,Control Objective B.3.1.1 - Terminal Software Attack Mitigation","Control Objective 4.2 - Critical Asset Protection,Control Objective B.3.1 - Terminal Software Attack Mitigation,Control Objective B.3.1.1 - Terminal Software Attack Mitigation,Control Objective C.3.2 - Web Software Attack Mitigation",Insecure Interaction - CWE ID 079,"APSC-DV-002490 CAT I,APSC-DV-002560 CAT I","APSC-DV-002490 CAT I,APSC-DV-002560 CAT I","APSC-DV-002490 CAT I,APSC-DV-002560 CAT I",Cross-Site Scripting (WASC-08)
2026_SSE_mavit,1.0,Cross-Site Scripting: Persistent,admin-panel.php,564,jobs/40df99ae-e5ad-41dc-a710-6bacd5341271/work/Src/Hospital-Management-System/admin-panel.php,Critical,Security Auditor View,Critical,false,,,,,false,false,UPDATED,Tue May 26 16:32:50 CEST 2026,,false,false,false,SCA,STATIC,Data Flow,AF6C6C57-CA46-489C-B449-CFE4A5AB7202,DB5442169F6FAFB90B4DBCF39CB4861E,5.0,5.0,4.0,5.0,Input Validation and Representation,Cross-Site Scripting: Persistent,"CWE ID 79,CWE ID 80",[2] CWE ID 079,[2] CWE ID 079,"CCI-001310,CCI-002754",SI,Indirect Access to Sensitive Data,,,SI-10 Information Input Validation (P1),SI-10 Information Input Validation,"5.3.3 Output Encoding and Injection Prevention Requirements (L1 L2 L3),5.3.6 Output Encoding and Injection Prevention Requirements (L1 L2 L3)",,M7 Client Side Injection,A3 Cross-Site Scripting (XSS),A7 Cross-Site Scripting (XSS),A03 Injection,Requirement 6.5.7,Requirement 6.2.4,Control Objective 4.2 - Critical Asset Protection,"Control Objective 4.2 - Critical Asset Protection,Control Objective B.3.1 - Terminal Software Attack Mitigation,Control Objective B.3.1.1 - Terminal Software Attack Mitigation","Control Objective 4.2 - Critical Asset Protection,Control Objective B.3.1 - Terminal Software Attack Mitigation,Control Objective B.3.1.1 - Terminal Software Attack Mitigation,Control Objective C.3.2 - Web Software Attack Mitigation",Insecure Interaction - CWE ID 079,"APSC-DV-002490 CAT I,APSC-DV-002560 CAT I","APSC-DV-002490 CAT I,APSC-DV-002560 CAT I","APSC-DV-002490 CAT I,APSC-DV-002560 CAT I",Cross-Site Scripting (WASC-08)
2026_SSE_mavit,1.0,Cross-Site Scripting: Persistent,admin-panel.php,565,jobs/40df99ae-e5ad-41dc-a710-6bacd5341271/work/Src/Hospital-Management-System/admin-panel.php,Critical,Security Auditor View,Critical,false,,,,,false,false,UPDATED,Tue May 26 16:32:50 CEST 2026,,false,false,false,SCA,STATIC,Data Flow,AF6C6C57-CA46-489C-B449-CFE4A5AB7202,50B37FF4A512BB09A38D566B504E2C2A,5.0,5.0,4.0,5.0,Input Validation and Representation,Cross-Site Scripting: Persistent,"CWE ID 79,CWE ID 80",[2] CWE ID 079,[2] CWE ID 079,"CCI-001310,CCI-002754",SI,Indirect Access to Sensitive Data,,,SI-10 Information Input Validation (P1),SI-10 Information Input Validation,"5.3.3 Output Encoding and Injection Prevention Requirements (L1 L2 L3),5.3.6 Output Encoding and Injection Prevention Requirements (L1 L2 L3)",,M7 Client Side Injection,A3 Cross-Site Scripting (XSS),A7 Cross-Site Scripting (XSS),A03 Injection,Requirement 6.5.7,Requirement 6.2.4,Control Objective 4.2 - Critical Asset Protection,"Control Objective 4.2 - Critical Asset Protection,Control Objective B.3.1 - Terminal Software Attack Mitigation,Control Objective B.3.1.1 - Terminal Software Attack Mitigation","Control Objective 4.2 - Critical Asset Protection,Control Objective B.3.1 - Terminal Software Attack Mitigation,Control Objective B.3.1.1 - Terminal Software Attack Mitigation,Control Objective C.3.2 - Web Software Attack Mitigation",Insecure Interaction - CWE ID 079,"APSC-DV-002490 CAT I,APSC-DV-002560 CAT I","APSC-DV-002490 CAT I,APSC-DV-002560 CAT I","APSC-DV-002490 CAT I,APSC-DV-002560 CAT I",Cross-Site Scripting (WASC-08)
2026_SSE_mavit,1.0,Cross-Site Request Forgery,admin-panel.php,567,jobs/40df99ae-e5ad-41dc-a710-6bacd5341271/work/Src/Hospital-Management-System/admin-panel.php,Low,Security Auditor View,Low,false,,,,,false,false,UPDATED,Tue May 26 16:32:50 CEST 2026,,false,false,false,SCA,STATIC,Content,78E0700E-56FE-45A2-A11B-6A560F730576,61B7510FE088A68ACE164926753BE53F,2.0,0.4,2.0,5.0,Encapsulation,Cross-Site Request Forgery,CWE ID 352,[9] CWE ID 352,[9] CWE ID 352,"CCI-001310,CCI-001941,CCI-001942",,Access Violation,,,SC-23 Session Authenticity (P1),SC-23 Session Authenticity,"3.5.3 Token-based Session Management (L2 L3),4.2.2 Operation Level Access Control (L1 L2 L3),13.2.3 RESTful Web Service Verification Requirements (L1 L2 L3)",,M5 Poor Authorization and Authentication,A8 Cross-Site Request Forgery (CSRF),,A01 Broken Access Control,Requirement 6.5.9,Requirement 6.2.4,Control Objective 5.4 - Authentication and Access Control,Control Objective 5.4 - Authentication and Access Control,"Control Objective 5.4 - Authentication and Access Control,Control Objective C.2.3 - Web Software Access Controls",Insecure Interaction - CWE ID 352,"APSC-DV-001620 CAT II,APSC-DV-001630 CAT II,APSC-DV-002500 CAT II","APSC-DV-001620 CAT II,APSC-DV-001630 CAT II,APSC-DV-002500 CAT II","APSC-DV-001620 CAT II,APSC-DV-001630 CAT II,APSC-DV-002500 CAT II",Cross-Site Request Forgery (WASC-09)
2026_SSE_mavit,1.0,Cross-Site Scripting: Persistent,admin-panel.php,573,jobs/40df99ae-e5ad-41dc-a710-6bacd5341271/work/Src/Hospital-Management-System/admin-panel.php,Critical,Security Auditor View,Critical,false,,,,,false,false,UPDATED,Tue May 26 16:32:50 CEST 2026,,false,false,false,SCA,STATIC,Data Flow,AF6C6C57-CA46-489C-B449-CFE4A5AB7202,CCCF389175E6F6402C5749FFE26A0883,5.0,5.0,4.0,5.0,Input Validation and Representation,Cross-Site Scripting: Persistent,"CWE ID 79,CWE ID 80",[2] CWE ID 079,[2] CWE ID 079,"CCI-001310,CCI-002754",SI,Indirect Access to Sensitive Data,,,SI-10 Information Input Validation (P1),SI-10 Information Input Validation,"5.3.3 Output Encoding and Injection Prevention Requirements (L1 L2 L3),5.3.6 Output Encoding and Injection Prevention Requirements (L1 L2 L3)",,M7 Client Side Injection,A3 Cross-Site Scripting (XSS),A7 Cross-Site Scripting (XSS),A03 Injection,Requirement 6.5.7,Requirement 6.2.4,Control Objective 4.2 - Critical Asset Protection,"Control Objective 4.2 - Critical Asset Protection,Control Objective B.3.1 - Terminal Software Attack Mitigation,Control Objective B.3.1.1 - Terminal Software Attack Mitigation","Control Objective 4.2 - Critical Asset Protection,Control Objective B.3.1 - Terminal Software Attack Mitigation,Control Objective B.3.1.1 - Terminal Software Attack Mitigation,Control Objective C.3.2 - Web Software Attack Mitigation",Insecure Interaction - CWE ID 079,"APSC-DV-002490 CAT I,APSC-DV-002560 CAT I","APSC-DV-002490 CAT I,APSC-DV-002560 CAT I","APSC-DV-002490 CAT I,APSC-DV-002560 CAT I",Cross-Site Scripting (WASC-08)
2026_SSE_mavit,1.0,Hidden Field,admin-panel.php,574,jobs/40df99ae-e5ad-41dc-a710-6bacd5341271/work/Src/Hospital-Management-System/admin-panel.php,Low,Security Auditor View,Low,false,,,,,false,false,UPDATED,Tue May 26 16:32:50 CEST 2026,,false,false,false,SCA,STATIC,Content,811489B8-AA5B-494C-9074-926A810A1421,6616EBF2ACCC4810E702F33115FF9A5F,1.0,1.0,2.0,5.0,Encapsulation,Hidden Field,CWE ID 472,,,CCI-002420,,,,,,,,MASVS-STORAGE-2,M4 Unintended Data Leakage,,,A04 Insecure Design,,,,,,,APSC-DV-002485 CAT I,APSC-DV-002485 CAT I,APSC-DV-002485 CAT I,Information Leakage (WASC-13)
2026_SSE_mavit,1.0,Cross-Site Scripting: Persistent,admin-panel.php,574,jobs/40df99ae-e5ad-41dc-a710-6bacd5341271/work/Src/Hospital-Management-System/admin-panel.php,Critical,Security Auditor View,Critical,false,,,,,false,false,UPDATED,Tue May 26 16:32:50 CEST 2026,,false,false,false,SCA,STATIC,Data Flow,AF6C6C57-CA46-489C-B449-CFE4A5AB7202,CCCF389175E6F6402C5749FFE26A0884,5.0,5.0,4.0,5.0,Input Validation and Representation,Cross-Site Scripting: Persistent,"CWE ID 79,CWE ID 80",[2] CWE ID 079,[2] CWE ID 079,"CCI-001310,CCI-002754",SI,Indirect Access to Sensitive Data,,,SI-10 Information Input Validation (P1),SI-10 Information Input Validation,"5.3.3 Output Encoding and Injection Prevention Requirements (L1 L2 L3),5.3.6 Output Encoding and Injection Prevention Requirements (L1 L2 L3)",,M7 Client Side Injection,A3 Cross-Site Scripting (XSS),A7 Cross-Site Scripting (XSS),A03 Injection,Requirement 6.5.7,Requirement 6.2.4,Control Objective 4.2 - Critical Asset Protection,"Control Objective 4.2 - Critical Asset Protection,Control Objective B.3.1 - Terminal Software Attack Mitigation,Control Objective B.3.1.1 - Terminal Software Attack Mitigation","Control Objective 4.2 - Critical Asset Protection,Control Objective B.3.1 - Terminal Software Attack Mitigation,Control Objective B.3.1.1 - Terminal Software Attack Mitigation,Control Objective C.3.2 - Web Software Attack Mitigation",Insecure Interaction - CWE ID 079,"APSC-DV-002490 CAT I,APSC-DV-002560 CAT I","APSC-DV-002490 CAT I,APSC-DV-002560 CAT I","APSC-DV-002490 CAT I,APSC-DV-002560 CAT I",Cross-Site Scripting (WASC-08)
2026_SSE_mavit,1.0,Cross-Site Request Forgery,admin-panel.php,594,jobs/40df99ae-e5ad-41dc-a710-6bacd5341271/work/Src/Hospital-Management-System/admin-panel.php,Low,Security Auditor View,Low,false,,,,,false,false,UPDATED,Tue May 26 16:32:50 CEST 2026,,false,false,false,SCA,STATIC,Content,78E0700E-56FE-45A2-A11B-6A560F730576,61B7510FE088A68ACE164926753BE540,2.0,0.4,2.0,5.0,Encapsulation,Cross-Site Request Forgery,CWE ID 352,[9] CWE ID 352,[9] CWE ID 352,"CCI-001310,CCI-001941,CCI-001942",,Access Violation,,,SC-23 Session Authenticity (P1),SC-23 Session Authenticity,"3.5.3 Token-based Session Management (L2 L3),4.2.2 Operation Level Access Control (L1 L2 L3),13.2.3 RESTful Web Service Verification Requirements (L1 L2 L3)",,M5 Poor Authorization and Authentication,A8 Cross-Site Request Forgery (CSRF),,A01 Broken Access Control,Requirement 6.5.9,Requirement 6.2.4,Control Objective 5.4 - Authentication and Access Control,Control Objective 5.4 - Authentication and Access Control,"Control Objective 5.4 - Authentication and Access Control,Control Objective C.2.3 - Web Software Access Controls",Insecure Interaction - CWE ID 352,"APSC-DV-001620 CAT II,APSC-DV-001630 CAT II,APSC-DV-002500 CAT II","APSC-DV-001620 CAT II,APSC-DV-001630 CAT II,APSC-DV-002500 CAT II","APSC-DV-001620 CAT II,APSC-DV-001630 CAT II,APSC-DV-002500 CAT II",Cross-Site Request Forgery (WASC-09)
2026_SSE_mavit,1.0,Hardcoded Domain in HTML,admin-panel.php,608,jobs/40df99ae-e5ad-41dc-a710-6bacd5341271/work/Src/Hospital-Management-System/admin-panel.php,Low,Security Auditor View,Low,false,,,,,false,false,UPDATED,Tue May 26 16:32:50 CEST 2026,,false,false,false,SCA,STATIC,Content,C01B6A50-1224-4062-AA16-C3683C44502E,2830AA77C7D4774A30EFF22D436DCE8C,1.0,0.6,2.0,5.0,Encapsulation,Hardcoded Domain in HTML,"CWE ID 494,CWE ID 829",,,CCI-001167,,Indirect Access to Sensitive Data,,,SC-18 Mobile Code (P2),SC-18 Mobile Code,"1.14.2 Configuration Architectural Requirements (L2 L3),5.3.9 Output Encoding and Injection Prevention Requirements (L1 L2 L3),10.3.2 Deployed Application Integrity Controls (L1 L2 L3),12.3.3 File Execution Requirements (L1 L2 L3),12.3.6 File Execution Requirements (L2 L3),14.2.3 Dependency (L1 L2 L3),14.2.4 Dependency (L2 L3)",MASVS-PLATFORM-2,M7 Client Side Injection,,,,,,,,,,APSC-DV-003300 CAT II,APSC-DV-003300 CAT II,APSC-DV-003300 CAT II,Insufficient Process Validation (WASC-40)
2026_SSE_mavit,1.0,Hardcoded Domain in HTML,admin-panel.php,609,jobs/40df99ae-e5ad-41dc-a710-6bacd5341271/work/Src/Hospital-Management-System/admin-panel.php,Low,Security Auditor View,Low,false,,,,,false,false,UPDATED,Tue May 26 16:32:50 CEST 2026,,false,false,false,SCA,STATIC,Content,C01B6A50-1224-4062-AA16-C3683C44502E,2830AA77C7D4774A30EFF22D436DCE8D,1.0,0.6,2.0,5.0,Encapsulation,Hardcoded Domain in HTML,"CWE ID 494,CWE ID 829",,,CCI-001167,,Indirect Access to Sensitive Data,,,SC-18 Mobile Code (P2),SC-18 Mobile Code,"1.14.2 Configuration Architectural Requirements (L2 L3),5.3.9 Output Encoding and Injection Prevention Requirements (L1 L2 L3),10.3.2 Deployed Application Integrity Controls (L1 L2 L3),12.3.3 File Execution Requirements (L1 L2 L3),12.3.6 File Execution Requirements (L2 L3),14.2.3 Dependency (L1 L2 L3),14.2.4 Dependency (L2 L3)",MASVS-PLATFORM-2,M7 Client Side Injection,,,,,,,,,,APSC-DV-003300 CAT II,APSC-DV-003300 CAT II,APSC-DV-003300 CAT II,Insufficient Process Validation (WASC-40)
2026_SSE_mavit,1.0,Hardcoded Domain in HTML,admin-panel.php,610,jobs/40df99ae-e5ad-41dc-a710-6bacd5341271/work/Src/Hospital-Management-System/admin-panel.php,Low,Security Auditor View,Low,false,,,,,false,false,UPDATED,Tue May 26 16:32:50 CEST 2026,,false,false,false,SCA,STATIC,Content,C01B6A50-1224-4062-AA16-C3683C44502E,2830AA77C7D4774A30EFF22D436DCE8E,1.0,0.6,2.0,5.0,Encapsulation,Hardcoded Domain in HTML,"CWE ID 494,CWE ID 829",,,CCI-001167,,Indirect Access to Sensitive Data,,,SC-18 Mobile Code (P2),SC-18 Mobile Code,"1.14.2 Configuration Architectural Requirements (L2 L3),5.3.9 Output Encoding and Injection Prevention Requirements (L1 L2 L3),10.3.2 Deployed Application Integrity Controls (L1 L2 L3),12.3.3 File Execution Requirements (L1 L2 L3),12.3.6 File Execution Requirements (L2 L3),14.2.3 Dependency (L1 L2 L3),14.2.4 Dependency (L2 L3)",MASVS-PLATFORM-2,M7 Client Side Injection,,,,,,,,,,APSC-DV-003300 CAT II,APSC-DV-003300 CAT II,APSC-DV-003300 CAT II,Insufficient Process Validation (WASC-40)
2026_SSE_mavit,1.0,Hardcoded Domain in HTML,admin-panel.php,611,jobs/40df99ae-e5ad-41dc-a710-6bacd5341271/work/Src/Hospital-Management-System/admin-panel.php,Low,Security Auditor View,Low,false,,,,,false,false,UPDATED,Tue May 26 16:32:50 CEST 2026,,false,false,false,SCA,STATIC,Content,C01B6A50-1224-4062-AA16-C3683C44502E,2830AA77C7D4774A30EFF22D436DCE8F,1.0,0.6,2.0,5.0,Encapsulation,Hardcoded Domain in HTML,"CWE ID 494,CWE ID 829",,,CCI-001167,,Indirect Access to Sensitive Data,,,SC-18 Mobile Code (P2),SC-18 Mobile Code,"1.14.2 Configuration Architectural Requirements (L2 L3),5.3.9 Output Encoding and Injection Prevention Requirements (L1 L2 L3),10.3.2 Deployed Application Integrity Controls (L1 L2 L3),12.3.3 File Execution Requirements (L1 L2 L3),12.3.6 File Execution Requirements (L2 L3),14.2.3 Dependency (L1 L2 L3),14.2.4 Dependency (L2 L3)",MASVS-PLATFORM-2,M7 Client Side Injection,,,,,,,,,,APSC-DV-003300 CAT II,APSC-DV-003300 CAT II,APSC-DV-003300 CAT II,Insufficient Process Validation (WASC-40)
2026_SSE_mavit,1.0,SQL Injection,admin-panel1.php,15,jobs/40df99ae-e5ad-41dc-a710-6bacd5341271/work/Src/Hospital-Management-System/admin-panel1.php,Critical,Security Auditor View,Critical,false,,,,,false,false,UPDATED,Tue May 26 16:32:50 CEST 2026,,false,false,false,SCA,STATIC,Data Flow,FF858C20-4BCD-4EBA-8DBA-F1502AB06D2E,07E40C5B2B0D914E449D45A6F6268C46,5.0,5.0,4.0,5.0,Input Validation and Representation,SQL Injection,CWE ID 89,[6] CWE ID 089,[3] CWE ID 089,"CCI-001310,CCI-002754",SI,Indirect Access to Sensitive Data,Rule 1.3,Rule 0-3-1,SI-10 Information Input Validation (P1),SI-10 Information Input Validation,"5.3.4 Output Encoding and Injection Prevention Requirements (L1 L2 L3),5.3.5 Output Encoding and Injection Prevention Requirements (L1 L2 L3)",MASVS-CODE-4,M7 Client Side Injection,A1 Injection,A1 Injection,A03 Injection,Requirement 6.5.1,Requirement 6.2.4,Control Objective 4.2 - Critical Asset Protection,"Control Objective 4.2 - Critical Asset Protection,Control Objective B.3.1 - Terminal Software Attack Mitigation,Control Objective B.3.1.1 - Terminal Software Attack Mitigation","Control Objective 4.2 - Critical Asset Protection,Control Objective B.3.1 - Terminal Software Attack Mitigation,Control Objective B.3.1.1 - Terminal Software Attack Mitigation,Control Objective C.3.2 - Web Software Attack Mitigation",Insecure Interaction - CWE ID 089,"APSC-DV-002540 CAT I,APSC-DV-002560 CAT I","APSC-DV-002540 CAT I,APSC-DV-002560 CAT I","APSC-DV-002540 CAT I,APSC-DV-002560 CAT I",SQL Injection (WASC-19)
2026_SSE_mavit,1.0,SQL Injection,admin-panel1.php,15,jobs/40df99ae-e5ad-41dc-a710-6bacd5341271/work/Src/Hospital-Management-System/admin-panel1.php,Critical,Security Auditor View,Critical,false,,,,,false,false,UPDATED,Tue May 26 16:32:50 CEST 2026,,false,false,false,SCA,STATIC,Data Flow,FF858C20-4BCD-4EBA-8DBA-F1502AB06D2E,0F870AA0D3FAC63193845991F6C37D70,5.0,5.0,4.0,5.0,Input Validation and Representation,SQL Injection,CWE ID 89,[6] CWE ID 089,[3] CWE ID 089,"CCI-001310,CCI-002754",SI,Indirect Access to Sensitive Data,Rule 1.3,Rule 0-3-1,SI-10 Information Input Validation (P1),SI-10 Information Input Validation,"5.3.4 Output Encoding and Injection Prevention Requirements (L1 L2 L3),5.3.5 Output Encoding and Injection Prevention Requirements (L1 L2 L3)",MASVS-CODE-4,M7 Client Side Injection,A1 Injection,A1 Injection,A03 Injection,Requirement 6.5.1,Requirement 6.2.4,Control Objective 4.2 - Critical Asset Protection,"Control Objective 4.2 - Critical Asset Protection,Control Objective B.3.1 - Terminal Software Attack Mitigation,Control Objective B.3.1.1 - Terminal Software Attack Mitigation","Control Objective 4.2 - Critical Asset Protection,Control Objective B.3.1 - Terminal Software Attack Mitigation,Control Objective B.3.1.1 - Terminal Software Attack Mitigation,Control Objective C.3.2 - Web Software Attack Mitigation",Insecure Interaction - CWE ID 089,"APSC-DV-002540 CAT I,APSC-DV-002560 CAT I","APSC-DV-002540 CAT I,APSC-DV-002560 CAT I","APSC-DV-002540 CAT I,APSC-DV-002560 CAT I",SQL Injection (WASC-19)
2026_SSE_mavit,1.0,SQL Injection,admin-panel1.php,15,jobs/40df99ae-e5ad-41dc-a710-6bacd5341271/work/Src/Hospital-Management-System/admin-panel1.php,Critical,Security Auditor View,Critical,false,,,,,false,false,UPDATED,Tue May 26 16:32:50 CEST 2026,,false,false,false,SCA,STATIC,Data Flow,FF858C20-4BCD-4EBA-8DBA-F1502AB06D2E,223104058150868395EC26137A35370C,5.0,5.0,4.0,5.0,Input Validation and Representation,SQL Injection,CWE ID 89,[6] CWE ID 089,[3] CWE ID 089,"CCI-001310,CCI-002754",SI,Indirect Access to Sensitive Data,Rule 1.3,Rule 0-3-1,SI-10 Information Input Validation (P1),SI-10 Information Input Validation,"5.3.4 Output Encoding and Injection Prevention Requirements (L1 L2 L3),5.3.5 Output Encoding and Injection Prevention Requirements (L1 L2 L3)",MASVS-CODE-4,M7 Client Side Injection,A1 Injection,A1 Injection,A03 Injection,Requirement 6.5.1,Requirement 6.2.4,Control Objective 4.2 - Critical Asset Protection,"Control Objective 4.2 - Critical Asset Protection,Control Objective B.3.1 - Terminal Software Attack Mitigation,Control Objective B.3.1.1 - Terminal Software Attack Mitigation","Control Objective 4.2 - Critical Asset Protection,Control Objective B.3.1 - Terminal Software Attack Mitigation,Control Objective B.3.1.1 - Terminal Software Attack Mitigation,Control Objective C.3.2 - Web Software Attack Mitigation",Insecure Interaction - CWE ID 089,"APSC-DV-002540 CAT I,APSC-DV-002560 CAT I","APSC-DV-002540 CAT I,APSC-DV-002560 CAT I","APSC-DV-002540 CAT I,APSC-DV-002560 CAT I",SQL Injection (WASC-19)
2026_SSE_mavit,1.0,SQL Injection,admin-panel1.php,15,jobs/40df99ae-e5ad-41dc-a710-6bacd5341271/work/Src/Hospital-Management-System/admin-panel1.php,Critical,Security Auditor View,Critical,false,,,,,false,false,UPDATED,Tue May 26 16:32:50 CEST 2026,,false,false,false,SCA,STATIC,Data Flow,FF858C20-4BCD-4EBA-8DBA-F1502AB06D2E,5C925BD46859A45241C548512F70E64E,5.0,5.0,4.0,5.0,Input Validation and Representation,SQL Injection,CWE ID 89,[6] CWE ID 089,[3] CWE ID 089,"CCI-001310,CCI-002754",SI,Indirect Access to Sensitive Data,Rule 1.3,Rule 0-3-1,SI-10 Information Input Validation (P1),SI-10 Information Input Validation,"5.3.4 Output Encoding and Injection Prevention Requirements (L1 L2 L3),5.3.5 Output Encoding and Injection Prevention Requirements (L1 L2 L3)",MASVS-CODE-4,M7 Client Side Injection,A1 Injection,A1 Injection,A03 Injection,Requirement 6.5.1,Requirement 6.2.4,Control Objective 4.2 - Critical Asset Protection,"Control Objective 4.2 - Critical Asset Protection,Control Objective B.3.1 - Terminal Software Attack Mitigation,Control Objective B.3.1.1 - Terminal Software Attack Mitigation","Control Objective 4.2 - Critical Asset Protection,Control Objective B.3.1 - Terminal Software Attack Mitigation,Control Objective B.3.1.1 - Terminal Software Attack Mitigation,Control Objective C.3.2 - Web Software Attack Mitigation",Insecure Interaction - CWE ID 089,"APSC-DV-002540 CAT I,APSC-DV-002560 CAT I","APSC-DV-002540 CAT I,APSC-DV-002560 CAT I","APSC-DV-002540 CAT I,APSC-DV-002560 CAT I",SQL Injection (WASC-19)
2026_SSE_mavit,1.0,SQL Injection,admin-panel1.php,15,jobs/40df99ae-e5ad-41dc-a710-6bacd5341271/work/Src/Hospital-Management-System/admin-panel1.php,Critical,Security Auditor View,Critical,false,,,,,false,false,UPDATED,Tue May 26 16:32:50 CEST 2026,,false,false,false,SCA,STATIC,Data Flow,FF858C20-4BCD-4EBA-8DBA-F1502AB06D2E,6A1E496E03FBCA262A3BF4A31CDC9220,5.0,5.0,4.0,5.0,Input Validation and Representation,SQL Injection,CWE ID 89,[6] CWE ID 089,[3] CWE ID 089,"CCI-001310,CCI-002754",SI,Indirect Access to Sensitive Data,Rule 1.3,Rule 0-3-1,SI-10 Information Input Validation (P1),SI-10 Information Input Validation,"5.3.4 Output Encoding and Injection Prevention Requirements (L1 L2 L3),5.3.5 Output Encoding and Injection Prevention Requirements (L1 L2 L3)",MASVS-CODE-4,M7 Client Side Injection,A1 Injection,A1 Injection,A03 Injection,Requirement 6.5.1,Requirement 6.2.4,Control Objective 4.2 - Critical Asset Protection,"Control Objective 4.2 - Critical Asset Protection,Control Objective B.3.1 - Terminal Software Attack Mitigation,Control Objective B.3.1.1 - Terminal Software Attack Mitigation","Control Objective 4.2 - Critical Asset Protection,Control Objective B.3.1 - Terminal Software Attack Mitigation,Control Objective B.3.1.1 - Terminal Software Attack Mitigation,Control Objective C.3.2 - Web Software Attack Mitigation",Insecure Interaction - CWE ID 089,"APSC-DV-002540 CAT I,APSC-DV-002560 CAT I","APSC-DV-002540 CAT I,APSC-DV-002560 CAT I","APSC-DV-002540 CAT I,APSC-DV-002560 CAT I",SQL Injection (WASC-19)
2026_SSE_mavit,1.0,SQL Injection,admin-panel1.php,15,jobs/40df99ae-e5ad-41dc-a710-6bacd5341271/work/Src/Hospital-Management-System/admin-panel1.php,Critical,Security Auditor View,Critical,false,,,,,false,false,UPDATED,Tue May 26 16:32:50 CEST 2026,,false,false,false,SCA,STATIC,Data Flow,FF858C20-4BCD-4EBA-8DBA-F1502AB06D2E,76C636D182E79AE79342230980B918A2,5.0,5.0,4.0,5.0,Input Validation and Representation,SQL Injection,CWE ID 89,[6] CWE ID 089,[3] CWE ID 089,"CCI-001310,CCI-002754",SI,Indirect Access to Sensitive Data,Rule 1.3,Rule 0-3-1,SI-10 Information Input Validation (P1),SI-10 Information Input Validation,"5.3.4 Output Encoding and Injection Prevention Requirements (L1 L2 L3),5.3.5 Output Encoding and Injection Prevention Requirements (L1 L2 L3)",MASVS-CODE-4,M7 Client Side Injection,A1 Injection,A1 Injection,A03 Injection,Requirement 6.5.1,Requirement 6.2.4,Control Objective 4.2 - Critical Asset Protection,"Control Objective 4.2 - Critical Asset Protection,Control Objective B.3.1 - Terminal Software Attack Mitigation,Control Objective B.3.1.1 - Terminal Software Attack Mitigation","Control Objective 4.2 - Critical Asset Protection,Control Objective B.3.1 - Terminal Software Attack Mitigation,Control Objective B.3.1.1 - Terminal Software Attack Mitigation,Control Objective C.3.2 - Web Software Attack Mitigation",Insecure Interaction - CWE ID 089,"APSC-DV-002540 CAT I,APSC-DV-002560 CAT I","APSC-DV-002540 CAT I,APSC-DV-002560 CAT I","APSC-DV-002540 CAT I,APSC-DV-002560 CAT I",SQL Injection (WASC-19)
2026_SSE_mavit,1.0,SQL Injection,admin-panel1.php,15,jobs/40df99ae-e5ad-41dc-a710-6bacd5341271/work/Src/Hospital-Management-System/admin-panel1.php,Critical,Security Auditor View,Critical,false,,,,,false,false,UPDATED,Tue May 26 16:32:50 CEST 2026,,false,false,false,SCA,STATIC,Data Flow,FF858C20-4BCD-4EBA-8DBA-F1502AB06D2E,F2EA5D44FFAB4A8005351E91345BACC5,5.0,5.0,4.0,5.0,Input Validation and Representation,SQL Injection,CWE ID 89,[6] CWE ID 089,[3] CWE ID 089,"CCI-001310,CCI-002754",SI,Indirect Access to Sensitive Data,Rule 1.3,Rule 0-3-1,SI-10 Information Input Validation (P1),SI-10 Information Input Validation,"5.3.4 Output Encoding and Injection Prevention Requirements (L1 L2 L3),5.3.5 Output Encoding and Injection Prevention Requirements (L1 L2 L3)",MASVS-CODE-4,M7 Client Side Injection,A1 Injection,A1 Injection,A03 Injection,Requirement 6.5.1,Requirement 6.2.4,Control Objective 4.2 - Critical Asset Protection,"Control Objective 4.2 - Critical Asset Protection,Control Objective B.3.1 - Terminal Software Attack Mitigation,Control Objective B.3.1.1 - Terminal Software Attack Mitigation","Control Objective 4.2 - Critical Asset Protection,Control Objective B.3.1 - Terminal Software Attack Mitigation,Control Objective B.3.1.1 - Terminal Software Attack Mitigation,Control Objective C.3.2 - Web Software Attack Mitigation",Insecure Interaction - CWE ID 089,"APSC-DV-002540 CAT I,APSC-DV-002560 CAT I","APSC-DV-002540 CAT I,APSC-DV-002560 CAT I","APSC-DV-002540 CAT I,APSC-DV-002560 CAT I",SQL Injection (WASC-19)
2026_SSE_mavit,1.0,SQL Injection,admin-panel1.php,27,jobs/40df99ae-e5ad-41dc-a710-6bacd5341271/work/Src/Hospital-Management-System/admin-panel1.php,Critical,Security Auditor View,Critical,false,,,,,false,false,UPDATED,Tue May 26 16:32:50 CEST 2026,,false,false,false,SCA,STATIC,Data Flow,FF858C20-4BCD-4EBA-8DBA-F1502AB06D2E,6A1E496E03FBCA262A3BF4A31CDC9221,5.0,5.0,4.0,5.0,Input Validation and Representation,SQL Injection,CWE ID 89,[6] CWE ID 089,[3] CWE ID 089,"CCI-001310,CCI-002754",SI,Indirect Access to Sensitive Data,Rule 1.3,Rule 0-3-1,SI-10 Information Input Validation (P1),SI-10 Information Input Validation,"5.3.4 Output Encoding and Injection Prevention Requirements (L1 L2 L3),5.3.5 Output Encoding and Injection Prevention Requirements (L1 L2 L3)",MASVS-CODE-4,M7 Client Side Injection,A1 Injection,A1 Injection,A03 Injection,Requirement 6.5.1,Requirement 6.2.4,Control Objective 4.2 - Critical Asset Protection,"Control Objective 4.2 - Critical Asset Protection,Control Objective B.3.1 - Terminal Software Attack Mitigation,Control Objective B.3.1.1 - Terminal Software Attack Mitigation","Control Objective 4.2 - Critical Asset Protection,Control Objective B.3.1 - Terminal Software Attack Mitigation,Control Objective B.3.1.1 - Terminal Software Attack Mitigation,Control Objective C.3.2 - Web Software Attack Mitigation",Insecure Interaction - CWE ID 089,"APSC-DV-002540 CAT I,APSC-DV-002560 CAT I","APSC-DV-002540 CAT I,APSC-DV-002560 CAT I","APSC-DV-002540 CAT I,APSC-DV-002560 CAT I",SQL Injection (WASC-19)
2026_SSE_mavit,1.0,Cross-Site Request Forgery,admin-panel1.php,257,jobs/40df99ae-e5ad-41dc-a710-6bacd5341271/work/Src/Hospital-Management-System/admin-panel1.php,Low,Security Auditor View,Low,false,,,,,false,false,UPDATED,Tue May 26 16:32:50 CEST 2026,,false,false,false,SCA,STATIC,Content,78E0700E-56FE-45A2-A11B-6A560F730576,B914853D58E9603800EC0523898FCF8A,2.0,0.4,2.0,5.0,Encapsulation,Cross-Site Request Forgery,CWE ID 352,[9] CWE ID 352,[9] CWE ID 352,"CCI-001310,CCI-001941,CCI-001942",,Access Violation,,,SC-23 Session Authenticity (P1),SC-23 Session Authenticity,"3.5.3 Token-based Session Management (L2 L3),4.2.2 Operation Level Access Control (L1 L2 L3),13.2.3 RESTful Web Service Verification Requirements (L1 L2 L3)",,M5 Poor Authorization and Authentication,A8 Cross-Site Request Forgery (CSRF),,A01 Broken Access Control,Requirement 6.5.9,Requirement 6.2.4,Control Objective 5.4 - Authentication and Access Control,Control Objective 5.4 - Authentication and Access Control,"Control Objective 5.4 - Authentication and Access Control,Control Objective C.2.3 - Web Software Access Controls",Insecure Interaction - CWE ID 352,"APSC-DV-001620 CAT II,APSC-DV-001630 CAT II,APSC-DV-002500 CAT II","APSC-DV-001620 CAT II,APSC-DV-001630 CAT II,APSC-DV-002500 CAT II","APSC-DV-001620 CAT II,APSC-DV-001630 CAT II,APSC-DV-002500 CAT II",Cross-Site Request Forgery (WASC-09)
2026_SSE_mavit,1.0,Cross-Site Scripting: Persistent,admin-panel1.php,291,jobs/40df99ae-e5ad-41dc-a710-6bacd5341271/work/Src/Hospital-Management-System/admin-panel1.php,Critical,Security Auditor View,Critical,false,,,,,false,false,UPDATED,Tue May 26 16:32:50 CEST 2026,,false,false,false,SCA,STATIC,Data Flow,AF6C6C57-CA46-489C-B449-CFE4A5AB7202,29899E1029FE2748DD811DCBE86C5864,5.0,5.0,4.0,5.0,Input Validation and Representation,Cross-Site Scripting: Persistent,"CWE ID 79,CWE ID 80",[2] CWE ID 079,[2] CWE ID 079,"CCI-001310,CCI-002754",SI,Indirect Access to Sensitive Data,,,SI-10 Information Input Validation (P1),SI-10 Information Input Validation,"5.3.3 Output Encoding and Injection Prevention Requirements (L1 L2 L3),5.3.6 Output Encoding and Injection Prevention Requirements (L1 L2 L3)",,M7 Client Side Injection,A3 Cross-Site Scripting (XSS),A7 Cross-Site Scripting (XSS),A03 Injection,Requirement 6.5.7,Requirement 6.2.4,Control Objective 4.2 - Critical Asset Protection,"Control Objective 4.2 - Critical Asset Protection,Control Objective B.3.1 - Terminal Software Attack Mitigation,Control Objective B.3.1.1 - Terminal Software Attack Mitigation","Control Objective 4.2 - Critical Asset Protection,Control Objective B.3.1 - Terminal Software Attack Mitigation,Control Objective B.3.1.1 - Terminal Software Attack Mitigation,Control Objective C.3.2 - Web Software Attack Mitigation",Insecure Interaction - CWE ID 079,"APSC-DV-002490 CAT I,APSC-DV-002560 CAT I","APSC-DV-002490 CAT I,APSC-DV-002560 CAT I","APSC-DV-002490 CAT I,APSC-DV-002560 CAT I",Cross-Site Scripting (WASC-08)
2026_SSE_mavit,1.0,Privacy Violation,admin-panel1.php,291,jobs/40df99ae-e5ad-41dc-a710-6bacd5341271/work/Src/Hospital-Management-System/admin-panel1.php,Critical,Security Auditor View,Critical,false,,,,,false,false,UPDATED,Tue May 26 16:32:50 CEST 2026,,false,false,false,SCA,STATIC,Data Flow,64392070-1C79-4CC8-B8D9-F3EC8A83341C,4B2889C23A37BE8A30BC2045D1B686D7,4.0,2.8,3.0,5.0,Security Features,Privacy Violation,CWE ID 359,[20] CWE ID 200,,"CCI-000169,CCI-000196,CCI-000197,CCI-001199,CCI-001312,CCI-001314",,Privacy Violation,,,AC-4 Information Flow Enforcement (P1),AC-4 Information Flow Enforcement,"2.2.1 General Authenticator Requirements (L1 L2 L3),2.6.3 Look-up Secret Verifier Requirements (L2 L3),2.7.1 Out of Band Verifier Requirements (L1 L2 L3),2.7.2 Out of Band Verifier Requirements (L1 L2 L3),2.7.3 Out of Band Verifier Requirements (L1 L2 L3),2.8.4 Single or Multi Factor One Time Verifier Requirements (L2 L3),2.8.5 Single or Multi Factor One Time Verifier Requirements (L2 L3),2.10.2 Service Authentication Requirements (L2 L3),2.10.3 Service Authentication Requirements (L2 L3),3.7.1 Defenses Against Session Management Exploits (L1 L2 L3),6.2.1 Algorithms (L1 L2 L3),8.1.1 General Data Protection (L2 L3),8.1.2 General Data Protection (L2 L3),8.2.1 Client-side Data Protection (L1 L2 L3),8.2.2 Client-side Data Protection (L1 L2 L3),8.3.4 Sensitive Private Data (L1 L2 L3),8.3.6 Sensitive Private Data (L2 L3),9.2.3 Server Communications Security Requirements (L2 L3),10.2.1 Malicious Code Search (L2 L3),14.3.3 Unintended Security Disclosure Requirements (L1 L2 L3)","MASVS-STORAGE-1,MASVS-PLATFORM-2",M2 Insecure Data Storage,A6 Sensitive Data Exposure,A3 Sensitive Data Exposure,A02 Cryptographic Failures,"Requirement 3.2,Requirement 3.4,Requirement 4.2,Requirement 8.2.1","Requirement 3.3.1,Requirement 3.5.1,Requirement 4.2.2,Requirement 8.3.1","Control Objective 3.3 - Sensitive Data Retention,Control Objective 6.1 - Sensitive Data Protection,Control Objective 7 - Use of Cryptography,Control Objective A.2.3 - Cardholder Data Protection","Control Objective 3.3 - Sensitive Data Retention,Control Objective 6.1 - Sensitive Data Protection,Control Objective 7 - Use of Cryptography,Control Objective A.2.3 - Cardholder Data Protection,Control Objective B.2.5 - Terminal Software Design","Control Objective 3.3 - Sensitive Data Retention,Control Objective 6.1 - Sensitive Data Protection,Control Objective 7 - Use of Cryptography,Control Objective A.2.3 - Cardholder Data Protection,Control Objective B.2.5 - Terminal Software Design",Porous Defenses - CWE ID 311,"APSC-DV-000650 CAT II,APSC-DV-001740 CAT I,APSC-DV-001750 CAT I,APSC-DV-002330 CAT II,APSC-DV-002570 CAT II,APSC-DV-002580 CAT II","APSC-DV-000650 CAT II,APSC-DV-001740 CAT I,APSC-DV-001750 CAT I,APSC-DV-002330 CAT II,APSC-DV-002570 CAT II,APSC-DV-002580 CAT II","APSC-DV-000650 CAT II,APSC-DV-001740 CAT I,APSC-DV-001750 CAT I,APSC-DV-002330 CAT II,APSC-DV-002570 CAT II,APSC-DV-002580 CAT II",Information Leakage (WASC-13)
2026_SSE_mavit,1.0,Privacy Violation,admin-panel1.php,291,jobs/40df99ae-e5ad-41dc-a710-6bacd5341271/work/Src/Hospital-Management-System/admin-panel1.php,Critical,Security Auditor View,Critical,false,,,,,false,false,UPDATED,Tue May 26 16:32:50 CEST 2026,,false,false,false,SCA,STATIC,Data Flow,64392070-1C79-4CC8-B8D9-F3EC8A83341C,682011EDDD58F4B0E9242A4AED9FDB82,4.0,2.8,3.0,5.0,Security Features,Privacy Violation,CWE ID 359,[20] CWE ID 200,,"CCI-000169,CCI-000196,CCI-000197,CCI-001199,CCI-001312,CCI-001314",,Privacy Violation,,,AC-4 Information Flow Enforcement (P1),AC-4 Information Flow Enforcement,"2.2.1 General Authenticator Requirements (L1 L2 L3),2.6.3 Look-up Secret Verifier Requirements (L2 L3),2.7.1 Out of Band Verifier Requirements (L1 L2 L3),2.7.2 Out of Band Verifier Requirements (L1 L2 L3),2.7.3 Out of Band Verifier Requirements (L1 L2 L3),2.8.4 Single or Multi Factor One Time Verifier Requirements (L2 L3),2.8.5 Single or Multi Factor One Time Verifier Requirements (L2 L3),2.10.2 Service Authentication Requirements (L2 L3),2.10.3 Service Authentication Requirements (L2 L3),3.7.1 Defenses Against Session Management Exploits (L1 L2 L3),6.2.1 Algorithms (L1 L2 L3),8.1.1 General Data Protection (L2 L3),8.1.2 General Data Protection (L2 L3),8.2.1 Client-side Data Protection (L1 L2 L3),8.2.2 Client-side Data Protection (L1 L2 L3),8.3.4 Sensitive Private Data (L1 L2 L3),8.3.6 Sensitive Private Data (L2 L3),9.2.3 Server Communications Security Requirements (L2 L3),10.2.1 Malicious Code Search (L2 L3),14.3.3 Unintended Security Disclosure Requirements (L1 L2 L3)","MASVS-STORAGE-1,MASVS-PLATFORM-2",M2 Insecure Data Storage,A6 Sensitive Data Exposure,A3 Sensitive Data Exposure,A02 Cryptographic Failures,"Requirement 3.2,Requirement 3.4,Requirement 4.2,Requirement 8.2.1","Requirement 3.3.1,Requirement 3.5.1,Requirement 4.2.2,Requirement 8.3.1","Control Objective 3.3 - Sensitive Data Retention,Control Objective 6.1 - Sensitive Data Protection,Control Objective 7 - Use of Cryptography,Control Objective A.2.3 - Cardholder Data Protection","Control Objective 3.3 - Sensitive Data Retention,Control Objective 6.1 - Sensitive Data Protection,Control Objective 7 - Use of Cryptography,Control Objective A.2.3 - Cardholder Data Protection,Control Objective B.2.5 - Terminal Software Design","Control Objective 3.3 - Sensitive Data Retention,Control Objective 6.1 - Sensitive Data Protection,Control Objective 7 - Use of Cryptography,Control Objective A.2.3 - Cardholder Data Protection,Control Objective B.2.5 - Terminal Software Design",Porous Defenses - CWE ID 311,"APSC-DV-000650 CAT II,APSC-DV-001740 CAT I,APSC-DV-001750 CAT I,APSC-DV-002330 CAT II,APSC-DV-002570 CAT II,APSC-DV-002580 CAT II","APSC-DV-000650 CAT II,APSC-DV-001740 CAT I,APSC-DV-001750 CAT I,APSC-DV-002330 CAT II,APSC-DV-002570 CAT II,APSC-DV-002580 CAT II","APSC-DV-000650 CAT II,APSC-DV-001740 CAT I,APSC-DV-001750 CAT I,APSC-DV-002330 CAT II,APSC-DV-002570 CAT II,APSC-DV-002580 CAT II",Information Leakage (WASC-13)
2026_SSE_mavit,1.0,Cross-Site Request Forgery,admin-panel1.php,305,jobs/40df99ae-e5ad-41dc-a710-6bacd5341271/work/Src/Hospital-Management-System/admin-panel1.php,Low,Security Auditor View,Low,false,,,,,false,false,UPDATED,Tue May 26 16:32:50 CEST 2026,,false,false,false,SCA,STATIC,Content,78E0700E-56FE-45A2-A11B-6A560F730576,B914853D58E9603800EC0523898FCF8B,2.0,0.4,2.0,5.0,Encapsulation,Cross-Site Request Forgery,CWE ID 352,[9] CWE ID 352,[9] CWE ID 352,"CCI-001310,CCI-001941,CCI-001942",,Access Violation,,,SC-23 Session Authenticity (P1),SC-23 Session Authenticity,"3.5.3 Token-based Session Management (L2 L3),4.2.2 Operation Level Access Control (L1 L2 L3),13.2.3 RESTful Web Service Verification Requirements (L1 L2 L3)",,M5 Poor Authorization and Authentication,A8 Cross-Site Request Forgery (CSRF),,A01 Broken Access Control,Requirement 6.5.9,Requirement 6.2.4,Control Objective 5.4 - Authentication and Access Control,Control Objective 5.4 - Authentication and Access Control,"Control Objective 5.4 - Authentication and Access Control,Control Objective C.2.3 - Web Software Access Controls",Insecure Interaction - CWE ID 352,"APSC-DV-001620 CAT II,APSC-DV-001630 CAT II,APSC-DV-002500 CAT II","APSC-DV-001620 CAT II,APSC-DV-001630 CAT II,APSC-DV-002500 CAT II","APSC-DV-001620 CAT II,APSC-DV-001630 CAT II,APSC-DV-002500 CAT II",Cross-Site Request Forgery (WASC-09)
2026_SSE_mavit,1.0,Cross-Site Scripting: Persistent,admin-panel1.php,346,jobs/40df99ae-e5ad-41dc-a710-6bacd5341271/work/Src/Hospital-Management-System/admin-panel1.php,Critical,Security Auditor View,Critical,false,,,,,false,false,UPDATED,Tue May 26 16:32:50 CEST 2026,,false,false,false,SCA,STATIC,Data Flow,AF6C6C57-CA46-489C-B449-CFE4A5AB7202,A2C94F9FEC436DE2ABC1C2CEFBEE0666,5.0,5.0,4.0,5.0,Input Validation and Representation,Cross-Site Scripting: Persistent,"CWE ID 79,CWE ID 80",[2] CWE ID 079,[2] CWE ID 079,"CCI-001310,CCI-002754",SI,Indirect Access to Sensitive Data,,,SI-10 Information Input Validation (P1),SI-10 Information Input Validation,"5.3.3 Output Encoding and Injection Prevention Requirements (L1 L2 L3),5.3.6 Output Encoding and Injection Prevention Requirements (L1 L2 L3)",,M7 Client Side Injection,A3 Cross-Site Scripting (XSS),A7 Cross-Site Scripting (XSS),A03 Injection,Requirement 6.5.7,Requirement 6.2.4,Control Objective 4.2 - Critical Asset Protection,"Control Objective 4.2 - Critical Asset Protection,Control Objective B.3.1 - Terminal Software Attack Mitigation,Control Objective B.3.1.1 - Terminal Software Attack Mitigation","Control Objective 4.2 - Critical Asset Protection,Control Objective B.3.1 - Terminal Software Attack Mitigation,Control Objective B.3.1.1 - Terminal Software Attack Mitigation,Control Objective C.3.2 - Web Software Attack Mitigation",Insecure Interaction - CWE ID 079,"APSC-DV-002490 CAT I,APSC-DV-002560 CAT I","APSC-DV-002490 CAT I,APSC-DV-002560 CAT I","APSC-DV-002490 CAT I,APSC-DV-002560 CAT I",Cross-Site Scripting (WASC-08)
2026_SSE_mavit,1.0,Privacy Violation,admin-panel1.php,346,jobs/40df99ae-e5ad-41dc-a710-6bacd5341271/work/Src/Hospital-Management-System/admin-panel1.php,Critical,Security Auditor View,Critical,false,,,,,false,false,UPDATED,Tue May 26 16:32:50 CEST 2026,,false,false,false,SCA,STATIC,Data Flow,64392070-1C79-4CC8-B8D9-F3EC8A83341C,AEF58A1E7AA199FDF7F26B9F1C553EA1,4.0,2.8,3.0,5.0,Security Features,Privacy Violation,CWE ID 359,[20] CWE ID 200,,"CCI-000169,CCI-000196,CCI-000197,CCI-001199,CCI-001312,CCI-001314",,Privacy Violation,,,AC-4 Information Flow Enforcement (P1),AC-4 Information Flow Enforcement,"2.2.1 General Authenticator Requirements (L1 L2 L3),2.6.3 Look-up Secret Verifier Requirements (L2 L3),2.7.1 Out of Band Verifier Requirements (L1 L2 L3),2.7.2 Out of Band Verifier Requirements (L1 L2 L3),2.7.3 Out of Band Verifier Requirements (L1 L2 L3),2.8.4 Single or Multi Factor One Time Verifier Requirements (L2 L3),2.8.5 Single or Multi Factor One Time Verifier Requirements (L2 L3),2.10.2 Service Authentication Requirements (L2 L3),2.10.3 Service Authentication Requirements (L2 L3),3.7.1 Defenses Against Session Management Exploits (L1 L2 L3),6.2.1 Algorithms (L1 L2 L3),8.1.1 General Data Protection (L2 L3),8.1.2 General Data Protection (L2 L3),8.2.1 Client-side Data Protection (L1 L2 L3),8.2.2 Client-side Data Protection (L1 L2 L3),8.3.4 Sensitive Private Data (L1 L2 L3),8.3.6 Sensitive Private Data (L2 L3),9.2.3 Server Communications Security Requirements (L2 L3),10.2.1 Malicious Code Search (L2 L3),14.3.3 Unintended Security Disclosure Requirements (L1 L2 L3)","MASVS-STORAGE-1,MASVS-PLATFORM-2",M2 Insecure Data Storage,A6 Sensitive Data Exposure,A3 Sensitive Data Exposure,A02 Cryptographic Failures,"Requirement 3.2,Requirement 3.4,Requirement 4.2,Requirement 8.2.1","Requirement 3.3.1,Requirement 3.5.1,Requirement 4.2.2,Requirement 8.3.1","Control Objective 3.3 - Sensitive Data Retention,Control Objective 6.1 - Sensitive Data Protection,Control Objective 7 - Use of Cryptography,Control Objective A.2.3 - Cardholder Data Protection","Control Objective 3.3 - Sensitive Data Retention,Control Objective 6.1 - Sensitive Data Protection,Control Objective 7 - Use of Cryptography,Control Objective A.2.3 - Cardholder Data Protection,Control Objective B.2.5 - Terminal Software Design","Control Objective 3.3 - Sensitive Data Retention,Control Objective 6.1 - Sensitive Data Protection,Control Objective 7 - Use of Cryptography,Control Objective A.2.3 - Cardholder Data Protection,Control Objective B.2.5 - Terminal Software Design",Porous Defenses - CWE ID 311,"APSC-DV-000650 CAT II,APSC-DV-001740 CAT I,APSC-DV-001750 CAT I,APSC-DV-002330 CAT II,APSC-DV-002570 CAT II,APSC-DV-002580 CAT II","APSC-DV-000650 CAT II,APSC-DV-001740 CAT I,APSC-DV-001750 CAT I,APSC-DV-002330 CAT II,APSC-DV-002570 CAT II,APSC-DV-002580 CAT II","APSC-DV-000650 CAT II,APSC-DV-001740 CAT I,APSC-DV-001750 CAT I,APSC-DV-002330 CAT II,APSC-DV-002570 CAT II,APSC-DV-002580 CAT II",Information Leakage (WASC-13)
2026_SSE_mavit,1.0,Privacy Violation,admin-panel1.php,346,jobs/40df99ae-e5ad-41dc-a710-6bacd5341271/work/Src/Hospital-Management-System/admin-panel1.php,Critical,Security Auditor View,Critical,false,,,,,false,false,UPDATED,Tue May 26 16:32:50 CEST 2026,,false,false,false,SCA,STATIC,Data Flow,64392070-1C79-4CC8-B8D9-F3EC8A83341C,C08AAF3DA91891F61CC51B2BF96402BB,4.0,2.8,3.0,5.0,Security Features,Privacy Violation,CWE ID 359,[20] CWE ID 200,,"CCI-000169,CCI-000196,CCI-000197,CCI-001199,CCI-001312,CCI-001314",,Privacy Violation,,,AC-4 Information Flow Enforcement (P1),AC-4 Information Flow Enforcement,"2.2.1 General Authenticator Requirements (L1 L2 L3),2.6.3 Look-up Secret Verifier Requirements (L2 L3),2.7.1 Out of Band Verifier Requirements (L1 L2 L3),2.7.2 Out of Band Verifier Requirements (L1 L2 L3),2.7.3 Out of Band Verifier Requirements (L1 L2 L3),2.8.4 Single or Multi Factor One Time Verifier Requirements (L2 L3),2.8.5 Single or Multi Factor One Time Verifier Requirements (L2 L3),2.10.2 Service Authentication Requirements (L2 L3),2.10.3 Service Authentication Requirements (L2 L3),3.7.1 Defenses Against Session Management Exploits (L1 L2 L3),6.2.1 Algorithms (L1 L2 L3),8.1.1 General Data Protection (L2 L3),8.1.2 General Data Protection (L2 L3),8.2.1 Client-side Data Protection (L1 L2 L3),8.2.2 Client-side Data Protection (L1 L2 L3),8.3.4 Sensitive Private Data (L1 L2 L3),8.3.6 Sensitive Private Data (L2 L3),9.2.3 Server Communications Security Requirements (L2 L3),10.2.1 Malicious Code Search (L2 L3),14.3.3 Unintended Security Disclosure Requirements (L1 L2 L3)","MASVS-STORAGE-1,MASVS-PLATFORM-2",M2 Insecure Data Storage,A6 Sensitive Data Exposure,A3 Sensitive Data Exposure,A02 Cryptographic Failures,"Requirement 3.2,Requirement 3.4,Requirement 4.2,Requirement 8.2.1","Requirement 3.3.1,Requirement 3.5.1,Requirement 4.2.2,Requirement 8.3.1","Control Objective 3.3 - Sensitive Data Retention,Control Objective 6.1 - Sensitive Data Protection,Control Objective 7 - Use of Cryptography,Control Objective A.2.3 - Cardholder Data Protection","Control Objective 3.3 - Sensitive Data Retention,Control Objective 6.1 - Sensitive Data Protection,Control Objective 7 - Use of Cryptography,Control Objective A.2.3 - Cardholder Data Protection,Control Objective B.2.5 - Terminal Software Design","Control Objective 3.3 - Sensitive Data Retention,Control Objective 6.1 - Sensitive Data Protection,Control Objective 7 - Use of Cryptography,Control Objective A.2.3 - Cardholder Data Protection,Control Objective B.2.5 - Terminal Software Design",Porous Defenses - CWE ID 311,"APSC-DV-000650 CAT II,APSC-DV-001740 CAT I,APSC-DV-001750 CAT I,APSC-DV-002330 CAT II,APSC-DV-002570 CAT II,APSC-DV-002580 CAT II","APSC-DV-000650 CAT II,APSC-DV-001740 CAT I,APSC-DV-001750 CAT I,APSC-DV-002330 CAT II,APSC-DV-002570 CAT II,APSC-DV-002580 CAT II","APSC-DV-000650 CAT II,APSC-DV-001740 CAT I,APSC-DV-001750 CAT I,APSC-DV-002330 CAT II,APSC-DV-002570 CAT II,APSC-DV-002580 CAT II",Information Leakage (WASC-13)
2026_SSE_mavit,1.0,Cross-Site Scripting: Persistent,admin-panel1.php,409,jobs/40df99ae-e5ad-41dc-a710-6bacd5341271/work/Src/Hospital-Management-System/admin-panel1.php,Critical,Security Auditor View,Critical,false,,,,,false,false,UPDATED,Tue May 26 16:32:50 CEST 2026,,false,false,false,SCA,STATIC,Data Flow,AF6C6C57-CA46-489C-B449-CFE4A5AB7202,DFED552B85BF4E5A8DC8553E43F40B72,5.0,5.0,4.0,5.0,Input Validation and Representation,Cross-Site Scripting: Persistent,"CWE ID 79,CWE ID 80",[2] CWE ID 079,[2] CWE ID 079,"CCI-001310,CCI-002754",SI,Indirect Access to Sensitive Data,,,SI-10 Information Input Validation (P1),SI-10 Information Input Validation,"5.3.3 Output Encoding and Injection Prevention Requirements (L1 L2 L3),5.3.6 Output Encoding and Injection Prevention Requirements (L1 L2 L3)",,M7 Client Side Injection,A3 Cross-Site Scripting (XSS),A7 Cross-Site Scripting (XSS),A03 Injection,Requirement 6.5.7,Requirement 6.2.4,Control Objective 4.2 - Critical Asset Protection,"Control Objective 4.2 - Critical Asset Protection,Control Objective B.3.1 - Terminal Software Attack Mitigation,Control Objective B.3.1.1 - Terminal Software Attack Mitigation","Control Objective 4.2 - Critical Asset Protection,Control Objective B.3.1 - Terminal Software Attack Mitigation,Control Objective B.3.1.1 - Terminal Software Attack Mitigation,Control Objective C.3.2 - Web Software Attack Mitigation",Insecure Interaction - CWE ID 079,"APSC-DV-002490 CAT I,APSC-DV-002560 CAT I","APSC-DV-002490 CAT I,APSC-DV-002560 CAT I","APSC-DV-002490 CAT I,APSC-DV-002560 CAT I",Cross-Site Scripting (WASC-08)
2026_SSE_mavit,1.0,Cross-Site Request Forgery,admin-panel1.php,427,jobs/40df99ae-e5ad-41dc-a710-6bacd5341271/work/Src/Hospital-Management-System/admin-panel1.php,Low,Security Auditor View,Low,false,,,,,false,false,UPDATED,Tue May 26 16:32:50 CEST 2026,,false,false,false,SCA,STATIC,Content,78E0700E-56FE-45A2-A11B-6A560F730576,B914853D58E9603800EC0523898FCF8C,2.0,0.4,2.0,5.0,Encapsulation,Cross-Site Request Forgery,CWE ID 352,[9] CWE ID 352,[9] CWE ID 352,"CCI-001310,CCI-001941,CCI-001942",,Access Violation,,,SC-23 Session Authenticity (P1),SC-23 Session Authenticity,"3.5.3 Token-based Session Management (L2 L3),4.2.2 Operation Level Access Control (L1 L2 L3),13.2.3 RESTful Web Service Verification Requirements (L1 L2 L3)",,M5 Poor Authorization and Authentication,A8 Cross-Site Request Forgery (CSRF),,A01 Broken Access Control,Requirement 6.5.9,Requirement 6.2.4,Control Objective 5.4 - Authentication and Access Control,Control Objective 5.4 - Authentication and Access Control,"Control Objective 5.4 - Authentication and Access Control,Control Objective C.2.3 - Web Software Access Controls",Insecure Interaction - CWE ID 352,"APSC-DV-001620 CAT II,APSC-DV-001630 CAT II,APSC-DV-002500 CAT II","APSC-DV-001620 CAT II,APSC-DV-001630 CAT II,APSC-DV-002500 CAT II","APSC-DV-001620 CAT II,APSC-DV-001630 CAT II,APSC-DV-002500 CAT II",Cross-Site Request Forgery (WASC-09)
2026_SSE_mavit,1.0,Cross-Site Scripting: Persistent,admin-panel1.php,462,jobs/40df99ae-e5ad-41dc-a710-6bacd5341271/work/Src/Hospital-Management-System/admin-panel1.php,Critical,Security Auditor View,Critical,false,,,,,false,false,UPDATED,Tue May 26 16:32:50 CEST 2026,,false,false,false,SCA,STATIC,Data Flow,AF6C6C57-CA46-489C-B449-CFE4A5AB7202,D4047AFC7EFD89446EA3DE2A7B32A20D,5.0,5.0,4.0,5.0,Input Validation and Representation,Cross-Site Scripting: Persistent,"CWE ID 79,CWE ID 80",[2] CWE ID 079,[2] CWE ID 079,"CCI-001310,CCI-002754",SI,Indirect Access to Sensitive Data,,,SI-10 Information Input Validation (P1),SI-10 Information Input Validation,"5.3.3 Output Encoding and Injection Prevention Requirements (L1 L2 L3),5.3.6 Output Encoding and Injection Prevention Requirements (L1 L2 L3)",,M7 Client Side Injection,A3 Cross-Site Scripting (XSS),A7 Cross-Site Scripting (XSS),A03 Injection,Requirement 6.5.7,Requirement 6.2.4,Control Objective 4.2 - Critical Asset Protection,"Control Objective 4.2 - Critical Asset Protection,Control Objective B.3.1 - Terminal Software Attack Mitigation,Control Objective B.3.1.1 - Terminal Software Attack Mitigation","Control Objective 4.2 - Critical Asset Protection,Control Objective B.3.1 - Terminal Software Attack Mitigation,Control Objective B.3.1.1 - Terminal Software Attack Mitigation,Control Objective C.3.2 - Web Software Attack Mitigation",Insecure Interaction - CWE ID 079,"APSC-DV-002490 CAT I,APSC-DV-002560 CAT I","APSC-DV-002490 CAT I,APSC-DV-002560 CAT I","APSC-DV-002490 CAT I,APSC-DV-002560 CAT I",Cross-Site Scripting (WASC-08)
2026_SSE_mavit,1.0,Cross-Site Scripting: Persistent,admin-panel1.php,463,jobs/40df99ae-e5ad-41dc-a710-6bacd5341271/work/Src/Hospital-Management-System/admin-panel1.php,Critical,Security Auditor View,Critical,false,,,,,false,false,UPDATED,Tue May 26 16:32:50 CEST 2026,,false,false,false,SCA,STATIC,Data Flow,AF6C6C57-CA46-489C-B449-CFE4A5AB7202,3E41600AB0DF3E42A4AB60D9632A5924,5.0,5.0,4.0,5.0,Input Validation and Representation,Cross-Site Scripting: Persistent,"CWE ID 79,CWE ID 80",[2] CWE ID 079,[2] CWE ID 079,"CCI-001310,CCI-002754",SI,Indirect Access to Sensitive Data,,,SI-10 Information Input Validation (P1),SI-10 Information Input Validation,"5.3.3 Output Encoding and Injection Prevention Requirements (L1 L2 L3),5.3.6 Output Encoding and Injection Prevention Requirements (L1 L2 L3)",,M7 Client Side Injection,A3 Cross-Site Scripting (XSS),A7 Cross-Site Scripting (XSS),A03 Injection,Requirement 6.5.7,Requirement 6.2.4,Control Objective 4.2 - Critical Asset Protection,"Control Objective 4.2 - Critical Asset Protection,Control Objective B.3.1 - Terminal Software Attack Mitigation,Control Objective B.3.1.1 - Terminal Software Attack Mitigation","Control Objective 4.2 - Critical Asset Protection,Control Objective B.3.1 - Terminal Software Attack Mitigation,Control Objective B.3.1.1 - Terminal Software Attack Mitigation,Control Objective C.3.2 - Web Software Attack Mitigation",Insecure Interaction - CWE ID 079,"APSC-DV-002490 CAT I,APSC-DV-002560 CAT I","APSC-DV-002490 CAT I,APSC-DV-002560 CAT I","APSC-DV-002490 CAT I,APSC-DV-002560 CAT I",Cross-Site Scripting (WASC-08)
2026_SSE_mavit,1.0,Cross-Site Scripting: Persistent,admin-panel1.php,464,jobs/40df99ae-e5ad-41dc-a710-6bacd5341271/work/Src/Hospital-Management-System/admin-panel1.php,Critical,Security Auditor View,Critical,false,,,,,false,false,UPDATED,Tue May 26 16:32:50 CEST 2026,,false,false,false,SCA,STATIC,Data Flow,AF6C6C57-CA46-489C-B449-CFE4A5AB7202,747BD1388B974093F71D99148F8CFCF5,5.0,5.0,4.0,5.0,Input Validation and Representation,Cross-Site Scripting: Persistent,"CWE ID 79,CWE ID 80",[2] CWE ID 079,[2] CWE ID 079,"CCI-001310,CCI-002754",SI,Indirect Access to Sensitive Data,,,SI-10 Information Input Validation (P1),SI-10 Information Input Validation,"5.3.3 Output Encoding and Injection Prevention Requirements (L1 L2 L3),5.3.6 Output Encoding and Injection Prevention Requirements (L1 L2 L3)",,M7 Client Side Injection,A3 Cross-Site Scripting (XSS),A7 Cross-Site Scripting (XSS),A03 Injection,Requirement 6.5.7,Requirement 6.2.4,Control Objective 4.2 - Critical Asset Protection,"Control Objective 4.2 - Critical Asset Protection,Control Objective B.3.1 - Terminal Software Attack Mitigation,Control Objective B.3.1.1 - Terminal Software Attack Mitigation","Control Objective 4.2 - Critical Asset Protection,Control Objective B.3.1 - Terminal Software Attack Mitigation,Control Objective B.3.1.1 - Terminal Software Attack Mitigation,Control Objective C.3.2 - Web Software Attack Mitigation",Insecure Interaction - CWE ID 079,"APSC-DV-002490 CAT I,APSC-DV-002560 CAT I","APSC-DV-002490 CAT I,APSC-DV-002560 CAT I","APSC-DV-002490 CAT I,APSC-DV-002560 CAT I",Cross-Site Scripting (WASC-08)
2026_SSE_mavit,1.0,Cross-Site Scripting: Persistent,admin-panel1.php,465,jobs/40df99ae-e5ad-41dc-a710-6bacd5341271/work/Src/Hospital-Management-System/admin-panel1.php,Critical,Security Auditor View,Critical,false,,,,,false,false,UPDATED,Tue May 26 16:32:50 CEST 2026,,false,false,false,SCA,STATIC,Data Flow,AF6C6C57-CA46-489C-B449-CFE4A5AB7202,B1B1A3FF37C83CA7F8CB346A6DAB9D02,5.0,5.0,4.0,5.0,Input Validation and Representation,Cross-Site Scripting: Persistent,"CWE ID 79,CWE ID 80",[2] CWE ID 079,[2] CWE ID 079,"CCI-001310,CCI-002754",SI,Indirect Access to Sensitive Data,,,SI-10 Information Input Validation (P1),SI-10 Information Input Validation,"5.3.3 Output Encoding and Injection Prevention Requirements (L1 L2 L3),5.3.6 Output Encoding and Injection Prevention Requirements (L1 L2 L3)",,M7 Client Side Injection,A3 Cross-Site Scripting (XSS),A7 Cross-Site Scripting (XSS),A03 Injection,Requirement 6.5.7,Requirement 6.2.4,Control Objective 4.2 - Critical Asset Protection,"Control Objective 4.2 - Critical Asset Protection,Control Objective B.3.1 - Terminal Software Attack Mitigation,Control Objective B.3.1.1 - Terminal Software Attack Mitigation","Control Objective 4.2 - Critical Asset Protection,Control Objective B.3.1 - Terminal Software Attack Mitigation,Control Objective B.3.1.1 - Terminal Software Attack Mitigation,Control Objective C.3.2 - Web Software Attack Mitigation",Insecure Interaction - CWE ID 079,"APSC-DV-002490 CAT I,APSC-DV-002560 CAT I","APSC-DV-002490 CAT I,APSC-DV-002560 CAT I","APSC-DV-002490 CAT I,APSC-DV-002560 CAT I",Cross-Site Scripting (WASC-08)
2026_SSE_mavit,1.0,Cross-Site Scripting: Persistent,admin-panel1.php,466,jobs/40df99ae-e5ad-41dc-a710-6bacd5341271/work/Src/Hospital-Management-System/admin-panel1.php,Critical,Security Auditor View,Critical,false,,,,,false,false,UPDATED,Tue May 26 16:32:50 CEST 2026,,false,false,false,SCA,STATIC,Data Flow,AF6C6C57-CA46-489C-B449-CFE4A5AB7202,2A26E18D2429C5E4E11E80E08B7CB88E,5.0,5.0,4.0,5.0,Input Validation and Representation,Cross-Site Scripting: Persistent,"CWE ID 79,CWE ID 80",[2] CWE ID 079,[2] CWE ID 079,"CCI-001310,CCI-002754",SI,Indirect Access to Sensitive Data,,,SI-10 Information Input Validation (P1),SI-10 Information Input Validation,"5.3.3 Output Encoding and Injection Prevention Requirements (L1 L2 L3),5.3.6 Output Encoding and Injection Prevention Requirements (L1 L2 L3)",,M7 Client Side Injection,A3 Cross-Site Scripting (XSS),A7 Cross-Site Scripting (XSS),A03 Injection,Requirement 6.5.7,Requirement 6.2.4,Control Objective 4.2 - Critical Asset Protection,"Control Objective 4.2 - Critical Asset Protection,Control Objective B.3.1 - Terminal Software Attack Mitigation,Control Objective B.3.1.1 - Terminal Software Attack Mitigation","Control Objective 4.2 - Critical Asset Protection,Control Objective B.3.1 - Terminal Software Attack Mitigation,Control Objective B.3.1.1 - Terminal Software Attack Mitigation,Control Objective C.3.2 - Web Software Attack Mitigation",Insecure Interaction - CWE ID 079,"APSC-DV-002490 CAT I,APSC-DV-002560 CAT I","APSC-DV-002490 CAT I,APSC-DV-002560 CAT I","APSC-DV-002490 CAT I,APSC-DV-002560 CAT I",Cross-Site Scripting (WASC-08)
2026_SSE_mavit,1.0,Cross-Site Scripting: Persistent,admin-panel1.php,467,jobs/40df99ae-e5ad-41dc-a710-6bacd5341271/work/Src/Hospital-Management-System/admin-panel1.php,Critical,Security Auditor View,Critical,false,,,,,false,false,UPDATED,Tue May 26 16:32:50 CEST 2026,,false,false,false,SCA,STATIC,Data Flow,AF6C6C57-CA46-489C-B449-CFE4A5AB7202,569AAA6EEE2ABDECC1D3D91A60F9A898,5.0,5.0,4.0,5.0,Input Validation and Representation,Cross-Site Scripting: Persistent,"CWE ID 79,CWE ID 80",[2] CWE ID 079,[2] CWE ID 079,"CCI-001310,CCI-002754",SI,Indirect Access to Sensitive Data,,,SI-10 Information Input Validation (P1),SI-10 Information Input Validation,"5.3.3 Output Encoding and Injection Prevention Requirements (L1 L2 L3),5.3.6 Output Encoding and Injection Prevention Requirements (L1 L2 L3)",,M7 Client Side Injection,A3 Cross-Site Scripting (XSS),A7 Cross-Site Scripting (XSS),A03 Injection,Requirement 6.5.7,Requirement 6.2.4,Control Objective 4.2 - Critical Asset Protection,"Control Objective 4.2 - Critical Asset Protection,Control Objective B.3.1 - Terminal Software Attack Mitigation,Control Objective B.3.1.1 - Terminal Software Attack Mitigation","Control Objective 4.2 - Critical Asset Protection,Control Objective B.3.1 - Terminal Software Attack Mitigation,Control Objective B.3.1.1 - Terminal Software Attack Mitigation,Control Objective C.3.2 - Web Software Attack Mitigation",Insecure Interaction - CWE ID 079,"APSC-DV-002490 CAT I,APSC-DV-002560 CAT I","APSC-DV-002490 CAT I,APSC-DV-002560 CAT I","APSC-DV-002490 CAT I,APSC-DV-002560 CAT I",Cross-Site Scripting (WASC-08)
2026_SSE_mavit,1.0,Cross-Site Scripting: Persistent,admin-panel1.php,468,jobs/40df99ae-e5ad-41dc-a710-6bacd5341271/work/Src/Hospital-Management-System/admin-panel1.php,Critical,Security Auditor View,Critical,false,,,,,false,false,UPDATED,Tue May 26 16:32:50 CEST 2026,,false,false,false,SCA,STATIC,Data Flow,AF6C6C57-CA46-489C-B449-CFE4A5AB7202,48A1EBBC3CB7F08DE9E52979891D2B84,5.0,5.0,4.0,5.0,Input Validation and Representation,Cross-Site Scripting: Persistent,"CWE ID 79,CWE ID 80",[2] CWE ID 079,[2] CWE ID 079,"CCI-001310,CCI-002754",SI,Indirect Access to Sensitive Data,,,SI-10 Information Input Validation (P1),SI-10 Information Input Validation,"5.3.3 Output Encoding and Injection Prevention Requirements (L1 L2 L3),5.3.6 Output Encoding and Injection Prevention Requirements (L1 L2 L3)",,M7 Client Side Injection,A3 Cross-Site Scripting (XSS),A7 Cross-Site Scripting (XSS),A03 Injection,Requirement 6.5.7,Requirement 6.2.4,Control Objective 4.2 - Critical Asset Protection,"Control Objective 4.2 - Critical Asset Protection,Control Objective B.3.1 - Terminal Software Attack Mitigation,Control Objective B.3.1.1 - Terminal Software Attack Mitigation","Control Objective 4.2 - Critical Asset Protection,Control Objective B.3.1 - Terminal Software Attack Mitigation,Control Objective B.3.1.1 - Terminal Software Attack Mitigation,Control Objective C.3.2 - Web Software Attack Mitigation",Insecure Interaction - CWE ID 079,"APSC-DV-002490 CAT I,APSC-DV-002560 CAT I","APSC-DV-002490 CAT I,APSC-DV-002560 CAT I","APSC-DV-002490 CAT I,APSC-DV-002560 CAT I",Cross-Site Scripting (WASC-08)
2026_SSE_mavit,1.0,Cross-Site Scripting: Persistent,admin-panel1.php,469,jobs/40df99ae-e5ad-41dc-a710-6bacd5341271/work/Src/Hospital-Management-System/admin-panel1.php,Critical,Security Auditor View,Critical,false,,,,,false,false,UPDATED,Tue May 26 16:32:50 CEST 2026,,false,false,false,SCA,STATIC,Data Flow,AF6C6C57-CA46-489C-B449-CFE4A5AB7202,0691CDC57CF8D0016BF5FAC06757AB1C,5.0,5.0,4.0,5.0,Input Validation and Representation,Cross-Site Scripting: Persistent,"CWE ID 79,CWE ID 80",[2] CWE ID 079,[2] CWE ID 079,"CCI-001310,CCI-002754",SI,Indirect Access to Sensitive Data,,,SI-10 Information Input Validation (P1),SI-10 Information Input Validation,"5.3.3 Output Encoding and Injection Prevention Requirements (L1 L2 L3),5.3.6 Output Encoding and Injection Prevention Requirements (L1 L2 L3)",,M7 Client Side Injection,A3 Cross-Site Scripting (XSS),A7 Cross-Site Scripting (XSS),A03 Injection,Requirement 6.5.7,Requirement 6.2.4,Control Objective 4.2 - Critical Asset Protection,"Control Objective 4.2 - Critical Asset Protection,Control Objective B.3.1 - Terminal Software Attack Mitigation,Control Objective B.3.1.1 - Terminal Software Attack Mitigation","Control Objective 4.2 - Critical Asset Protection,Control Objective B.3.1 - Terminal Software Attack Mitigation,Control Objective B.3.1.1 - Terminal Software Attack Mitigation,Control Objective C.3.2 - Web Software Attack Mitigation",Insecure Interaction - CWE ID 079,"APSC-DV-002490 CAT I,APSC-DV-002560 CAT I","APSC-DV-002490 CAT I,APSC-DV-002560 CAT I","APSC-DV-002490 CAT I,APSC-DV-002560 CAT I",Cross-Site Scripting (WASC-08)
2026_SSE_mavit,1.0,Cross-Site Scripting: Persistent,admin-panel1.php,470,jobs/40df99ae-e5ad-41dc-a710-6bacd5341271/work/Src/Hospital-Management-System/admin-panel1.php,Critical,Security Auditor View,Critical,false,,,,,false,false,UPDATED,Tue May 26 16:32:50 CEST 2026,,false,false,false,SCA,STATIC,Data Flow,AF6C6C57-CA46-489C-B449-CFE4A5AB7202,99EE0AD1F1B73F42895535D0C13ED905,5.0,5.0,4.0,5.0,Input Validation and Representation,Cross-Site Scripting: Persistent,"CWE ID 79,CWE ID 80",[2] CWE ID 079,[2] CWE ID 079,"CCI-001310,CCI-002754",SI,Indirect Access to Sensitive Data,,,SI-10 Information Input Validation (P1),SI-10 Information Input Validation,"5.3.3 Output Encoding and Injection Prevention Requirements (L1 L2 L3),5.3.6 Output Encoding and Injection Prevention Requirements (L1 L2 L3)",,M7 Client Side Injection,A3 Cross-Site Scripting (XSS),A7 Cross-Site Scripting (XSS),A03 Injection,Requirement 6.5.7,Requirement 6.2.4,Control Objective 4.2 - Critical Asset Protection,"Control Objective 4.2 - Critical Asset Protection,Control Objective B.3.1 - Terminal Software Attack Mitigation,Control Objective B.3.1.1 - Terminal Software Attack Mitigation","Control Objective 4.2 - Critical Asset Protection,Control Objective B.3.1 - Terminal Software Attack Mitigation,Control Objective B.3.1.1 - Terminal Software Attack Mitigation,Control Objective C.3.2 - Web Software Attack Mitigation",Insecure Interaction - CWE ID 079,"APSC-DV-002490 CAT I,APSC-DV-002560 CAT I","APSC-DV-002490 CAT I,APSC-DV-002560 CAT I","APSC-DV-002490 CAT I,APSC-DV-002560 CAT I",Cross-Site Scripting (WASC-08)
2026_SSE_mavit,1.0,Cross-Site Scripting: Persistent,admin-panel1.php,471,jobs/40df99ae-e5ad-41dc-a710-6bacd5341271/work/Src/Hospital-Management-System/admin-panel1.php,Critical,Security Auditor View,Critical,false,,,,,false,false,UPDATED,Tue May 26 16:32:50 CEST 2026,,false,false,false,SCA,STATIC,Data Flow,AF6C6C57-CA46-489C-B449-CFE4A5AB7202,0E2FFD82BAB6D5B6029CA7E3DF20E9EC,5.0,5.0,4.0,5.0,Input Validation and Representation,Cross-Site Scripting: Persistent,"CWE ID 79,CWE ID 80",[2] CWE ID 079,[2] CWE ID 079,"CCI-001310,CCI-002754",SI,Indirect Access to Sensitive Data,,,SI-10 Information Input Validation (P1),SI-10 Information Input Validation,"5.3.3 Output Encoding and Injection Prevention Requirements (L1 L2 L3),5.3.6 Output Encoding and Injection Prevention Requirements (L1 L2 L3)",,M7 Client Side Injection,A3 Cross-Site Scripting (XSS),A7 Cross-Site Scripting (XSS),A03 Injection,Requirement 6.5.7,Requirement 6.2.4,Control Objective 4.2 - Critical Asset Protection,"Control Objective 4.2 - Critical Asset Protection,Control Objective B.3.1 - Terminal Software Attack Mitigation,Control Objective B.3.1.1 - Terminal Software Attack Mitigation","Control Objective 4.2 - Critical Asset Protection,Control Objective B.3.1 - Terminal Software Attack Mitigation,Control Objective B.3.1.1 - Terminal Software Attack Mitigation,Control Objective C.3.2 - Web Software Attack Mitigation",Insecure Interaction - CWE ID 079,"APSC-DV-002490 CAT I,APSC-DV-002560 CAT I","APSC-DV-002490 CAT I,APSC-DV-002560 CAT I","APSC-DV-002490 CAT I,APSC-DV-002560 CAT I",Cross-Site Scripting (WASC-08)
2026_SSE_mavit,1.0,Cross-Site Scripting: Persistent,admin-panel1.php,472,jobs/40df99ae-e5ad-41dc-a710-6bacd5341271/work/Src/Hospital-Management-System/admin-panel1.php,Critical,Security Auditor View,Critical,false,,,,,false,false,UPDATED,Tue May 26 16:32:50 CEST 2026,,false,false,false,SCA,STATIC,Data Flow,AF6C6C57-CA46-489C-B449-CFE4A5AB7202,0BC93CCC6932DD194F33D3E7FCDA59D5,5.0,5.0,4.0,5.0,Input Validation and Representation,Cross-Site Scripting: Persistent,"CWE ID 79,CWE ID 80",[2] CWE ID 079,[2] CWE ID 079,"CCI-001310,CCI-002754",SI,Indirect Access to Sensitive Data,,,SI-10 Information Input Validation (P1),SI-10 Information Input Validation,"5.3.3 Output Encoding and Injection Prevention Requirements (L1 L2 L3),5.3.6 Output Encoding and Injection Prevention Requirements (L1 L2 L3)",,M7 Client Side Injection,A3 Cross-Site Scripting (XSS),A7 Cross-Site Scripting (XSS),A03 Injection,Requirement 6.5.7,Requirement 6.2.4,Control Objective 4.2 - Critical Asset Protection,"Control Objective 4.2 - Critical Asset Protection,Control Objective B.3.1 - Terminal Software Attack Mitigation,Control Objective B.3.1.1 - Terminal Software Attack Mitigation","Control Objective 4.2 - Critical Asset Protection,Control Objective B.3.1 - Terminal Software Attack Mitigation,Control Objective B.3.1.1 - Terminal Software Attack Mitigation,Control Objective C.3.2 - Web Software Attack Mitigation",Insecure Interaction - CWE ID 079,"APSC-DV-002490 CAT I,APSC-DV-002560 CAT I","APSC-DV-002490 CAT I,APSC-DV-002560 CAT I","APSC-DV-002490 CAT I,APSC-DV-002560 CAT I",Cross-Site Scripting (WASC-08)
2026_SSE_mavit,1.0,Cross-Site Request Forgery,admin-panel1.php,498,jobs/40df99ae-e5ad-41dc-a710-6bacd5341271/work/Src/Hospital-Management-System/admin-panel1.php,Low,Security Auditor View,Low,false,,,,,false,false,UPDATED,Tue May 26 16:32:50 CEST 2026,,false,false,false,SCA,STATIC,Content,78E0700E-56FE-45A2-A11B-6A560F730576,B914853D58E9603800EC0523898FCF8D,2.0,0.4,2.0,5.0,Encapsulation,Cross-Site Request Forgery,CWE ID 352,[9] CWE ID 352,[9] CWE ID 352,"CCI-001310,CCI-001941,CCI-001942",,Access Violation,,,SC-23 Session Authenticity (P1),SC-23 Session Authenticity,"3.5.3 Token-based Session Management (L2 L3),4.2.2 Operation Level Access Control (L1 L2 L3),13.2.3 RESTful Web Service Verification Requirements (L1 L2 L3)",,M5 Poor Authorization and Authentication,A8 Cross-Site Request Forgery (CSRF),,A01 Broken Access Control,Requirement 6.5.9,Requirement 6.2.4,Control Objective 5.4 - Authentication and Access Control,Control Objective 5.4 - Authentication and Access Control,"Control Objective 5.4 - Authentication and Access Control,Control Objective C.2.3 - Web Software Access Controls",Insecure Interaction - CWE ID 352,"APSC-DV-001620 CAT II,APSC-DV-001630 CAT II,APSC-DV-002500 CAT II","APSC-DV-001620 CAT II,APSC-DV-001630 CAT II,APSC-DV-002500 CAT II","APSC-DV-001620 CAT II,APSC-DV-001630 CAT II,APSC-DV-002500 CAT II",Cross-Site Request Forgery (WASC-09)
2026_SSE_mavit,1.0,Privacy Violation: Autocomplete,admin-panel1.php,515,jobs/40df99ae-e5ad-41dc-a710-6bacd5341271/work/Src/Hospital-Management-System/admin-panel1.php,High,Security Auditor View,High,false,,,,,false,false,UPDATED,Tue May 26 16:32:50 CEST 2026,,false,false,false,SCA,STATIC,Content,2FC7D1FF-11E4-468E-B7AB-F127828F4016,3448EB01D8E7C8AC7726AC40502CBDB4,4.0,1.6,3.0,5.0,Security Features,Privacy Violation: Autocomplete,CWE ID 525,,,"CCI-000196,CCI-002361",,Privacy Violation,,,AC-4 Information Flow Enforcement (P1),AC-4 Information Flow Enforcement,"8.1.1 General Data Protection (L2 L3),8.1.2 General Data Protection (L2 L3),8.2.1 Client-side Data Protection (L1 L2 L3)","MASVS-STORAGE-2,MASVS-PLATFORM-3",M4 Unintended Data Leakage,A6 Sensitive Data Exposure,A3 Sensitive Data Exposure,A04 Insecure Design,Requirement 3.2,Requirement 3.3.1,"Control Objective 3.3 - Sensitive Data Retention,Control Objective 6.1 - Sensitive Data Protection","Control Objective 3.3 - Sensitive Data Retention,Control Objective 6.1 - Sensitive Data Protection","Control Objective 3.3 - Sensitive Data Retention,Control Objective 6.1 - Sensitive Data Protection",,"APSC-DV-000060 CAT II,APSC-DV-001740 CAT I","APSC-DV-000060 CAT II,APSC-DV-001740 CAT I","APSC-DV-000060 CAT II,APSC-DV-001740 CAT I",Information Leakage (WASC-13)
2026_SSE_mavit,1.0,Privacy Violation: Autocomplete,admin-panel1.php,517,jobs/40df99ae-e5ad-41dc-a710-6bacd5341271/work/Src/Hospital-Management-System/admin-panel1.php,High,Security Auditor View,High,false,,,,,false,false,UPDATED,Tue May 26 16:32:50 CEST 2026,,false,false,false,SCA,STATIC,Content,2FC7D1FF-11E4-468E-B7AB-F127828F4016,3448EB01D8E7C8AC7726AC40502CBDB5,4.0,1.6,3.0,5.0,Security Features,Privacy Violation: Autocomplete,CWE ID 525,,,"CCI-000196,CCI-002361",,Privacy Violation,,,AC-4 Information Flow Enforcement (P1),AC-4 Information Flow Enforcement,"8.1.1 General Data Protection (L2 L3),8.1.2 General Data Protection (L2 L3),8.2.1 Client-side Data Protection (L1 L2 L3)","MASVS-STORAGE-2,MASVS-PLATFORM-3",M4 Unintended Data Leakage,A6 Sensitive Data Exposure,A3 Sensitive Data Exposure,A04 Insecure Design,Requirement 3.2,Requirement 3.3.1,"Control Objective 3.3 - Sensitive Data Retention,Control Objective 6.1 - Sensitive Data Protection","Control Objective 3.3 - Sensitive Data Retention,Control Objective 6.1 - Sensitive Data Protection","Control Objective 3.3 - Sensitive Data Retention,Control Objective 6.1 - Sensitive Data Protection",,"APSC-DV-000060 CAT II,APSC-DV-001740 CAT I","APSC-DV-000060 CAT II,APSC-DV-001740 CAT I","APSC-DV-000060 CAT II,APSC-DV-001740 CAT I",Information Leakage (WASC-13)
2026_SSE_mavit,1.0,Cross-Site Request Forgery,admin-panel1.php,528,jobs/40df99ae-e5ad-41dc-a710-6bacd5341271/work/Src/Hospital-Management-System/admin-panel1.php,Low,Security Auditor View,Low,false,,,,,false,false,UPDATED,Tue May 26 16:32:50 CEST 2026,,false,false,false,SCA,STATIC,Content,78E0700E-56FE-45A2-A11B-6A560F730576,B914853D58E9603800EC0523898FCF8E,2.0,0.4,2.0,5.0,Encapsulation,Cross-Site Request Forgery,CWE ID 352,[9] CWE ID 352,[9] CWE ID 352,"CCI-001310,CCI-001941,CCI-001942",,Access Violation,,,SC-23 Session Authenticity (P1),SC-23 Session Authenticity,"3.5.3 Token-based Session Management (L2 L3),4.2.2 Operation Level Access Control (L1 L2 L3),13.2.3 RESTful Web Service Verification Requirements (L1 L2 L3)",,M5 Poor Authorization and Authentication,A8 Cross-Site Request Forgery (CSRF),,A01 Broken Access Control,Requirement 6.5.9,Requirement 6.2.4,Control Objective 5.4 - Authentication and Access Control,Control Objective 5.4 - Authentication and Access Control,"Control Objective 5.4 - Authentication and Access Control,Control Objective C.2.3 - Web Software Access Controls",Insecure Interaction - CWE ID 352,"APSC-DV-001620 CAT II,APSC-DV-001630 CAT II,APSC-DV-002500 CAT II","APSC-DV-001620 CAT II,APSC-DV-001630 CAT II,APSC-DV-002500 CAT II","APSC-DV-001620 CAT II,APSC-DV-001630 CAT II,APSC-DV-002500 CAT II",Cross-Site Request Forgery (WASC-09)
2026_SSE_mavit,1.0,Cross-Site Request Forgery,admin-panel1.php,545,jobs/40df99ae-e5ad-41dc-a710-6bacd5341271/work/Src/Hospital-Management-System/admin-panel1.php,Low,Security Auditor View,Low,false,,,,,false,false,UPDATED,Tue May 26 16:32:50 CEST 2026,,false,false,false,SCA,STATIC,Content,78E0700E-56FE-45A2-A11B-6A560F730576,B914853D58E9603800EC0523898FCF8F,2.0,0.4,2.0,5.0,Encapsulation,Cross-Site Request Forgery,CWE ID 352,[9] CWE ID 352,[9] CWE ID 352,"CCI-001310,CCI-001941,CCI-001942",,Access Violation,,,SC-23 Session Authenticity (P1),SC-23 Session Authenticity,"3.5.3 Token-based Session Management (L2 L3),4.2.2 Operation Level Access Control (L1 L2 L3),13.2.3 RESTful Web Service Verification Requirements (L1 L2 L3)",,M5 Poor Authorization and Authentication,A8 Cross-Site Request Forgery (CSRF),,A01 Broken Access Control,Requirement 6.5.9,Requirement 6.2.4,Control Objective 5.4 - Authentication and Access Control,Control Objective 5.4 - Authentication and Access Control,"Control Objective 5.4 - Authentication and Access Control,Control Objective C.2.3 - Web Software Access Controls",Insecure Interaction - CWE ID 352,"APSC-DV-001620 CAT II,APSC-DV-001630 CAT II,APSC-DV-002500 CAT II","APSC-DV-001620 CAT II,APSC-DV-001630 CAT II,APSC-DV-002500 CAT II","APSC-DV-001620 CAT II,APSC-DV-001630 CAT II,APSC-DV-002500 CAT II",Cross-Site Request Forgery (WASC-09)
2026_SSE_mavit,1.0,Cross-Site Scripting: Persistent,admin-panel1.php,577,jobs/40df99ae-e5ad-41dc-a710-6bacd5341271/work/Src/Hospital-Management-System/admin-panel1.php,Critical,Security Auditor View,Critical,false,,,,,false,false,UPDATED,Tue May 26 16:32:50 CEST 2026,,false,false,false,SCA,STATIC,Data Flow,AF6C6C57-CA46-489C-B449-CFE4A5AB7202,32A4713B95BD5BD54EFA94935C508D3F,5.0,5.0,4.0,5.0,Input Validation and Representation,Cross-Site Scripting: Persistent,"CWE ID 79,CWE ID 80",[2] CWE ID 079,[2] CWE ID 079,"CCI-001310,CCI-002754",SI,Indirect Access to Sensitive Data,,,SI-10 Information Input Validation (P1),SI-10 Information Input Validation,"5.3.3 Output Encoding and Injection Prevention Requirements (L1 L2 L3),5.3.6 Output Encoding and Injection Prevention Requirements (L1 L2 L3)",,M7 Client Side Injection,A3 Cross-Site Scripting (XSS),A7 Cross-Site Scripting (XSS),A03 Injection,Requirement 6.5.7,Requirement 6.2.4,Control Objective 4.2 - Critical Asset Protection,"Control Objective 4.2 - Critical Asset Protection,Control Objective B.3.1 - Terminal Software Attack Mitigation,Control Objective B.3.1.1 - Terminal Software Attack Mitigation","Control Objective 4.2 - Critical Asset Protection,Control Objective B.3.1 - Terminal Software Attack Mitigation,Control Objective B.3.1.1 - Terminal Software Attack Mitigation,Control Objective C.3.2 - Web Software Attack Mitigation",Insecure Interaction - CWE ID 079,"APSC-DV-002490 CAT I,APSC-DV-002560 CAT I","APSC-DV-002490 CAT I,APSC-DV-002560 CAT I","APSC-DV-002490 CAT I,APSC-DV-002560 CAT I",Cross-Site Scripting (WASC-08)
2026_SSE_mavit,1.0,Cross-Site Scripting: Persistent,admin-panel1.php,578,jobs/40df99ae-e5ad-41dc-a710-6bacd5341271/work/Src/Hospital-Management-System/admin-panel1.php,Critical,Security Auditor View,Critical,false,,,,,false,false,UPDATED,Tue May 26 16:32:50 CEST 2026,,false,false,false,SCA,STATIC,Data Flow,AF6C6C57-CA46-489C-B449-CFE4A5AB7202,569AAA6EEE2ABDECC1D3D91A60F9A899,5.0,5.0,4.0,5.0,Input Validation and Representation,Cross-Site Scripting: Persistent,"CWE ID 79,CWE ID 80",[2] CWE ID 079,[2] CWE ID 079,"CCI-001310,CCI-002754",SI,Indirect Access to Sensitive Data,,,SI-10 Information Input Validation (P1),SI-10 Information Input Validation,"5.3.3 Output Encoding and Injection Prevention Requirements (L1 L2 L3),5.3.6 Output Encoding and Injection Prevention Requirements (L1 L2 L3)",,M7 Client Side Injection,A3 Cross-Site Scripting (XSS),A7 Cross-Site Scripting (XSS),A03 Injection,Requirement 6.5.7,Requirement 6.2.4,Control Objective 4.2 - Critical Asset Protection,"Control Objective 4.2 - Critical Asset Protection,Control Objective B.3.1 - Terminal Software Attack Mitigation,Control Objective B.3.1.1 - Terminal Software Attack Mitigation","Control Objective 4.2 - Critical Asset Protection,Control Objective B.3.1 - Terminal Software Attack Mitigation,Control Objective B.3.1.1 - Terminal Software Attack Mitigation,Control Objective C.3.2 - Web Software Attack Mitigation",Insecure Interaction - CWE ID 079,"APSC-DV-002490 CAT I,APSC-DV-002560 CAT I","APSC-DV-002490 CAT I,APSC-DV-002560 CAT I","APSC-DV-002490 CAT I,APSC-DV-002560 CAT I",Cross-Site Scripting (WASC-08)
2026_SSE_mavit,1.0,Cross-Site Scripting: Persistent,admin-panel1.php,579,jobs/40df99ae-e5ad-41dc-a710-6bacd5341271/work/Src/Hospital-Management-System/admin-panel1.php,Critical,Security Auditor View,Critical,false,,,,,false,false,UPDATED,Tue May 26 16:32:50 CEST 2026,,false,false,false,SCA,STATIC,Data Flow,AF6C6C57-CA46-489C-B449-CFE4A5AB7202,48A1EBBC3CB7F08DE9E52979891D2B85,5.0,5.0,4.0,5.0,Input Validation and Representation,Cross-Site Scripting: Persistent,"CWE ID 79,CWE ID 80",[2] CWE ID 079,[2] CWE ID 079,"CCI-001310,CCI-002754",SI,Indirect Access to Sensitive Data,,,SI-10 Information Input Validation (P1),SI-10 Information Input Validation,"5.3.3 Output Encoding and Injection Prevention Requirements (L1 L2 L3),5.3.6 Output Encoding and Injection Prevention Requirements (L1 L2 L3)",,M7 Client Side Injection,A3 Cross-Site Scripting (XSS),A7 Cross-Site Scripting (XSS),A03 Injection,Requirement 6.5.7,Requirement 6.2.4,Control Objective 4.2 - Critical Asset Protection,"Control Objective 4.2 - Critical Asset Protection,Control Objective B.3.1 - Terminal Software Attack Mitigation,Control Objective B.3.1.1 - Terminal Software Attack Mitigation","Control Objective 4.2 - Critical Asset Protection,Control Objective B.3.1 - Terminal Software Attack Mitigation,Control Objective B.3.1.1 - Terminal Software Attack Mitigation,Control Objective C.3.2 - Web Software Attack Mitigation",Insecure Interaction - CWE ID 079,"APSC-DV-002490 CAT I,APSC-DV-002560 CAT I","APSC-DV-002490 CAT I,APSC-DV-002560 CAT I","APSC-DV-002490 CAT I,APSC-DV-002560 CAT I",Cross-Site Scripting (WASC-08)
2026_SSE_mavit,1.0,Cross-Site Scripting: Persistent,admin-panel1.php,580,jobs/40df99ae-e5ad-41dc-a710-6bacd5341271/work/Src/Hospital-Management-System/admin-panel1.php,Critical,Security Auditor View,Critical,false,,,,,false,false,UPDATED,Tue May 26 16:32:50 CEST 2026,,false,false,false,SCA,STATIC,Data Flow,AF6C6C57-CA46-489C-B449-CFE4A5AB7202,323C3FD74F5417CDC70AE0387535DE6D,5.0,5.0,4.0,5.0,Input Validation and Representation,Cross-Site Scripting: Persistent,"CWE ID 79,CWE ID 80",[2] CWE ID 079,[2] CWE ID 079,"CCI-001310,CCI-002754",SI,Indirect Access to Sensitive Data,,,SI-10 Information Input Validation (P1),SI-10 Information Input Validation,"5.3.3 Output Encoding and Injection Prevention Requirements (L1 L2 L3),5.3.6 Output Encoding and Injection Prevention Requirements (L1 L2 L3)",,M7 Client Side Injection,A3 Cross-Site Scripting (XSS),A7 Cross-Site Scripting (XSS),A03 Injection,Requirement 6.5.7,Requirement 6.2.4,Control Objective 4.2 - Critical Asset Protection,"Control Objective 4.2 - Critical Asset Protection,Control Objective B.3.1 - Terminal Software Attack Mitigation,Control Objective B.3.1.1 - Terminal Software Attack Mitigation","Control Objective 4.2 - Critical Asset Protection,Control Objective B.3.1 - Terminal Software Attack Mitigation,Control Objective B.3.1.1 - Terminal Software Attack Mitigation,Control Objective C.3.2 - Web Software Attack Mitigation",Insecure Interaction - CWE ID 079,"APSC-DV-002490 CAT I,APSC-DV-002560 CAT I","APSC-DV-002490 CAT I,APSC-DV-002560 CAT I","APSC-DV-002490 CAT I,APSC-DV-002560 CAT I",Cross-Site Scripting (WASC-08)
2026_SSE_mavit,1.0,Hardcoded Domain in HTML,admin-panel1.php,596,jobs/40df99ae-e5ad-41dc-a710-6bacd5341271/work/Src/Hospital-Management-System/admin-panel1.php,Low,Security Auditor View,Low,false,,,,,false,false,UPDATED,Tue May 26 16:32:50 CEST 2026,,false,false,false,SCA,STATIC,Content,C01B6A50-1224-4062-AA16-C3683C44502E,1DCD733D80A110886D6C709B6E228501,1.0,0.6,2.0,5.0,Encapsulation,Hardcoded Domain in HTML,"CWE ID 494,CWE ID 829",,,CCI-001167,,Indirect Access to Sensitive Data,,,SC-18 Mobile Code (P2),SC-18 Mobile Code,"1.14.2 Configuration Architectural Requirements (L2 L3),5.3.9 Output Encoding and Injection Prevention Requirements (L1 L2 L3),10.3.2 Deployed Application Integrity Controls (L1 L2 L3),12.3.3 File Execution Requirements (L1 L2 L3),12.3.6 File Execution Requirements (L2 L3),14.2.3 Dependency (L1 L2 L3),14.2.4 Dependency (L2 L3)",MASVS-PLATFORM-2,M7 Client Side Injection,,,,,,,,,,APSC-DV-003300 CAT II,APSC-DV-003300 CAT II,APSC-DV-003300 CAT II,Insufficient Process Validation (WASC-40)
2026_SSE_mavit,1.0,Hardcoded Domain in HTML,admin-panel1.php,597,jobs/40df99ae-e5ad-41dc-a710-6bacd5341271/work/Src/Hospital-Management-System/admin-panel1.php,Low,Security Auditor View,Low,false,,,,,false,false,UPDATED,Tue May 26 16:32:50 CEST 2026,,false,false,false,SCA,STATIC,Content,C01B6A50-1224-4062-AA16-C3683C44502E,1DCD733D80A110886D6C709B6E228502,1.0,0.6,2.0,5.0,Encapsulation,Hardcoded Domain in HTML,"CWE ID 494,CWE ID 829",,,CCI-001167,,Indirect Access to Sensitive Data,,,SC-18 Mobile Code (P2),SC-18 Mobile Code,"1.14.2 Configuration Architectural Requirements (L2 L3),5.3.9 Output Encoding and Injection Prevention Requirements (L1 L2 L3),10.3.2 Deployed Application Integrity Controls (L1 L2 L3),12.3.3 File Execution Requirements (L1 L2 L3),12.3.6 File Execution Requirements (L2 L3),14.2.3 Dependency (L1 L2 L3),14.2.4 Dependency (L2 L3)",MASVS-PLATFORM-2,M7 Client Side Injection,,,,,,,,,,APSC-DV-003300 CAT II,APSC-DV-003300 CAT II,APSC-DV-003300 CAT II,Insufficient Process Validation (WASC-40)
2026_SSE_mavit,1.0,Hardcoded Domain in HTML,admin-panel1.php,598,jobs/40df99ae-e5ad-41dc-a710-6bacd5341271/work/Src/Hospital-Management-System/admin-panel1.php,Low,Security Auditor View,Low,false,,,,,false,false,UPDATED,Tue May 26 16:32:50 CEST 2026,,false,false,false,SCA,STATIC,Content,C01B6A50-1224-4062-AA16-C3683C44502E,1DCD733D80A110886D6C709B6E228503,1.0,0.6,2.0,5.0,Encapsulation,Hardcoded Domain in HTML,"CWE ID 494,CWE ID 829",,,CCI-001167,,Indirect Access to Sensitive Data,,,SC-18 Mobile Code (P2),SC-18 Mobile Code,"1.14.2 Configuration Architectural Requirements (L2 L3),5.3.9 Output Encoding and Injection Prevention Requirements (L1 L2 L3),10.3.2 Deployed Application Integrity Controls (L1 L2 L3),12.3.3 File Execution Requirements (L1 L2 L3),12.3.6 File Execution Requirements (L2 L3),14.2.3 Dependency (L1 L2 L3),14.2.4 Dependency (L2 L3)",MASVS-PLATFORM-2,M7 Client Side Injection,,,,,,,,,,APSC-DV-003300 CAT II,APSC-DV-003300 CAT II,APSC-DV-003300 CAT II,Insufficient Process Validation (WASC-40)
2026_SSE_mavit,1.0,Hardcoded Domain in HTML,admin-panel1.php,599,jobs/40df99ae-e5ad-41dc-a710-6bacd5341271/work/Src/Hospital-Management-System/admin-panel1.php,Low,Security Auditor View,Low,false,,,,,false,false,UPDATED,Tue May 26 16:32:50 CEST 2026,,false,false,false,SCA,STATIC,Content,C01B6A50-1224-4062-AA16-C3683C44502E,1DCD733D80A110886D6C709B6E228504,1.0,0.6,2.0,5.0,Encapsulation,Hardcoded Domain in HTML,"CWE ID 494,CWE ID 829",,,CCI-001167,,Indirect Access to Sensitive Data,,,SC-18 Mobile Code (P2),SC-18 Mobile Code,"1.14.2 Configuration Architectural Requirements (L2 L3),5.3.9 Output Encoding and Injection Prevention Requirements (L1 L2 L3),10.3.2 Deployed Application Integrity Controls (L1 L2 L3),12.3.3 File Execution Requirements (L1 L2 L3),12.3.6 File Execution Requirements (L2 L3),14.2.3 Dependency (L1 L2 L3),14.2.4 Dependency (L2 L3)",MASVS-PLATFORM-2,M7 Client Side Injection,,,,,,,,,,APSC-DV-003300 CAT II,APSC-DV-003300 CAT II,APSC-DV-003300 CAT II,Insufficient Process Validation (WASC-40)
2026_SSE_mavit,1.0,Insecure Transport: External Link,ajax.html,74,jobs/40df99ae-e5ad-41dc-a710-6bacd5341271/work/Src/Hospital-Management-System/vendor/ckeditor/samples/ajax.html,Medium,Security Auditor View,Medium,false,,,,,false,false,UPDATED,Tue May 26 16:32:50 CEST 2026,,false,false,false,SCA,STATIC,Content,C72A3E77-8324-4FF9-B958-74FCDDF39D17,4533C75AA2F7A7ABBBE69CADDB4D723C,2.0,5.0,5.0,5.0,Security Features,Insecure Transport: External Link,CWE ID 297,[14] CWE ID 287,[14] CWE ID 287,"CCI-000068,CCI-001453,CCI-002418,CCI-002420,CCI-002421,CCI-002422,CCI-002890,CCI-003123","CM,SC",Insufficient Data Protection,,,SC-8 Transmission Confidentiality and Integrity (P1),SC-8 Transmission Confidentiality and Integrity,"2.6.3 Look-up Secret Verifier Requirements (L2 L3),2.7.1 Out of Band Verifier Requirements (L1 L2 L3),2.7.2 Out of Band Verifier Requirements (L1 L2 L3),2.7.3 Out of Band Verifier Requirements (L1 L2 L3),2.8.4 Single or Multi Factor One Time Verifier Requirements (L2 L3),2.8.5 Single or Multi Factor One Time Verifier Requirements (L2 L3),3.7.1 Defenses Against Session Management Exploits (L1 L2 L3),6.2.1 Algorithms (L1 L2 L3),9.2.1 Server Communications Security Requirements (L2 L3),9.2.3 Server Communications Security Requirements (L2 L3)","MASVS-NETWORK-1,MASVS-PLATFORM-2",M3 Insufficient Transport Layer Protection,A6 Sensitive Data Exposure,A3 Sensitive Data Exposure,A05 Security Misconfiguration,"Requirement 4.1,Requirement 6.5.4","Requirement 4.2.1,Requirement 6.2.4","Control Objective 3.3 - Sensitive Data Retention,Control Objective 6.2 - Sensitive Data Protection,Control Objective 7 - Use of Cryptography","Control Objective 3.3 - Sensitive Data Retention,Control Objective 6.2 - Sensitive Data Protection,Control Objective 7 - Use of Cryptography,Control Objective B.2.5 - Terminal Software Design","Control Objective 3.3 - Sensitive Data Retention,Control Objective 6.2 - Sensitive Data Protection,Control Objective 7 - Use of Cryptography,Control Objective B.2.5 - Terminal Software Design,Control Objective C.4.1 - Web Software Communications",,"APSC-DV-000160 CAT II,APSC-DV-000170 CAT II,APSC-DV-001940 CAT II,APSC-DV-001950 CAT II,APSC-DV-002440 CAT I,APSC-DV-002450 CAT II,APSC-DV-002460 CAT II,APSC-DV-002470 CAT II","APSC-DV-000160 CAT II,APSC-DV-000170 CAT II,APSC-DV-001940 CAT II,APSC-DV-001950 CAT II,APSC-DV-002440 CAT I,APSC-DV-002450 CAT II,APSC-DV-002460 CAT II,APSC-DV-002470 CAT II","APSC-DV-000160 CAT II,APSC-DV-000170 CAT II,APSC-DV-001940 CAT II,APSC-DV-001950 CAT II,APSC-DV-002440 CAT I,APSC-DV-002450 CAT II,APSC-DV-002460 CAT II,APSC-DV-002470 CAT II",Insufficient Transport Layer Protection (WASC-04)
2026_SSE_mavit,1.0,Insecure Transport: External Link,ajax.html,77,jobs/40df99ae-e5ad-41dc-a710-6bacd5341271/work/Src/Hospital-Management-System/vendor/ckeditor/samples/ajax.html,Medium,Security Auditor View,Medium,false,,,,,false,false,UPDATED,Tue May 26 16:32:50 CEST 2026,,false,false,false,SCA,STATIC,Content,C72A3E77-8324-4FF9-B958-74FCDDF39D17,4533C75AA2F7A7ABBBE69CADDB4D723D,2.0,5.0,5.0,5.0,Security Features,Insecure Transport: External Link,CWE ID 297,[14] CWE ID 287,[14] CWE ID 287,"CCI-000068,CCI-001453,CCI-002418,CCI-002420,CCI-002421,CCI-002422,CCI-002890,CCI-003123","CM,SC",Insufficient Data Protection,,,SC-8 Transmission Confidentiality and Integrity (P1),SC-8 Transmission Confidentiality and Integrity,"2.6.3 Look-up Secret Verifier Requirements (L2 L3),2.7.1 Out of Band Verifier Requirements (L1 L2 L3),2.7.2 Out of Band Verifier Requirements (L1 L2 L3),2.7.3 Out of Band Verifier Requirements (L1 L2 L3),2.8.4 Single or Multi Factor One Time Verifier Requirements (L2 L3),2.8.5 Single or Multi Factor One Time Verifier Requirements (L2 L3),3.7.1 Defenses Against Session Management Exploits (L1 L2 L3),6.2.1 Algorithms (L1 L2 L3),9.2.1 Server Communications Security Requirements (L2 L3),9.2.3 Server Communications Security Requirements (L2 L3)","MASVS-NETWORK-1,MASVS-PLATFORM-2",M3 Insufficient Transport Layer Protection,A6 Sensitive Data Exposure,A3 Sensitive Data Exposure,A05 Security Misconfiguration,"Requirement 4.1,Requirement 6.5.4","Requirement 4.2.1,Requirement 6.2.4","Control Objective 3.3 - Sensitive Data Retention,Control Objective 6.2 - Sensitive Data Protection,Control Objective 7 - Use of Cryptography","Control Objective 3.3 - Sensitive Data Retention,Control Objective 6.2 - Sensitive Data Protection,Control Objective 7 - Use of Cryptography,Control Objective B.2.5 - Terminal Software Design","Control Objective 3.3 - Sensitive Data Retention,Control Objective 6.2 - Sensitive Data Protection,Control Objective 7 - Use of Cryptography,Control Objective B.2.5 - Terminal Software Design,Control Objective C.4.1 - Web Software Communications",,"APSC-DV-000160 CAT II,APSC-DV-000170 CAT II,APSC-DV-001940 CAT II,APSC-DV-001950 CAT II,APSC-DV-002440 CAT I,APSC-DV-002450 CAT II,APSC-DV-002460 CAT II,APSC-DV-002470 CAT II","APSC-DV-000160 CAT II,APSC-DV-000170 CAT II,APSC-DV-001940 CAT II,APSC-DV-001950 CAT II,APSC-DV-002440 CAT I,APSC-DV-002450 CAT II,APSC-DV-002460 CAT II,APSC-DV-002470 CAT II","APSC-DV-000160 CAT II,APSC-DV-000170 CAT II,APSC-DV-001940 CAT II,APSC-DV-001950 CAT II,APSC-DV-002440 CAT I,APSC-DV-002450 CAT II,APSC-DV-002460 CAT II,APSC-DV-002470 CAT II",Insufficient Transport Layer Protection (WASC-04)
2026_SSE_mavit,1.0,Insecure Transport: External Link,api.html,130,jobs/40df99ae-e5ad-41dc-a710-6bacd5341271/work/Src/Hospital-Management-System/vendor/ckeditor/samples/api.html,Medium,Security Auditor View,Medium,false,,,,,false,false,UPDATED,Tue May 26 16:32:50 CEST 2026,,false,false,false,SCA,STATIC,Content,C72A3E77-8324-4FF9-B958-74FCDDF39D17,97FD32AFE7354D18E6F47E49662AC191,2.0,5.0,5.0,5.0,Security Features,Insecure Transport: External Link,CWE ID 297,[14] CWE ID 287,[14] CWE ID 287,"CCI-000068,CCI-001453,CCI-002418,CCI-002420,CCI-002421,CCI-002422,CCI-002890,CCI-003123","CM,SC",Insufficient Data Protection,,,SC-8 Transmission Confidentiality and Integrity (P1),SC-8 Transmission Confidentiality and Integrity,"2.6.3 Look-up Secret Verifier Requirements (L2 L3),2.7.1 Out of Band Verifier Requirements (L1 L2 L3),2.7.2 Out of Band Verifier Requirements (L1 L2 L3),2.7.3 Out of Band Verifier Requirements (L1 L2 L3),2.8.4 Single or Multi Factor One Time Verifier Requirements (L2 L3),2.8.5 Single or Multi Factor One Time Verifier Requirements (L2 L3),3.7.1 Defenses Against Session Management Exploits (L1 L2 L3),6.2.1 Algorithms (L1 L2 L3),9.2.1 Server Communications Security Requirements (L2 L3),9.2.3 Server Communications Security Requirements (L2 L3)","MASVS-NETWORK-1,MASVS-PLATFORM-2",M3 Insufficient Transport Layer Protection,A6 Sensitive Data Exposure,A3 Sensitive Data Exposure,A05 Security Misconfiguration,"Requirement 4.1,Requirement 6.5.4","Requirement 4.2.1,Requirement 6.2.4","Control Objective 3.3 - Sensitive Data Retention,Control Objective 6.2 - Sensitive Data Protection,Control Objective 7 - Use of Cryptography","Control Objective 3.3 - Sensitive Data Retention,Control Objective 6.2 - Sensitive Data Protection,Control Objective 7 - Use of Cryptography,Control Objective B.2.5 - Terminal Software Design","Control Objective 3.3 - Sensitive Data Retention,Control Objective 6.2 - Sensitive Data Protection,Control Objective 7 - Use of Cryptography,Control Objective B.2.5 - Terminal Software Design,Control Objective C.4.1 - Web Software Communications",,"APSC-DV-000160 CAT II,APSC-DV-000170 CAT II,APSC-DV-001940 CAT II,APSC-DV-001950 CAT II,APSC-DV-002440 CAT I,APSC-DV-002450 CAT II,APSC-DV-002460 CAT II,APSC-DV-002470 CAT II","APSC-DV-000160 CAT II,APSC-DV-000170 CAT II,APSC-DV-001940 CAT II,APSC-DV-001950 CAT II,APSC-DV-002440 CAT I,APSC-DV-002450 CAT II,APSC-DV-002460 CAT II,APSC-DV-002470 CAT II","APSC-DV-000160 CAT II,APSC-DV-000170 CAT II,APSC-DV-001940 CAT II,APSC-DV-001950 CAT II,APSC-DV-002440 CAT I,APSC-DV-002450 CAT II,APSC-DV-002460 CAT II,APSC-DV-002470 CAT II",Insufficient Transport Layer Protection (WASC-04)
2026_SSE_mavit,1.0,Cross-Site Request Forgery,api.html,148,jobs/40df99ae-e5ad-41dc-a710-6bacd5341271/work/Src/Hospital-Management-System/vendor/ckeditor/samples/api.html,Low,Security Auditor View,Low,false,,,,,false,false,UPDATED,Tue May 26 16:32:50 CEST 2026,,false,false,false,SCA,STATIC,Content,78E0700E-56FE-45A2-A11B-6A560F730576,C88B0E1C6CC31DCCA8EFA68C13B3E6AD,2.0,0.4,2.0,5.0,Encapsulation,Cross-Site Request Forgery,CWE ID 352,[9] CWE ID 352,[9] CWE ID 352,"CCI-001310,CCI-001941,CCI-001942",,Access Violation,,,SC-23 Session Authenticity (P1),SC-23 Session Authenticity,"3.5.3 Token-based Session Management (L2 L3),4.2.2 Operation Level Access Control (L1 L2 L3),13.2.3 RESTful Web Service Verification Requirements (L1 L2 L3)",,M5 Poor Authorization and Authentication,A8 Cross-Site Request Forgery (CSRF),,A01 Broken Access Control,Requirement 6.5.9,Requirement 6.2.4,Control Objective 5.4 - Authentication and Access Control,Control Objective 5.4 - Authentication and Access Control,"Control Objective 5.4 - Authentication and Access Control,Control Objective C.2.3 - Web Software Access Controls",Insecure Interaction - CWE ID 352,"APSC-DV-001620 CAT II,APSC-DV-001630 CAT II,APSC-DV-002500 CAT II","APSC-DV-001620 CAT II,APSC-DV-001630 CAT II,APSC-DV-002500 CAT II","APSC-DV-001620 CAT II,APSC-DV-001630 CAT II,APSC-DV-002500 CAT II",Cross-Site Request Forgery (WASC-09)
2026_SSE_mavit,1.0,Insecure Transport: External Link,api.html,199,jobs/40df99ae-e5ad-41dc-a710-6bacd5341271/work/Src/Hospital-Management-System/vendor/ckeditor/samples/api.html,Medium,Security Auditor View,Medium,false,,,,,false,false,UPDATED,Tue May 26 16:32:50 CEST 2026,,false,false,false,SCA,STATIC,Content,C72A3E77-8324-4FF9-B958-74FCDDF39D17,97FD32AFE7354D18E6F47E49662AC192,2.0,5.0,5.0,5.0,Security Features,Insecure Transport: External Link,CWE ID 297,[14] CWE ID 287,[14] CWE ID 287,"CCI-000068,CCI-001453,CCI-002418,CCI-002420,CCI-002421,CCI-002422,CCI-002890,CCI-003123","CM,SC",Insufficient Data Protection,,,SC-8 Transmission Confidentiality and Integrity (P1),SC-8 Transmission Confidentiality and Integrity,"2.6.3 Look-up Secret Verifier Requirements (L2 L3),2.7.1 Out of Band Verifier Requirements (L1 L2 L3),2.7.2 Out of Band Verifier Requirements (L1 L2 L3),2.7.3 Out of Band Verifier Requirements (L1 L2 L3),2.8.4 Single or Multi Factor One Time Verifier Requirements (L2 L3),2.8.5 Single or Multi Factor One Time Verifier Requirements (L2 L3),3.7.1 Defenses Against Session Management Exploits (L1 L2 L3),6.2.1 Algorithms (L1 L2 L3),9.2.1 Server Communications Security Requirements (L2 L3),9.2.3 Server Communications Security Requirements (L2 L3)","MASVS-NETWORK-1,MASVS-PLATFORM-2",M3 Insufficient Transport Layer Protection,A6 Sensitive Data Exposure,A3 Sensitive Data Exposure,A05 Security Misconfiguration,"Requirement 4.1,Requirement 6.5.4","Requirement 4.2.1,Requirement 6.2.4","Control Objective 3.3 - Sensitive Data Retention,Control Objective 6.2 - Sensitive Data Protection,Control Objective 7 - Use of Cryptography","Control Objective 3.3 - Sensitive Data Retention,Control Objective 6.2 - Sensitive Data Protection,Control Objective 7 - Use of Cryptography,Control Objective B.2.5 - Terminal Software Design","Control Objective 3.3 - Sensitive Data Retention,Control Objective 6.2 - Sensitive Data Protection,Control Objective 7 - Use of Cryptography,Control Objective B.2.5 - Terminal Software Design,Control Objective C.4.1 - Web Software Communications",,"APSC-DV-000160 CAT II,APSC-DV-000170 CAT II,APSC-DV-001940 CAT II,APSC-DV-001950 CAT II,APSC-DV-002440 CAT I,APSC-DV-002450 CAT II,APSC-DV-002460 CAT II,APSC-DV-002470 CAT II","APSC-DV-000160 CAT II,APSC-DV-000170 CAT II,APSC-DV-001940 CAT II,APSC-DV-001950 CAT II,APSC-DV-002440 CAT I,APSC-DV-002450 CAT II,APSC-DV-002460 CAT II,APSC-DV-002470 CAT II","APSC-DV-000160 CAT II,APSC-DV-000170 CAT II,APSC-DV-001940 CAT II,APSC-DV-001950 CAT II,APSC-DV-002440 CAT I,APSC-DV-002450 CAT II,APSC-DV-002460 CAT II,APSC-DV-002470 CAT II",Insufficient Transport Layer Protection (WASC-04)
2026_SSE_mavit,1.0,Insecure Transport: External Link,api.html,202,jobs/40df99ae-e5ad-41dc-a710-6bacd5341271/work/Src/Hospital-Management-System/vendor/ckeditor/samples/api.html,Medium,Security Auditor View,Medium,false,,,,,false,false,UPDATED,Tue May 26 16:32:50 CEST 2026,,false,false,false,SCA,STATIC,Content,C72A3E77-8324-4FF9-B958-74FCDDF39D17,97FD32AFE7354D18E6F47E49662AC193,2.0,5.0,5.0,5.0,Security Features,Insecure Transport: External Link,CWE ID 297,[14] CWE ID 287,[14] CWE ID 287,"CCI-000068,CCI-001453,CCI-002418,CCI-002420,CCI-002421,CCI-002422,CCI-002890,CCI-003123","CM,SC",Insufficient Data Protection,,,SC-8 Transmission Confidentiality and Integrity (P1),SC-8 Transmission Confidentiality and Integrity,"2.6.3 Look-up Secret Verifier Requirements (L2 L3),2.7.1 Out of Band Verifier Requirements (L1 L2 L3),2.7.2 Out of Band Verifier Requirements (L1 L2 L3),2.7.3 Out of Band Verifier Requirements (L1 L2 L3),2.8.4 Single or Multi Factor One Time Verifier Requirements (L2 L3),2.8.5 Single or Multi Factor One Time Verifier Requirements (L2 L3),3.7.1 Defenses Against Session Management Exploits (L1 L2 L3),6.2.1 Algorithms (L1 L2 L3),9.2.1 Server Communications Security Requirements (L2 L3),9.2.3 Server Communications Security Requirements (L2 L3)","MASVS-NETWORK-1,MASVS-PLATFORM-2",M3 Insufficient Transport Layer Protection,A6 Sensitive Data Exposure,A3 Sensitive Data Exposure,A05 Security Misconfiguration,"Requirement 4.1,Requirement 6.5.4","Requirement 4.2.1,Requirement 6.2.4","Control Objective 3.3 - Sensitive Data Retention,Control Objective 6.2 - Sensitive Data Protection,Control Objective 7 - Use of Cryptography","Control Objective 3.3 - Sensitive Data Retention,Control Objective 6.2 - Sensitive Data Protection,Control Objective 7 - Use of Cryptography,Control Objective B.2.5 - Terminal Software Design","Control Objective 3.3 - Sensitive Data Retention,Control Objective 6.2 - Sensitive Data Protection,Control Objective 7 - Use of Cryptography,Control Objective B.2.5 - Terminal Software Design,Control Objective C.4.1 - Web Software Communications",,"APSC-DV-000160 CAT II,APSC-DV-000170 CAT II,APSC-DV-001940 CAT II,APSC-DV-001950 CAT II,APSC-DV-002440 CAT I,APSC-DV-002450 CAT II,APSC-DV-002460 CAT II,APSC-DV-002470 CAT II","APSC-DV-000160 CAT II,APSC-DV-000170 CAT II,APSC-DV-001940 CAT II,APSC-DV-001950 CAT II,APSC-DV-002440 CAT I,APSC-DV-002450 CAT II,APSC-DV-002460 CAT II,APSC-DV-002470 CAT II","APSC-DV-000160 CAT II,APSC-DV-000170 CAT II,APSC-DV-001940 CAT II,APSC-DV-001950 CAT II,APSC-DV-002440 CAT I,APSC-DV-002450 CAT II,APSC-DV-002460 CAT II,APSC-DV-002470 CAT II",Insufficient Transport Layer Protection (WASC-04)
2026_SSE_mavit,1.0,Cross-Site Request Forgery,app.js,55,jobs/40df99ae-e5ad-41dc-a710-6bacd5341271/work/Src/Hospital-Management-System/vendor/jquery-file-upload/app.js,Low,Security Auditor View,Low,false,,,,,false,false,UPDATED,Tue May 26 16:32:50 CEST 2026,,false,false,false,SCA,STATIC,Structural,6682C8F7-482B-4733-9310-E34E3F394706,89922461BF13C9E6E539222D0731E33C,2.0,0.4,2.0,5.0,Encapsulation,Cross-Site Request Forgery,CWE ID 352,[9] CWE ID 352,[9] CWE ID 352,"CCI-001310,CCI-001941,CCI-001942",,Access Violation,,,SC-23 Session Authenticity (P1),SC-23 Session Authenticity,"3.5.3 Token-based Session Management (L2 L3),4.2.2 Operation Level Access Control (L1 L2 L3),13.2.3 RESTful Web Service Verification Requirements (L1 L2 L3)",,M5 Poor Authorization and Authentication,A8 Cross-Site Request Forgery (CSRF),,A01 Broken Access Control,Requirement 6.5.9,Requirement 6.2.4,Control Objective 5.4 - Authentication and Access Control,Control Objective 5.4 - Authentication and Access Control,"Control Objective 5.4 - Authentication and Access Control,Control Objective C.2.3 - Web Software Access Controls",Insecure Interaction - CWE ID 352,"APSC-DV-001620 CAT II,APSC-DV-001630 CAT II,APSC-DV-002500 CAT II","APSC-DV-001620 CAT II,APSC-DV-001630 CAT II,APSC-DV-002500 CAT II","APSC-DV-001620 CAT II,APSC-DV-001630 CAT II,APSC-DV-002500 CAT II",Cross-Site Request Forgery (WASC-09)
2026_SSE_mavit,1.0,Cross-Site Request Forgery,app.js,80,jobs/40df99ae-e5ad-41dc-a710-6bacd5341271/work/Src/Hospital-Management-System/vendor/jquery-file-upload/app.js,Low,Security Auditor View,Low,false,,,,,false,false,UPDATED,Tue May 26 16:32:50 CEST 2026,,false,false,false,SCA,STATIC,Structural,D55F271E-1D54-4177-A4F8-6522DC4B852F,57A30DE4EEDEDEBE2904E7C8A4B837DA,2.0,0.4,2.0,5.0,Encapsulation,Cross-Site Request Forgery,CWE ID 352,[9] CWE ID 352,[9] CWE ID 352,"CCI-001310,CCI-001941,CCI-001942",,Access Violation,,,SC-23 Session Authenticity (P1),SC-23 Session Authenticity,"3.5.3 Token-based Session Management (L2 L3),4.2.2 Operation Level Access Control (L1 L2 L3),13.2.3 RESTful Web Service Verification Requirements (L1 L2 L3)",,M5 Poor Authorization and Authentication,A8 Cross-Site Request Forgery (CSRF),,A01 Broken Access Control,Requirement 6.5.9,Requirement 6.2.4,Control Objective 5.4 - Authentication and Access Control,Control Objective 5.4 - Authentication and Access Control,"Control Objective 5.4 - Authentication and Access Control,Control Objective C.2.3 - Web Software Access Controls",Insecure Interaction - CWE ID 352,"APSC-DV-001620 CAT II,APSC-DV-001630 CAT II,APSC-DV-002500 CAT II","APSC-DV-001620 CAT II,APSC-DV-001630 CAT II,APSC-DV-002500 CAT II","APSC-DV-001620 CAT II,APSC-DV-001630 CAT II,APSC-DV-002500 CAT II",Cross-Site Request Forgery (WASC-09)
2026_SSE_mavit,1.0,Insecure Transport: External Link,appendto.html,20,jobs/40df99ae-e5ad-41dc-a710-6bacd5341271/work/Src/Hospital-Management-System/vendor/ckeditor/samples/appendto.html,Medium,Security Auditor View,Medium,false,,,,,false,false,UPDATED,Tue May 26 16:32:50 CEST 2026,,false,false,false,SCA,STATIC,Content,C72A3E77-8324-4FF9-B958-74FCDDF39D17,EE0C7E276382ED4436040E0A2A8F4FC1,2.0,5.0,5.0,5.0,Security Features,Insecure Transport: External Link,CWE ID 297,[14] CWE ID 287,[14] CWE ID 287,"CCI-000068,CCI-001453,CCI-002418,CCI-002420,CCI-002421,CCI-002422,CCI-002890,CCI-003123","CM,SC",Insufficient Data Protection,,,SC-8 Transmission Confidentiality and Integrity (P1),SC-8 Transmission Confidentiality and Integrity,"2.6.3 Look-up Secret Verifier Requirements (L2 L3),2.7.1 Out of Band Verifier Requirements (L1 L2 L3),2.7.2 Out of Band Verifier Requirements (L1 L2 L3),2.7.3 Out of Band Verifier Requirements (L1 L2 L3),2.8.4 Single or Multi Factor One Time Verifier Requirements (L2 L3),2.8.5 Single or Multi Factor One Time Verifier Requirements (L2 L3),3.7.1 Defenses Against Session Management Exploits (L1 L2 L3),6.2.1 Algorithms (L1 L2 L3),9.2.1 Server Communications Security Requirements (L2 L3),9.2.3 Server Communications Security Requirements (L2 L3)","MASVS-NETWORK-1,MASVS-PLATFORM-2",M3 Insufficient Transport Layer Protection,A6 Sensitive Data Exposure,A3 Sensitive Data Exposure,A05 Security Misconfiguration,"Requirement 4.1,Requirement 6.5.4","Requirement 4.2.1,Requirement 6.2.4","Control Objective 3.3 - Sensitive Data Retention,Control Objective 6.2 - Sensitive Data Protection,Control Objective 7 - Use of Cryptography","Control Objective 3.3 - Sensitive Data Retention,Control Objective 6.2 - Sensitive Data Protection,Control Objective 7 - Use of Cryptography,Control Objective B.2.5 - Terminal Software Design","Control Objective 3.3 - Sensitive Data Retention,Control Objective 6.2 - Sensitive Data Protection,Control Objective 7 - Use of Cryptography,Control Objective B.2.5 - Terminal Software Design,Control Objective C.4.1 - Web Software Communications",,"APSC-DV-000160 CAT II,APSC-DV-000170 CAT II,APSC-DV-001940 CAT II,APSC-DV-001950 CAT II,APSC-DV-002440 CAT I,APSC-DV-002450 CAT II,APSC-DV-002460 CAT II,APSC-DV-002470 CAT II","APSC-DV-000160 CAT II,APSC-DV-000170 CAT II,APSC-DV-001940 CAT II,APSC-DV-001950 CAT II,APSC-DV-002440 CAT I,APSC-DV-002450 CAT II,APSC-DV-002460 CAT II,APSC-DV-002470 CAT II","APSC-DV-000160 CAT II,APSC-DV-000170 CAT II,APSC-DV-001940 CAT II,APSC-DV-001950 CAT II,APSC-DV-002440 CAT I,APSC-DV-002450 CAT II,APSC-DV-002460 CAT II,APSC-DV-002470 CAT II",Insufficient Transport Layer Protection (WASC-04)
2026_SSE_mavit,1.0,Insecure Transport: External Link,appendto.html,20,jobs/40df99ae-e5ad-41dc-a710-6bacd5341271/work/Src/Hospital-Management-System/vendor/ckeditor/samples/appendto.html,Medium,Security Auditor View,Medium,false,,,,,false,false,UPDATED,Tue May 26 16:32:50 CEST 2026,,false,false,false,SCA,STATIC,Content,C72A3E77-8324-4FF9-B958-74FCDDF39D17,EE0C7E276382ED4436040E0A2A8F4FC2,2.0,5.0,5.0,5.0,Security Features,Insecure Transport: External Link,CWE ID 297,[14] CWE ID 287,[14] CWE ID 287,"CCI-000068,CCI-001453,CCI-002418,CCI-002420,CCI-002421,CCI-002422,CCI-002890,CCI-003123","CM,SC",Insufficient Data Protection,,,SC-8 Transmission Confidentiality and Integrity (P1),SC-8 Transmission Confidentiality and Integrity,"2.6.3 Look-up Secret Verifier Requirements (L2 L3),2.7.1 Out of Band Verifier Requirements (L1 L2 L3),2.7.2 Out of Band Verifier Requirements (L1 L2 L3),2.7.3 Out of Band Verifier Requirements (L1 L2 L3),2.8.4 Single or Multi Factor One Time Verifier Requirements (L2 L3),2.8.5 Single or Multi Factor One Time Verifier Requirements (L2 L3),3.7.1 Defenses Against Session Management Exploits (L1 L2 L3),6.2.1 Algorithms (L1 L2 L3),9.2.1 Server Communications Security Requirements (L2 L3),9.2.3 Server Communications Security Requirements (L2 L3)","MASVS-NETWORK-1,MASVS-PLATFORM-2",M3 Insufficient Transport Layer Protection,A6 Sensitive Data Exposure,A3 Sensitive Data Exposure,A05 Security Misconfiguration,"Requirement 4.1,Requirement 6.5.4","Requirement 4.2.1,Requirement 6.2.4","Control Objective 3.3 - Sensitive Data Retention,Control Objective 6.2 - Sensitive Data Protection,Control Objective 7 - Use of Cryptography","Control Objective 3.3 - Sensitive Data Retention,Control Objective 6.2 - Sensitive Data Protection,Control Objective 7 - Use of Cryptography,Control Objective B.2.5 - Terminal Software Design","Control Objective 3.3 - Sensitive Data Retention,Control Objective 6.2 - Sensitive Data Protection,Control Objective 7 - Use of Cryptography,Control Objective B.2.5 - Terminal Software Design,Control Objective C.4.1 - Web Software Communications",,"APSC-DV-000160 CAT II,APSC-DV-000170 CAT II,APSC-DV-001940 CAT II,APSC-DV-001950 CAT II,APSC-DV-002440 CAT I,APSC-DV-002450 CAT II,APSC-DV-002460 CAT II,APSC-DV-002470 CAT II","APSC-DV-000160 CAT II,APSC-DV-000170 CAT II,APSC-DV-001940 CAT II,APSC-DV-001950 CAT II,APSC-DV-002440 CAT I,APSC-DV-002450 CAT II,APSC-DV-002460 CAT II,APSC-DV-002470 CAT II","APSC-DV-000160 CAT II,APSC-DV-000170 CAT II,APSC-DV-001940 CAT II,APSC-DV-001950 CAT II,APSC-DV-002440 CAT I,APSC-DV-002450 CAT II,APSC-DV-002460 CAT II,APSC-DV-002470 CAT II",Insufficient Transport Layer Protection (WASC-04)
2026_SSE_mavit,1.0,Insecure Transport: External Link,appendto.html,39,jobs/40df99ae-e5ad-41dc-a710-6bacd5341271/work/Src/Hospital-Management-System/vendor/ckeditor/samples/appendto.html,Medium,Security Auditor View,Medium,false,,,,,false,false,UPDATED,Tue May 26 16:32:50 CEST 2026,,false,false,false,SCA,STATIC,Content,C72A3E77-8324-4FF9-B958-74FCDDF39D17,EE0C7E276382ED4436040E0A2A8F4FC3,2.0,5.0,5.0,5.0,Security Features,Insecure Transport: External Link,CWE ID 297,[14] CWE ID 287,[14] CWE ID 287,"CCI-000068,CCI-001453,CCI-002418,CCI-002420,CCI-002421,CCI-002422,CCI-002890,CCI-003123","CM,SC",Insufficient Data Protection,,,SC-8 Transmission Confidentiality and Integrity (P1),SC-8 Transmission Confidentiality and Integrity,"2.6.3 Look-up Secret Verifier Requirements (L2 L3),2.7.1 Out of Band Verifier Requirements (L1 L2 L3),2.7.2 Out of Band Verifier Requirements (L1 L2 L3),2.7.3 Out of Band Verifier Requirements (L1 L2 L3),2.8.4 Single or Multi Factor One Time Verifier Requirements (L2 L3),2.8.5 Single or Multi Factor One Time Verifier Requirements (L2 L3),3.7.1 Defenses Against Session Management Exploits (L1 L2 L3),6.2.1 Algorithms (L1 L2 L3),9.2.1 Server Communications Security Requirements (L2 L3),9.2.3 Server Communications Security Requirements (L2 L3)","MASVS-NETWORK-1,MASVS-PLATFORM-2",M3 Insufficient Transport Layer Protection,A6 Sensitive Data Exposure,A3 Sensitive Data Exposure,A05 Security Misconfiguration,"Requirement 4.1,Requirement 6.5.4","Requirement 4.2.1,Requirement 6.2.4","Control Objective 3.3 - Sensitive Data Retention,Control Objective 6.2 - Sensitive Data Protection,Control Objective 7 - Use of Cryptography","Control Objective 3.3 - Sensitive Data Retention,Control Objective 6.2 - Sensitive Data Protection,Control Objective 7 - Use of Cryptography,Control Objective B.2.5 - Terminal Software Design","Control Objective 3.3 - Sensitive Data Retention,Control Objective 6.2 - Sensitive Data Protection,Control Objective 7 - Use of Cryptography,Control Objective B.2.5 - Terminal Software Design,Control Objective C.4.1 - Web Software Communications",,"APSC-DV-000160 CAT II,APSC-DV-000170 CAT II,APSC-DV-001940 CAT II,APSC-DV-001950 CAT II,APSC-DV-002440 CAT I,APSC-DV-002450 CAT II,APSC-DV-002460 CAT II,APSC-DV-002470 CAT II","APSC-DV-000160 CAT II,APSC-DV-000170 CAT II,APSC-DV-001940 CAT II,APSC-DV-001950 CAT II,APSC-DV-002440 CAT I,APSC-DV-002450 CAT II,APSC-DV-002460 CAT II,APSC-DV-002470 CAT II","APSC-DV-000160 CAT II,APSC-DV-000170 CAT II,APSC-DV-001940 CAT II,APSC-DV-001950 CAT II,APSC-DV-002440 CAT I,APSC-DV-002450 CAT II,APSC-DV-002460 CAT II,APSC-DV-002470 CAT II",Insufficient Transport Layer Protection (WASC-04)
2026_SSE_mavit,1.0,Insecure Transport: External Link,appendto.html,48,jobs/40df99ae-e5ad-41dc-a710-6bacd5341271/work/Src/Hospital-Management-System/vendor/ckeditor/samples/appendto.html,Medium,Security Auditor View,Medium,false,,,,,false,false,UPDATED,Tue May 26 16:32:50 CEST 2026,,false,false,false,SCA,STATIC,Content,C72A3E77-8324-4FF9-B958-74FCDDF39D17,EE0C7E276382ED4436040E0A2A8F4FC4,2.0,5.0,5.0,5.0,Security Features,Insecure Transport: External Link,CWE ID 297,[14] CWE ID 287,[14] CWE ID 287,"CCI-000068,CCI-001453,CCI-002418,CCI-002420,CCI-002421,CCI-002422,CCI-002890,CCI-003123","CM,SC",Insufficient Data Protection,,,SC-8 Transmission Confidentiality and Integrity (P1),SC-8 Transmission Confidentiality and Integrity,"2.6.3 Look-up Secret Verifier Requirements (L2 L3),2.7.1 Out of Band Verifier Requirements (L1 L2 L3),2.7.2 Out of Band Verifier Requirements (L1 L2 L3),2.7.3 Out of Band Verifier Requirements (L1 L2 L3),2.8.4 Single or Multi Factor One Time Verifier Requirements (L2 L3),2.8.5 Single or Multi Factor One Time Verifier Requirements (L2 L3),3.7.1 Defenses Against Session Management Exploits (L1 L2 L3),6.2.1 Algorithms (L1 L2 L3),9.2.1 Server Communications Security Requirements (L2 L3),9.2.3 Server Communications Security Requirements (L2 L3)","MASVS-NETWORK-1,MASVS-PLATFORM-2",M3 Insufficient Transport Layer Protection,A6 Sensitive Data Exposure,A3 Sensitive Data Exposure,A05 Security Misconfiguration,"Requirement 4.1,Requirement 6.5.4","Requirement 4.2.1,Requirement 6.2.4","Control Objective 3.3 - Sensitive Data Retention,Control Objective 6.2 - Sensitive Data Protection,Control Objective 7 - Use of Cryptography","Control Objective 3.3 - Sensitive Data Retention,Control Objective 6.2 - Sensitive Data Protection,Control Objective 7 - Use of Cryptography,Control Objective B.2.5 - Terminal Software Design","Control Objective 3.3 - Sensitive Data Retention,Control Objective 6.2 - Sensitive Data Protection,Control Objective 7 - Use of Cryptography,Control Objective B.2.5 - Terminal Software Design,Control Objective C.4.1 - Web Software Communications",,"APSC-DV-000160 CAT II,APSC-DV-000170 CAT II,APSC-DV-001940 CAT II,APSC-DV-001950 CAT II,APSC-DV-002440 CAT I,APSC-DV-002450 CAT II,APSC-DV-002460 CAT II,APSC-DV-002470 CAT II","APSC-DV-000160 CAT II,APSC-DV-000170 CAT II,APSC-DV-001940 CAT II,APSC-DV-001950 CAT II,APSC-DV-002440 CAT I,APSC-DV-002450 CAT II,APSC-DV-002460 CAT II,APSC-DV-002470 CAT II","APSC-DV-000160 CAT II,APSC-DV-000170 CAT II,APSC-DV-001940 CAT II,APSC-DV-001950 CAT II,APSC-DV-002440 CAT I,APSC-DV-002450 CAT II,APSC-DV-002460 CAT II,APSC-DV-002470 CAT II",Insufficient Transport Layer Protection (WASC-04)
2026_SSE_mavit,1.0,Insecure Transport: External Link,appendto.html,51,jobs/40df99ae-e5ad-41dc-a710-6bacd5341271/work/Src/Hospital-Management-System/vendor/ckeditor/samples/appendto.html,Medium,Security Auditor View,Medium,false,,,,,false,false,UPDATED,Tue May 26 16:32:50 CEST 2026,,false,false,false,SCA,STATIC,Content,C72A3E77-8324-4FF9-B958-74FCDDF39D17,EE0C7E276382ED4436040E0A2A8F4FC5,2.0,5.0,5.0,5.0,Security Features,Insecure Transport: External Link,CWE ID 297,[14] CWE ID 287,[14] CWE ID 287,"CCI-000068,CCI-001453,CCI-002418,CCI-002420,CCI-002421,CCI-002422,CCI-002890,CCI-003123","CM,SC",Insufficient Data Protection,,,SC-8 Transmission Confidentiality and Integrity (P1),SC-8 Transmission Confidentiality and Integrity,"2.6.3 Look-up Secret Verifier Requirements (L2 L3),2.7.1 Out of Band Verifier Requirements (L1 L2 L3),2.7.2 Out of Band Verifier Requirements (L1 L2 L3),2.7.3 Out of Band Verifier Requirements (L1 L2 L3),2.8.4 Single or Multi Factor One Time Verifier Requirements (L2 L3),2.8.5 Single or Multi Factor One Time Verifier Requirements (L2 L3),3.7.1 Defenses Against Session Management Exploits (L1 L2 L3),6.2.1 Algorithms (L1 L2 L3),9.2.1 Server Communications Security Requirements (L2 L3),9.2.3 Server Communications Security Requirements (L2 L3)","MASVS-NETWORK-1,MASVS-PLATFORM-2",M3 Insufficient Transport Layer Protection,A6 Sensitive Data Exposure,A3 Sensitive Data Exposure,A05 Security Misconfiguration,"Requirement 4.1,Requirement 6.5.4","Requirement 4.2.1,Requirement 6.2.4","Control Objective 3.3 - Sensitive Data Retention,Control Objective 6.2 - Sensitive Data Protection,Control Objective 7 - Use of Cryptography","Control Objective 3.3 - Sensitive Data Retention,Control Objective 6.2 - Sensitive Data Protection,Control Objective 7 - Use of Cryptography,Control Objective B.2.5 - Terminal Software Design","Control Objective 3.3 - Sensitive Data Retention,Control Objective 6.2 - Sensitive Data Protection,Control Objective 7 - Use of Cryptography,Control Objective B.2.5 - Terminal Software Design,Control Objective C.4.1 - Web Software Communications",,"APSC-DV-000160 CAT II,APSC-DV-000170 CAT II,APSC-DV-001940 CAT II,APSC-DV-001950 CAT II,APSC-DV-002440 CAT I,APSC-DV-002450 CAT II,APSC-DV-002460 CAT II,APSC-DV-002470 CAT II","APSC-DV-000160 CAT II,APSC-DV-000170 CAT II,APSC-DV-001940 CAT II,APSC-DV-001950 CAT II,APSC-DV-002440 CAT I,APSC-DV-002450 CAT II,APSC-DV-002460 CAT II,APSC-DV-002470 CAT II","APSC-DV-000160 CAT II,APSC-DV-000170 CAT II,APSC-DV-001940 CAT II,APSC-DV-001950 CAT II,APSC-DV-002440 CAT I,APSC-DV-002450 CAT II,APSC-DV-002460 CAT II,APSC-DV-002470 CAT II",Insufficient Transport Layer Protection (WASC-04)
2026_SSE_mavit,1.0,SQL Injection,appsearch.php,17,jobs/40df99ae-e5ad-41dc-a710-6bacd5341271/work/Src/Hospital-Management-System/appsearch.php,Critical,Security Auditor View,Critical,false,,,,,false,false,UPDATED,Tue May 26 16:32:50 CEST 2026,,false,false,false,SCA,STATIC,Data Flow,FF858C20-4BCD-4EBA-8DBA-F1502AB06D2E,3941460AB0A932C848DD78A69172139D,5.0,5.0,4.0,5.0,Input Validation and Representation,SQL Injection,CWE ID 89,[6] CWE ID 089,[3] CWE ID 089,"CCI-001310,CCI-002754",SI,Indirect Access to Sensitive Data,Rule 1.3,Rule 0-3-1,SI-10 Information Input Validation (P1),SI-10 Information Input Validation,"5.3.4 Output Encoding and Injection Prevention Requirements (L1 L2 L3),5.3.5 Output Encoding and Injection Prevention Requirements (L1 L2 L3)",MASVS-CODE-4,M7 Client Side Injection,A1 Injection,A1 Injection,A03 Injection,Requirement 6.5.1,Requirement 6.2.4,Control Objective 4.2 - Critical Asset Protection,"Control Objective 4.2 - Critical Asset Protection,Control Objective B.3.1 - Terminal Software Attack Mitigation,Control Objective B.3.1.1 - Terminal Software Attack Mitigation","Control Objective 4.2 - Critical Asset Protection,Control Objective B.3.1 - Terminal Software Attack Mitigation,Control Objective B.3.1.1 - Terminal Software Attack Mitigation,Control Objective C.3.2 - Web Software Attack Mitigation",Insecure Interaction - CWE ID 089,"APSC-DV-002540 CAT I,APSC-DV-002560 CAT I","APSC-DV-002540 CAT I,APSC-DV-002560 CAT I","APSC-DV-002540 CAT I,APSC-DV-002560 CAT I",SQL Injection (WASC-19)
2026_SSE_mavit,1.0,Cross-Site Scripting: Persistent,appsearch.php,74,jobs/40df99ae-e5ad-41dc-a710-6bacd5341271/work/Src/Hospital-Management-System/appsearch.php,Critical,Security Auditor View,Critical,false,,,,,false,false,UPDATED,Tue May 26 16:32:50 CEST 2026,,false,false,false,SCA,STATIC,Data Flow,AF6C6C57-CA46-489C-B449-CFE4A5AB7202,DB59B75A3DFF949251844C705C0D6BAF,5.0,5.0,4.0,5.0,Input Validation and Representation,Cross-Site Scripting: Persistent,"CWE ID 79,CWE ID 80",[2] CWE ID 079,[2] CWE ID 079,"CCI-001310,CCI-002754",SI,Indirect Access to Sensitive Data,,,SI-10 Information Input Validation (P1),SI-10 Information Input Validation,"5.3.3 Output Encoding and Injection Prevention Requirements (L1 L2 L3),5.3.6 Output Encoding and Injection Prevention Requirements (L1 L2 L3)",,M7 Client Side Injection,A3 Cross-Site Scripting (XSS),A7 Cross-Site Scripting (XSS),A03 Injection,Requirement 6.5.7,Requirement 6.2.4,Control Objective 4.2 - Critical Asset Protection,"Control Objective 4.2 - Critical Asset Protection,Control Objective B.3.1 - Terminal Software Attack Mitigation,Control Objective B.3.1.1 - Terminal Software Attack Mitigation","Control Objective 4.2 - Critical Asset Protection,Control Objective B.3.1 - Terminal Software Attack Mitigation,Control Objective B.3.1.1 - Terminal Software Attack Mitigation,Control Objective C.3.2 - Web Software Attack Mitigation",Insecure Interaction - CWE ID 079,"APSC-DV-002490 CAT I,APSC-DV-002560 CAT I","APSC-DV-002490 CAT I,APSC-DV-002560 CAT I","APSC-DV-002490 CAT I,APSC-DV-002560 CAT I",Cross-Site Scripting (WASC-08)
2026_SSE_mavit,1.0,Hardcoded Domain in HTML,appsearch.php,81,jobs/40df99ae-e5ad-41dc-a710-6bacd5341271/work/Src/Hospital-Management-System/appsearch.php,Low,Security Auditor View,Low,false,,,,,false,false,UPDATED,Tue May 26 16:32:50 CEST 2026,,false,false,false,SCA,STATIC,Content,C01B6A50-1224-4062-AA16-C3683C44502E,ACA2AD486A58EBEB5501CE7C0A917179,1.0,0.6,2.0,5.0,Encapsulation,Hardcoded Domain in HTML,"CWE ID 494,CWE ID 829",,,CCI-001167,,Indirect Access to Sensitive Data,,,SC-18 Mobile Code (P2),SC-18 Mobile Code,"1.14.2 Configuration Architectural Requirements (L2 L3),5.3.9 Output Encoding and Injection Prevention Requirements (L1 L2 L3),10.3.2 Deployed Application Integrity Controls (L1 L2 L3),12.3.3 File Execution Requirements (L1 L2 L3),12.3.6 File Execution Requirements (L2 L3),14.2.3 Dependency (L1 L2 L3),14.2.4 Dependency (L2 L3)",MASVS-PLATFORM-2,M7 Client Side Injection,,,,,,,,,,APSC-DV-003300 CAT II,APSC-DV-003300 CAT II,APSC-DV-003300 CAT II,Insufficient Process Validation (WASC-40)
2026_SSE_mavit,1.0,Hardcoded Domain in HTML,appsearch.php,82,jobs/40df99ae-e5ad-41dc-a710-6bacd5341271/work/Src/Hospital-Management-System/appsearch.php,Low,Security Auditor View,Low,false,,,,,false,false,UPDATED,Tue May 26 16:32:50 CEST 2026,,false,false,false,SCA,STATIC,Content,C01B6A50-1224-4062-AA16-C3683C44502E,ACA2AD486A58EBEB5501CE7C0A91717A,1.0,0.6,2.0,5.0,Encapsulation,Hardcoded Domain in HTML,"CWE ID 494,CWE ID 829",,,CCI-001167,,Indirect Access to Sensitive Data,,,SC-18 Mobile Code (P2),SC-18 Mobile Code,"1.14.2 Configuration Architectural Requirements (L2 L3),5.3.9 Output Encoding and Injection Prevention Requirements (L1 L2 L3),10.3.2 Deployed Application Integrity Controls (L1 L2 L3),12.3.3 File Execution Requirements (L1 L2 L3),12.3.6 File Execution Requirements (L2 L3),14.2.3 Dependency (L1 L2 L3),14.2.4 Dependency (L2 L3)",MASVS-PLATFORM-2,M7 Client Side Injection,,,,,,,,,,APSC-DV-003300 CAT II,APSC-DV-003300 CAT II,APSC-DV-003300 CAT II,Insufficient Process Validation (WASC-40)
2026_SSE_mavit,1.0,Hardcoded Domain in HTML,appsearch.php,83,jobs/40df99ae-e5ad-41dc-a710-6bacd5341271/work/Src/Hospital-Management-System/appsearch.php,Low,Security Auditor View,Low,false,,,,,false,false,UPDATED,Tue May 26 16:32:50 CEST 2026,,false,false,false,SCA,STATIC,Content,C01B6A50-1224-4062-AA16-C3683C44502E,ACA2AD486A58EBEB5501CE7C0A91717B,1.0,0.6,2.0,5.0,Encapsulation,Hardcoded Domain in HTML,"CWE ID 494,CWE ID 829",,,CCI-001167,,Indirect Access to Sensitive Data,,,SC-18 Mobile Code (P2),SC-18 Mobile Code,"1.14.2 Configuration Architectural Requirements (L2 L3),5.3.9 Output Encoding and Injection Prevention Requirements (L1 L2 L3),10.3.2 Deployed Application Integrity Controls (L1 L2 L3),12.3.3 File Execution Requirements (L1 L2 L3),12.3.6 File Execution Requirements (L2 L3),14.2.3 Dependency (L1 L2 L3),14.2.4 Dependency (L2 L3)",MASVS-PLATFORM-2,M7 Client Side Injection,,,,,,,,,,APSC-DV-003300 CAT II,APSC-DV-003300 CAT II,APSC-DV-003300 CAT II,Insufficient Process Validation (WASC-40)
2026_SSE_mavit,1.0,Cross-Site Request Forgery,bootstrapck-sample.html,33,jobs/40df99ae-e5ad-41dc-a710-6bacd5341271/work/Src/Hospital-Management-System/vendor/ckeditor/skins/bootstrapck/sample/bootstrapck-sample.html,Low,Security Auditor View,Low,false,,,,,false,false,UPDATED,Tue May 26 16:32:50 CEST 2026,,false,false,false,SCA,STATIC,Content,78E0700E-56FE-45A2-A11B-6A560F730576,364A5AC28926B84B412B2DE41E09F739,2.0,0.4,2.0,5.0,Encapsulation,Cross-Site Request Forgery,CWE ID 352,[9] CWE ID 352,[9] CWE ID 352,"CCI-001310,CCI-001941,CCI-001942",,Access Violation,,,SC-23 Session Authenticity (P1),SC-23 Session Authenticity,"3.5.3 Token-based Session Management (L2 L3),4.2.2 Operation Level Access Control (L1 L2 L3),13.2.3 RESTful Web Service Verification Requirements (L1 L2 L3)",,M5 Poor Authorization and Authentication,A8 Cross-Site Request Forgery (CSRF),,A01 Broken Access Control,Requirement 6.5.9,Requirement 6.2.4,Control Objective 5.4 - Authentication and Access Control,Control Objective 5.4 - Authentication and Access Control,"Control Objective 5.4 - Authentication and Access Control,Control Objective C.2.3 - Web Software Access Controls",Insecure Interaction - CWE ID 352,"APSC-DV-001620 CAT II,APSC-DV-001630 CAT II,APSC-DV-002500 CAT II","APSC-DV-001620 CAT II,APSC-DV-001630 CAT II,APSC-DV-002500 CAT II","APSC-DV-001620 CAT II,APSC-DV-001630 CAT II,APSC-DV-002500 CAT II",Cross-Site Request Forgery (WASC-09)
2026_SSE_mavit,1.0,Insecure Transport: External Link,bootstrapck-sample.html,40,jobs/40df99ae-e5ad-41dc-a710-6bacd5341271/work/Src/Hospital-Management-System/vendor/ckeditor/skins/bootstrapck/sample/bootstrapck-sample.html,Medium,Security Auditor View,Medium,false,,,,,false,false,UPDATED,Tue May 26 16:32:50 CEST 2026,,false,false,false,SCA,STATIC,Content,C72A3E77-8324-4FF9-B958-74FCDDF39D17,8744A1DB4449D700ECAA88F2169F72D4,2.0,5.0,5.0,5.0,Security Features,Insecure Transport: External Link,CWE ID 297,[14] CWE ID 287,[14] CWE ID 287,"CCI-000068,CCI-001453,CCI-002418,CCI-002420,CCI-002421,CCI-002422,CCI-002890,CCI-003123","CM,SC",Insufficient Data Protection,,,SC-8 Transmission Confidentiality and Integrity (P1),SC-8 Transmission Confidentiality and Integrity,"2.6.3 Look-up Secret Verifier Requirements (L2 L3),2.7.1 Out of Band Verifier Requirements (L1 L2 L3),2.7.2 Out of Band Verifier Requirements (L1 L2 L3),2.7.3 Out of Band Verifier Requirements (L1 L2 L3),2.8.4 Single or Multi Factor One Time Verifier Requirements (L2 L3),2.8.5 Single or Multi Factor One Time Verifier Requirements (L2 L3),3.7.1 Defenses Against Session Management Exploits (L1 L2 L3),6.2.1 Algorithms (L1 L2 L3),9.2.1 Server Communications Security Requirements (L2 L3),9.2.3 Server Communications Security Requirements (L2 L3)","MASVS-NETWORK-1,MASVS-PLATFORM-2",M3 Insufficient Transport Layer Protection,A6 Sensitive Data Exposure,A3 Sensitive Data Exposure,A05 Security Misconfiguration,"Requirement 4.1,Requirement 6.5.4","Requirement 4.2.1,Requirement 6.2.4","Control Objective 3.3 - Sensitive Data Retention,Control Objective 6.2 - Sensitive Data Protection,Control Objective 7 - Use of Cryptography","Control Objective 3.3 - Sensitive Data Retention,Control Objective 6.2 - Sensitive Data Protection,Control Objective 7 - Use of Cryptography,Control Objective B.2.5 - Terminal Software Design","Control Objective 3.3 - Sensitive Data Retention,Control Objective 6.2 - Sensitive Data Protection,Control Objective 7 - Use of Cryptography,Control Objective B.2.5 - Terminal Software Design,Control Objective C.4.1 - Web Software Communications",,"APSC-DV-000160 CAT II,APSC-DV-000170 CAT II,APSC-DV-001940 CAT II,APSC-DV-001950 CAT II,APSC-DV-002440 CAT I,APSC-DV-002450 CAT II,APSC-DV-002460 CAT II,APSC-DV-002470 CAT II","APSC-DV-000160 CAT II,APSC-DV-000170 CAT II,APSC-DV-001940 CAT II,APSC-DV-001950 CAT II,APSC-DV-002440 CAT I,APSC-DV-002450 CAT II,APSC-DV-002460 CAT II,APSC-DV-002470 CAT II","APSC-DV-000160 CAT II,APSC-DV-000170 CAT II,APSC-DV-001940 CAT II,APSC-DV-001950 CAT II,APSC-DV-002440 CAT I,APSC-DV-002450 CAT II,APSC-DV-002460 CAT II,APSC-DV-002470 CAT II",Insufficient Transport Layer Protection (WASC-04)
2026_SSE_mavit,1.0,Insecure Transport: External Link,bootstrapck-sample.html,45,jobs/40df99ae-e5ad-41dc-a710-6bacd5341271/work/Src/Hospital-Management-System/vendor/ckeditor/skins/bootstrapck/sample/bootstrapck-sample.html,Medium,Security Auditor View,Medium,false,,,,,false,false,UPDATED,Tue May 26 16:32:50 CEST 2026,,false,false,false,SCA,STATIC,Content,C72A3E77-8324-4FF9-B958-74FCDDF39D17,8744A1DB4449D700ECAA88F2169F72D5,2.0,5.0,5.0,5.0,Security Features,Insecure Transport: External Link,CWE ID 297,[14] CWE ID 287,[14] CWE ID 287,"CCI-000068,CCI-001453,CCI-002418,CCI-002420,CCI-002421,CCI-002422,CCI-002890,CCI-003123","CM,SC",Insufficient Data Protection,,,SC-8 Transmission Confidentiality and Integrity (P1),SC-8 Transmission Confidentiality and Integrity,"2.6.3 Look-up Secret Verifier Requirements (L2 L3),2.7.1 Out of Band Verifier Requirements (L1 L2 L3),2.7.2 Out of Band Verifier Requirements (L1 L2 L3),2.7.3 Out of Band Verifier Requirements (L1 L2 L3),2.8.4 Single or Multi Factor One Time Verifier Requirements (L2 L3),2.8.5 Single or Multi Factor One Time Verifier Requirements (L2 L3),3.7.1 Defenses Against Session Management Exploits (L1 L2 L3),6.2.1 Algorithms (L1 L2 L3),9.2.1 Server Communications Security Requirements (L2 L3),9.2.3 Server Communications Security Requirements (L2 L3)","MASVS-NETWORK-1,MASVS-PLATFORM-2",M3 Insufficient Transport Layer Protection,A6 Sensitive Data Exposure,A3 Sensitive Data Exposure,A05 Security Misconfiguration,"Requirement 4.1,Requirement 6.5.4","Requirement 4.2.1,Requirement 6.2.4","Control Objective 3.3 - Sensitive Data Retention,Control Objective 6.2 - Sensitive Data Protection,Control Objective 7 - Use of Cryptography","Control Objective 3.3 - Sensitive Data Retention,Control Objective 6.2 - Sensitive Data Protection,Control Objective 7 - Use of Cryptography,Control Objective B.2.5 - Terminal Software Design","Control Objective 3.3 - Sensitive Data Retention,Control Objective 6.2 - Sensitive Data Protection,Control Objective 7 - Use of Cryptography,Control Objective B.2.5 - Terminal Software Design,Control Objective C.4.1 - Web Software Communications",,"APSC-DV-000160 CAT II,APSC-DV-000170 CAT II,APSC-DV-001940 CAT II,APSC-DV-001950 CAT II,APSC-DV-002440 CAT I,APSC-DV-002450 CAT II,APSC-DV-002460 CAT II,APSC-DV-002470 CAT II","APSC-DV-000160 CAT II,APSC-DV-000170 CAT II,APSC-DV-001940 CAT II,APSC-DV-001950 CAT II,APSC-DV-002440 CAT I,APSC-DV-002450 CAT II,APSC-DV-002460 CAT II,APSC-DV-002470 CAT II","APSC-DV-000160 CAT II,APSC-DV-000170 CAT II,APSC-DV-001940 CAT II,APSC-DV-001950 CAT II,APSC-DV-002440 CAT I,APSC-DV-002450 CAT II,APSC-DV-002460 CAT II,APSC-DV-002470 CAT II",Insufficient Transport Layer Protection (WASC-04)
2026_SSE_mavit,1.0,Insecure Transport: External Link,bootstrapck-sample.html,45,jobs/40df99ae-e5ad-41dc-a710-6bacd5341271/work/Src/Hospital-Management-System/vendor/ckeditor/skins/bootstrapck/sample/bootstrapck-sample.html,Medium,Security Auditor View,Medium,false,,,,,false,false,UPDATED,Tue May 26 16:32:50 CEST 2026,,false,false,false,SCA,STATIC,Content,C72A3E77-8324-4FF9-B958-74FCDDF39D17,8744A1DB4449D700ECAA88F2169F72D6,2.0,5.0,5.0,5.0,Security Features,Insecure Transport: External Link,CWE ID 297,[14] CWE ID 287,[14] CWE ID 287,"CCI-000068,CCI-001453,CCI-002418,CCI-002420,CCI-002421,CCI-002422,CCI-002890,CCI-003123","CM,SC",Insufficient Data Protection,,,SC-8 Transmission Confidentiality and Integrity (P1),SC-8 Transmission Confidentiality and Integrity,"2.6.3 Look-up Secret Verifier Requirements (L2 L3),2.7.1 Out of Band Verifier Requirements (L1 L2 L3),2.7.2 Out of Band Verifier Requirements (L1 L2 L3),2.7.3 Out of Band Verifier Requirements (L1 L2 L3),2.8.4 Single or Multi Factor One Time Verifier Requirements (L2 L3),2.8.5 Single or Multi Factor One Time Verifier Requirements (L2 L3),3.7.1 Defenses Against Session Management Exploits (L1 L2 L3),6.2.1 Algorithms (L1 L2 L3),9.2.1 Server Communications Security Requirements (L2 L3),9.2.3 Server Communications Security Requirements (L2 L3)","MASVS-NETWORK-1,MASVS-PLATFORM-2",M3 Insufficient Transport Layer Protection,A6 Sensitive Data Exposure,A3 Sensitive Data Exposure,A05 Security Misconfiguration,"Requirement 4.1,Requirement 6.5.4","Requirement 4.2.1,Requirement 6.2.4","Control Objective 3.3 - Sensitive Data Retention,Control Objective 6.2 - Sensitive Data Protection,Control Objective 7 - Use of Cryptography","Control Objective 3.3 - Sensitive Data Retention,Control Objective 6.2 - Sensitive Data Protection,Control Objective 7 - Use of Cryptography,Control Objective B.2.5 - Terminal Software Design","Control Objective 3.3 - Sensitive Data Retention,Control Objective 6.2 - Sensitive Data Protection,Control Objective 7 - Use of Cryptography,Control Objective B.2.5 - Terminal Software Design,Control Objective C.4.1 - Web Software Communications",,"APSC-DV-000160 CAT II,APSC-DV-000170 CAT II,APSC-DV-001940 CAT II,APSC-DV-001950 CAT II,APSC-DV-002440 CAT I,APSC-DV-002450 CAT II,APSC-DV-002460 CAT II,APSC-DV-002470 CAT II","APSC-DV-000160 CAT II,APSC-DV-000170 CAT II,APSC-DV-001940 CAT II,APSC-DV-001950 CAT II,APSC-DV-002440 CAT I,APSC-DV-002450 CAT II,APSC-DV-002460 CAT II,APSC-DV-002470 CAT II","APSC-DV-000160 CAT II,APSC-DV-000170 CAT II,APSC-DV-001940 CAT II,APSC-DV-001950 CAT II,APSC-DV-002440 CAT I,APSC-DV-002450 CAT II,APSC-DV-002460 CAT II,APSC-DV-002470 CAT II",Insufficient Transport Layer Protection (WASC-04)
2026_SSE_mavit,1.0,Insecure Transport: External Link,bootstrapck-sample.html,46,jobs/40df99ae-e5ad-41dc-a710-6bacd5341271/work/Src/Hospital-Management-System/vendor/ckeditor/skins/bootstrapck/sample/bootstrapck-sample.html,Medium,Security Auditor View,Medium,false,,,,,false,false,UPDATED,Tue May 26 16:32:50 CEST 2026,,false,false,false,SCA,STATIC,Content,C72A3E77-8324-4FF9-B958-74FCDDF39D17,8744A1DB4449D700ECAA88F2169F72D7,2.0,5.0,5.0,5.0,Security Features,Insecure Transport: External Link,CWE ID 297,[14] CWE ID 287,[14] CWE ID 287,"CCI-000068,CCI-001453,CCI-002418,CCI-002420,CCI-002421,CCI-002422,CCI-002890,CCI-003123","CM,SC",Insufficient Data Protection,,,SC-8 Transmission Confidentiality and Integrity (P1),SC-8 Transmission Confidentiality and Integrity,"2.6.3 Look-up Secret Verifier Requirements (L2 L3),2.7.1 Out of Band Verifier Requirements (L1 L2 L3),2.7.2 Out of Band Verifier Requirements (L1 L2 L3),2.7.3 Out of Band Verifier Requirements (L1 L2 L3),2.8.4 Single or Multi Factor One Time Verifier Requirements (L2 L3),2.8.5 Single or Multi Factor One Time Verifier Requirements (L2 L3),3.7.1 Defenses Against Session Management Exploits (L1 L2 L3),6.2.1 Algorithms (L1 L2 L3),9.2.1 Server Communications Security Requirements (L2 L3),9.2.3 Server Communications Security Requirements (L2 L3)","MASVS-NETWORK-1,MASVS-PLATFORM-2",M3 Insufficient Transport Layer Protection,A6 Sensitive Data Exposure,A3 Sensitive Data Exposure,A05 Security Misconfiguration,"Requirement 4.1,Requirement 6.5.4","Requirement 4.2.1,Requirement 6.2.4","Control Objective 3.3 - Sensitive Data Retention,Control Objective 6.2 - Sensitive Data Protection,Control Objective 7 - Use of Cryptography","Control Objective 3.3 - Sensitive Data Retention,Control Objective 6.2 - Sensitive Data Protection,Control Objective 7 - Use of Cryptography,Control Objective B.2.5 - Terminal Software Design","Control Objective 3.3 - Sensitive Data Retention,Control Objective 6.2 - Sensitive Data Protection,Control Objective 7 - Use of Cryptography,Control Objective B.2.5 - Terminal Software Design,Control Objective C.4.1 - Web Software Communications",,"APSC-DV-000160 CAT II,APSC-DV-000170 CAT II,APSC-DV-001940 CAT II,APSC-DV-001950 CAT II,APSC-DV-002440 CAT I,APSC-DV-002450 CAT II,APSC-DV-002460 CAT II,APSC-DV-002470 CAT II","APSC-DV-000160 CAT II,APSC-DV-000170 CAT II,APSC-DV-001940 CAT II,APSC-DV-001950 CAT II,APSC-DV-002440 CAT I,APSC-DV-002450 CAT II,APSC-DV-002460 CAT II,APSC-DV-002470 CAT II","APSC-DV-000160 CAT II,APSC-DV-000170 CAT II,APSC-DV-001940 CAT II,APSC-DV-001950 CAT II,APSC-DV-002440 CAT I,APSC-DV-002450 CAT II,APSC-DV-002460 CAT II,APSC-DV-002470 CAT II",Insufficient Transport Layer Protection (WASC-04)
2026_SSE_mavit,1.0,Insecure Transport: External Link,bootstrapck-sample.html,46,jobs/40df99ae-e5ad-41dc-a710-6bacd5341271/work/Src/Hospital-Management-System/vendor/ckeditor/skins/bootstrapck/sample/bootstrapck-sample.html,Medium,Security Auditor View,Medium,false,,,,,false,false,UPDATED,Tue May 26 16:32:50 CEST 2026,,false,false,false,SCA,STATIC,Content,C72A3E77-8324-4FF9-B958-74FCDDF39D17,8744A1DB4449D700ECAA88F2169F72D8,2.0,5.0,5.0,5.0,Security Features,Insecure Transport: External Link,CWE ID 297,[14] CWE ID 287,[14] CWE ID 287,"CCI-000068,CCI-001453,CCI-002418,CCI-002420,CCI-002421,CCI-002422,CCI-002890,CCI-003123","CM,SC",Insufficient Data Protection,,,SC-8 Transmission Confidentiality and Integrity (P1),SC-8 Transmission Confidentiality and Integrity,"2.6.3 Look-up Secret Verifier Requirements (L2 L3),2.7.1 Out of Band Verifier Requirements (L1 L2 L3),2.7.2 Out of Band Verifier Requirements (L1 L2 L3),2.7.3 Out of Band Verifier Requirements (L1 L2 L3),2.8.4 Single or Multi Factor One Time Verifier Requirements (L2 L3),2.8.5 Single or Multi Factor One Time Verifier Requirements (L2 L3),3.7.1 Defenses Against Session Management Exploits (L1 L2 L3),6.2.1 Algorithms (L1 L2 L3),9.2.1 Server Communications Security Requirements (L2 L3),9.2.3 Server Communications Security Requirements (L2 L3)","MASVS-NETWORK-1,MASVS-PLATFORM-2",M3 Insufficient Transport Layer Protection,A6 Sensitive Data Exposure,A3 Sensitive Data Exposure,A05 Security Misconfiguration,"Requirement 4.1,Requirement 6.5.4","Requirement 4.2.1,Requirement 6.2.4","Control Objective 3.3 - Sensitive Data Retention,Control Objective 6.2 - Sensitive Data Protection,Control Objective 7 - Use of Cryptography","Control Objective 3.3 - Sensitive Data Retention,Control Objective 6.2 - Sensitive Data Protection,Control Objective 7 - Use of Cryptography,Control Objective B.2.5 - Terminal Software Design","Control Objective 3.3 - Sensitive Data Retention,Control Objective 6.2 - Sensitive Data Protection,Control Objective 7 - Use of Cryptography,Control Objective B.2.5 - Terminal Software Design,Control Objective C.4.1 - Web Software Communications",,"APSC-DV-000160 CAT II,APSC-DV-000170 CAT II,APSC-DV-001940 CAT II,APSC-DV-001950 CAT II,APSC-DV-002440 CAT I,APSC-DV-002450 CAT II,APSC-DV-002460 CAT II,APSC-DV-002470 CAT II","APSC-DV-000160 CAT II,APSC-DV-000170 CAT II,APSC-DV-001940 CAT II,APSC-DV-001950 CAT II,APSC-DV-002440 CAT I,APSC-DV-002450 CAT II,APSC-DV-002460 CAT II,APSC-DV-002470 CAT II","APSC-DV-000160 CAT II,APSC-DV-000170 CAT II,APSC-DV-001940 CAT II,APSC-DV-001950 CAT II,APSC-DV-002440 CAT I,APSC-DV-002450 CAT II,APSC-DV-002460 CAT II,APSC-DV-002470 CAT II",Insufficient Transport Layer Protection (WASC-04)
2026_SSE_mavit,1.0,Insecure Transport: External Link,bootstrapck-sample.html,47,jobs/40df99ae-e5ad-41dc-a710-6bacd5341271/work/Src/Hospital-Management-System/vendor/ckeditor/skins/bootstrapck/sample/bootstrapck-sample.html,Medium,Security Auditor View,Medium,false,,,,,false,false,UPDATED,Tue May 26 16:32:50 CEST 2026,,false,false,false,SCA,STATIC,Content,C72A3E77-8324-4FF9-B958-74FCDDF39D17,8744A1DB4449D700ECAA88F2169F72D9,2.0,5.0,5.0,5.0,Security Features,Insecure Transport: External Link,CWE ID 297,[14] CWE ID 287,[14] CWE ID 287,"CCI-000068,CCI-001453,CCI-002418,CCI-002420,CCI-002421,CCI-002422,CCI-002890,CCI-003123","CM,SC",Insufficient Data Protection,,,SC-8 Transmission Confidentiality and Integrity (P1),SC-8 Transmission Confidentiality and Integrity,"2.6.3 Look-up Secret Verifier Requirements (L2 L3),2.7.1 Out of Band Verifier Requirements (L1 L2 L3),2.7.2 Out of Band Verifier Requirements (L1 L2 L3),2.7.3 Out of Band Verifier Requirements (L1 L2 L3),2.8.4 Single or Multi Factor One Time Verifier Requirements (L2 L3),2.8.5 Single or Multi Factor One Time Verifier Requirements (L2 L3),3.7.1 Defenses Against Session Management Exploits (L1 L2 L3),6.2.1 Algorithms (L1 L2 L3),9.2.1 Server Communications Security Requirements (L2 L3),9.2.3 Server Communications Security Requirements (L2 L3)","MASVS-NETWORK-1,MASVS-PLATFORM-2",M3 Insufficient Transport Layer Protection,A6 Sensitive Data Exposure,A3 Sensitive Data Exposure,A05 Security Misconfiguration,"Requirement 4.1,Requirement 6.5.4","Requirement 4.2.1,Requirement 6.2.4","Control Objective 3.3 - Sensitive Data Retention,Control Objective 6.2 - Sensitive Data Protection,Control Objective 7 - Use of Cryptography","Control Objective 3.3 - Sensitive Data Retention,Control Objective 6.2 - Sensitive Data Protection,Control Objective 7 - Use of Cryptography,Control Objective B.2.5 - Terminal Software Design","Control Objective 3.3 - Sensitive Data Retention,Control Objective 6.2 - Sensitive Data Protection,Control Objective 7 - Use of Cryptography,Control Objective B.2.5 - Terminal Software Design,Control Objective C.4.1 - Web Software Communications",,"APSC-DV-000160 CAT II,APSC-DV-000170 CAT II,APSC-DV-001940 CAT II,APSC-DV-001950 CAT II,APSC-DV-002440 CAT I,APSC-DV-002450 CAT II,APSC-DV-002460 CAT II,APSC-DV-002470 CAT II","APSC-DV-000160 CAT II,APSC-DV-000170 CAT II,APSC-DV-001940 CAT II,APSC-DV-001950 CAT II,APSC-DV-002440 CAT I,APSC-DV-002450 CAT II,APSC-DV-002460 CAT II,APSC-DV-002470 CAT II","APSC-DV-000160 CAT II,APSC-DV-000170 CAT II,APSC-DV-001940 CAT II,APSC-DV-001950 CAT II,APSC-DV-002440 CAT I,APSC-DV-002450 CAT II,APSC-DV-002460 CAT II,APSC-DV-002470 CAT II",Insufficient Transport Layer Protection (WASC-04)
2026_SSE_mavit,1.0,Insecure Transport: External Link,bootstrapck-sample.html,79,jobs/40df99ae-e5ad-41dc-a710-6bacd5341271/work/Src/Hospital-Management-System/vendor/ckeditor/skins/bootstrapck/sample/bootstrapck-sample.html,Medium,Security Auditor View,Medium,false,,,,,false,false,UPDATED,Tue May 26 16:32:50 CEST 2026,,false,false,false,SCA,STATIC,Content,C72A3E77-8324-4FF9-B958-74FCDDF39D17,8744A1DB4449D700ECAA88F2169F72DA,2.0,5.0,5.0,5.0,Security Features,Insecure Transport: External Link,CWE ID 297,[14] CWE ID 287,[14] CWE ID 287,"CCI-000068,CCI-001453,CCI-002418,CCI-002420,CCI-002421,CCI-002422,CCI-002890,CCI-003123","CM,SC",Insufficient Data Protection,,,SC-8 Transmission Confidentiality and Integrity (P1),SC-8 Transmission Confidentiality and Integrity,"2.6.3 Look-up Secret Verifier Requirements (L2 L3),2.7.1 Out of Band Verifier Requirements (L1 L2 L3),2.7.2 Out of Band Verifier Requirements (L1 L2 L3),2.7.3 Out of Band Verifier Requirements (L1 L2 L3),2.8.4 Single or Multi Factor One Time Verifier Requirements (L2 L3),2.8.5 Single or Multi Factor One Time Verifier Requirements (L2 L3),3.7.1 Defenses Against Session Management Exploits (L1 L2 L3),6.2.1 Algorithms (L1 L2 L3),9.2.1 Server Communications Security Requirements (L2 L3),9.2.3 Server Communications Security Requirements (L2 L3)","MASVS-NETWORK-1,MASVS-PLATFORM-2",M3 Insufficient Transport Layer Protection,A6 Sensitive Data Exposure,A3 Sensitive Data Exposure,A05 Security Misconfiguration,"Requirement 4.1,Requirement 6.5.4","Requirement 4.2.1,Requirement 6.2.4","Control Objective 3.3 - Sensitive Data Retention,Control Objective 6.2 - Sensitive Data Protection,Control Objective 7 - Use of Cryptography","Control Objective 3.3 - Sensitive Data Retention,Control Objective 6.2 - Sensitive Data Protection,Control Objective 7 - Use of Cryptography,Control Objective B.2.5 - Terminal Software Design","Control Objective 3.3 - Sensitive Data Retention,Control Objective 6.2 - Sensitive Data Protection,Control Objective 7 - Use of Cryptography,Control Objective B.2.5 - Terminal Software Design,Control Objective C.4.1 - Web Software Communications",,"APSC-DV-000160 CAT II,APSC-DV-000170 CAT II,APSC-DV-001940 CAT II,APSC-DV-001950 CAT II,APSC-DV-002440 CAT I,APSC-DV-002450 CAT II,APSC-DV-002460 CAT II,APSC-DV-002470 CAT II","APSC-DV-000160 CAT II,APSC-DV-000170 CAT II,APSC-DV-001940 CAT II,APSC-DV-001950 CAT II,APSC-DV-002440 CAT I,APSC-DV-002450 CAT II,APSC-DV-002460 CAT II,APSC-DV-002470 CAT II","APSC-DV-000160 CAT II,APSC-DV-000170 CAT II,APSC-DV-001940 CAT II,APSC-DV-001950 CAT II,APSC-DV-002440 CAT I,APSC-DV-002450 CAT II,APSC-DV-002460 CAT II,APSC-DV-002470 CAT II",Insufficient Transport Layer Protection (WASC-04)
2026_SSE_mavit,1.0,Header Manipulation,checklogin.php,9,jobs/40df99ae-e5ad-41dc-a710-6bacd5341271/work/Src/Hospital-Management-System/include/checklogin.php,High,Security Auditor View,High,false,,,,,false,false,UPDATED,Tue May 26 16:32:50 CEST 2026,,false,false,false,SCA,STATIC,Data Flow,34918516-B6BC-4dd7-9428-5811C1D01CC0,C026B40519386697BF6F820461BE2916,3.0,2.4,4.0,5.0,Input Validation and Representation,Header Manipulation,CWE ID 113,,,CCI-002754,SI,Indirect Access to Sensitive Data,,,SI-10 Information Input Validation (P1),SI-10 Information Input Validation,,"MASVS-PLATFORM-1,MASVS-CODE-4",M8 Security Decisions Via Untrusted Inputs,A1 Injection,A1 Injection,A03 Injection,Requirement 6.5.1,Requirement 6.2.4,Control Objective 4.2 - Critical Asset Protection,"Control Objective 4.2 - Critical Asset Protection,Control Objective B.3.1 - Terminal Software Attack Mitigation,Control Objective B.3.1.1 - Terminal Software Attack Mitigation","Control Objective 4.2 - Critical Asset Protection,Control Objective B.3.1 - Terminal Software Attack Mitigation,Control Objective B.3.1.1 - Terminal Software Attack Mitigation,Control Objective C.3.2 - Web Software Attack Mitigation",,APSC-DV-002560 CAT I,APSC-DV-002560 CAT I,APSC-DV-002560 CAT I,HTTP Response Splitting (WASC-25)
2026_SSE_mavit,1.0,Insecure Randomness,ckeditor.js,5,jobs/40df99ae-e5ad-41dc-a710-6bacd5341271/work/Src/Hospital-Management-System/vendor/ckeditor/ckeditor.js,High,Security Auditor View,High,false,,,,,false,false,UPDATED,Tue May 26 16:32:50 CEST 2026,,false,false,false,SCA,STATIC,Structural,919BF191-6443-4239-BBFF-A7A31C108032,3AA83AE4BBBAE0E2AD3F7A1F46C6519E,4.0,0.4,2.0,5.0,Security Features,Insecure Randomness,CWE ID 338,,,CCI-002450,MP,Insufficient Data Protection,,,SC-13 Cryptographic Protection (P1),SC-13 Cryptographic Protection,"2.3.1 Authenticator Lifecycle Requirements (L1 L2 L3),2.6.2 Look-up Secret Verifier Requirements (L2 L3),3.2.2 Session Binding Requirements (L1 L2 L3),3.2.4 Session Binding Requirements (L2 L3),6.3.1 Random Values (L2 L3),6.3.2 Random Values (L2 L3),6.3.3 Random Values (L3)",MASVS-CRYPTO-1,M6 Broken Cryptography,,,A02 Cryptographic Failures,Requirement 6.5.3,Requirement 6.2.4,Control Objective 7.3 - Use of Cryptography,"Control Objective 7.3 - Use of Cryptography,Control Objective B.2.4 - Terminal Software Design","Control Objective 7.3 - Use of Cryptography,Control Objective B.2.4 - Terminal Software Design",,"APSC-DV-002010 CAT II,APSC-DV-002050 CAT II","APSC-DV-002010 CAT II,APSC-DV-002050 CAT II","APSC-DV-002010 CAT II,APSC-DV-002050 CAT II",
2026_SSE_mavit,1.0,Cross-Site Request Forgery,contact.html,69,jobs/40df99ae-e5ad-41dc-a710-6bacd5341271/work/Src/Hospital-Management-System/contact.html,Low,Security Auditor View,Low,false,,,,,false,false,UPDATED,Tue May 26 16:32:50 CEST 2026,,false,false,false,SCA,STATIC,Content,78E0700E-56FE-45A2-A11B-6A560F730576,C19C6A643B4E0B273F9E46DDD1576D98,2.0,0.4,2.0,5.0,Encapsulation,Cross-Site Request Forgery,CWE ID 352,[9] CWE ID 352,[9] CWE ID 352,"CCI-001310,CCI-001941,CCI-001942",,Access Violation,,,SC-23 Session Authenticity (P1),SC-23 Session Authenticity,"3.5.3 Token-based Session Management (L2 L3),4.2.2 Operation Level Access Control (L1 L2 L3),13.2.3 RESTful Web Service Verification Requirements (L1 L2 L3)",,M5 Poor Authorization and Authentication,A8 Cross-Site Request Forgery (CSRF),,A01 Broken Access Control,Requirement 6.5.9,Requirement 6.2.4,Control Objective 5.4 - Authentication and Access Control,Control Objective 5.4 - Authentication and Access Control,"Control Objective 5.4 - Authentication and Access Control,Control Objective C.2.3 - Web Software Access Controls",Insecure Interaction - CWE ID 352,"APSC-DV-001620 CAT II,APSC-DV-001630 CAT II,APSC-DV-002500 CAT II","APSC-DV-001620 CAT II,APSC-DV-001630 CAT II,APSC-DV-002500 CAT II","APSC-DV-001620 CAT II,APSC-DV-001630 CAT II,APSC-DV-002500 CAT II",Cross-Site Request Forgery (WASC-09)
2026_SSE_mavit,1.0,SQL Injection,contact.php,11,jobs/40df99ae-e5ad-41dc-a710-6bacd5341271/work/Src/Hospital-Management-System/contact.php,Critical,Security Auditor View,Critical,false,,,,,false,false,UPDATED,Tue May 26 16:32:50 CEST 2026,,false,false,false,SCA,STATIC,Data Flow,FF858C20-4BCD-4EBA-8DBA-F1502AB06D2E,5E16BB2ECF3A70BB960444322677968C,5.0,5.0,4.0,5.0,Input Validation and Representation,SQL Injection,CWE ID 89,[6] CWE ID 089,[3] CWE ID 089,"CCI-001310,CCI-002754",SI,Indirect Access to Sensitive Data,Rule 1.3,Rule 0-3-1,SI-10 Information Input Validation (P1),SI-10 Information Input Validation,"5.3.4 Output Encoding and Injection Prevention Requirements (L1 L2 L3),5.3.5 Output Encoding and Injection Prevention Requirements (L1 L2 L3)",MASVS-CODE-4,M7 Client Side Injection,A1 Injection,A1 Injection,A03 Injection,Requirement 6.5.1,Requirement 6.2.4,Control Objective 4.2 - Critical Asset Protection,"Control Objective 4.2 - Critical Asset Protection,Control Objective B.3.1 - Terminal Software Attack Mitigation,Control Objective B.3.1.1 - Terminal Software Attack Mitigation","Control Objective 4.2 - Critical Asset Protection,Control Objective B.3.1 - Terminal Software Attack Mitigation,Control Objective B.3.1.1 - Terminal Software Attack Mitigation,Control Objective C.3.2 - Web Software Attack Mitigation",Insecure Interaction - CWE ID 089,"APSC-DV-002540 CAT I,APSC-DV-002560 CAT I","APSC-DV-002540 CAT I,APSC-DV-002560 CAT I","APSC-DV-002540 CAT I,APSC-DV-002560 CAT I",SQL Injection (WASC-19)
2026_SSE_mavit,1.0,SQL Injection,contact.php,11,jobs/40df99ae-e5ad-41dc-a710-6bacd5341271/work/Src/Hospital-Management-System/contact.php,Critical,Security Auditor View,Critical,false,,,,,false,false,UPDATED,Tue May 26 16:32:50 CEST 2026,,false,false,false,SCA,STATIC,Data Flow,FF858C20-4BCD-4EBA-8DBA-F1502AB06D2E,7DD425A6BD65B6818C0EE25C72C69476,5.0,5.0,4.0,5.0,Input Validation and Representation,SQL Injection,CWE ID 89,[6] CWE ID 089,[3] CWE ID 089,"CCI-001310,CCI-002754",SI,Indirect Access to Sensitive Data,Rule 1.3,Rule 0-3-1,SI-10 Information Input Validation (P1),SI-10 Information Input Validation,"5.3.4 Output Encoding and Injection Prevention Requirements (L1 L2 L3),5.3.5 Output Encoding and Injection Prevention Requirements (L1 L2 L3)",MASVS-CODE-4,M7 Client Side Injection,A1 Injection,A1 Injection,A03 Injection,Requirement 6.5.1,Requirement 6.2.4,Control Objective 4.2 - Critical Asset Protection,"Control Objective 4.2 - Critical Asset Protection,Control Objective B.3.1 - Terminal Software Attack Mitigation,Control Objective B.3.1.1 - Terminal Software Attack Mitigation","Control Objective 4.2 - Critical Asset Protection,Control Objective B.3.1 - Terminal Software Attack Mitigation,Control Objective B.3.1.1 - Terminal Software Attack Mitigation,Control Objective C.3.2 - Web Software Attack Mitigation",Insecure Interaction - CWE ID 089,"APSC-DV-002540 CAT I,APSC-DV-002560 CAT I","APSC-DV-002540 CAT I,APSC-DV-002560 CAT I","APSC-DV-002540 CAT I,APSC-DV-002560 CAT I",SQL Injection (WASC-19)
2026_SSE_mavit,1.0,SQL Injection,contact.php,11,jobs/40df99ae-e5ad-41dc-a710-6bacd5341271/work/Src/Hospital-Management-System/contact.php,Critical,Security Auditor View,Critical,false,,,,,false,false,UPDATED,Tue May 26 16:32:50 CEST 2026,,false,false,false,SCA,STATIC,Data Flow,FF858C20-4BCD-4EBA-8DBA-F1502AB06D2E,90F114F8C82552A9D22FD082B1461FB6,5.0,5.0,4.0,5.0,Input Validation and Representation,SQL Injection,CWE ID 89,[6] CWE ID 089,[3] CWE ID 089,"CCI-001310,CCI-002754",SI,Indirect Access to Sensitive Data,Rule 1.3,Rule 0-3-1,SI-10 Information Input Validation (P1),SI-10 Information Input Validation,"5.3.4 Output Encoding and Injection Prevention Requirements (L1 L2 L3),5.3.5 Output Encoding and Injection Prevention Requirements (L1 L2 L3)",MASVS-CODE-4,M7 Client Side Injection,A1 Injection,A1 Injection,A03 Injection,Requirement 6.5.1,Requirement 6.2.4,Control Objective 4.2 - Critical Asset Protection,"Control Objective 4.2 - Critical Asset Protection,Control Objective B.3.1 - Terminal Software Attack Mitigation,Control Objective B.3.1.1 - Terminal Software Attack Mitigation","Control Objective 4.2 - Critical Asset Protection,Control Objective B.3.1 - Terminal Software Attack Mitigation,Control Objective B.3.1.1 - Terminal Software Attack Mitigation,Control Objective C.3.2 - Web Software Attack Mitigation",Insecure Interaction - CWE ID 089,"APSC-DV-002540 CAT I,APSC-DV-002560 CAT I","APSC-DV-002540 CAT I,APSC-DV-002560 CAT I","APSC-DV-002540 CAT I,APSC-DV-002560 CAT I",SQL Injection (WASC-19)
2026_SSE_mavit,1.0,SQL Injection,contact.php,11,jobs/40df99ae-e5ad-41dc-a710-6bacd5341271/work/Src/Hospital-Management-System/contact.php,Critical,Security Auditor View,Critical,false,,,,,false,false,UPDATED,Tue May 26 16:32:50 CEST 2026,,false,false,false,SCA,STATIC,Data Flow,FF858C20-4BCD-4EBA-8DBA-F1502AB06D2E,FBA01F0C06A1DBC1F2FC4C44C06C8B2D,5.0,5.0,4.0,5.0,Input Validation and Representation,SQL Injection,CWE ID 89,[6] CWE ID 089,[3] CWE ID 089,"CCI-001310,CCI-002754",SI,Indirect Access to Sensitive Data,Rule 1.3,Rule 0-3-1,SI-10 Information Input Validation (P1),SI-10 Information Input Validation,"5.3.4 Output Encoding and Injection Prevention Requirements (L1 L2 L3),5.3.5 Output Encoding and Injection Prevention Requirements (L1 L2 L3)",MASVS-CODE-4,M7 Client Side Injection,A1 Injection,A1 Injection,A03 Injection,Requirement 6.5.1,Requirement 6.2.4,Control Objective 4.2 - Critical Asset Protection,"Control Objective 4.2 - Critical Asset Protection,Control Objective B.3.1 - Terminal Software Attack Mitigation,Control Objective B.3.1.1 - Terminal Software Attack Mitigation","Control Objective 4.2 - Critical Asset Protection,Control Objective B.3.1 - Terminal Software Attack Mitigation,Control Objective B.3.1.1 - Terminal Software Attack Mitigation,Control Objective C.3.2 - Web Software Attack Mitigation",Insecure Interaction - CWE ID 089,"APSC-DV-002540 CAT I,APSC-DV-002560 CAT I","APSC-DV-002540 CAT I,APSC-DV-002560 CAT I","APSC-DV-002540 CAT I,APSC-DV-002560 CAT I",SQL Injection (WASC-19)
2026_SSE_mavit,1.0,Insecure Transport: External Link,datafiltering.html,46,jobs/40df99ae-e5ad-41dc-a710-6bacd5341271/work/Src/Hospital-Management-System/vendor/ckeditor/samples/datafiltering.html,Medium,Security Auditor View,Medium,false,,,,,false,false,UPDATED,Tue May 26 16:32:50 CEST 2026,,false,false,false,SCA,STATIC,Content,C72A3E77-8324-4FF9-B958-74FCDDF39D17,148B236772C2B20C4E07AA62E579EDED,2.0,5.0,5.0,5.0,Security Features,Insecure Transport: External Link,CWE ID 297,[14] CWE ID 287,[14] CWE ID 287,"CCI-000068,CCI-001453,CCI-002418,CCI-002420,CCI-002421,CCI-002422,CCI-002890,CCI-003123","CM,SC",Insufficient Data Protection,,,SC-8 Transmission Confidentiality and Integrity (P1),SC-8 Transmission Confidentiality and Integrity,"2.6.3 Look-up Secret Verifier Requirements (L2 L3),2.7.1 Out of Band Verifier Requirements (L1 L2 L3),2.7.2 Out of Band Verifier Requirements (L1 L2 L3),2.7.3 Out of Band Verifier Requirements (L1 L2 L3),2.8.4 Single or Multi Factor One Time Verifier Requirements (L2 L3),2.8.5 Single or Multi Factor One Time Verifier Requirements (L2 L3),3.7.1 Defenses Against Session Management Exploits (L1 L2 L3),6.2.1 Algorithms (L1 L2 L3),9.2.1 Server Communications Security Requirements (L2 L3),9.2.3 Server Communications Security Requirements (L2 L3)","MASVS-NETWORK-1,MASVS-PLATFORM-2",M3 Insufficient Transport Layer Protection,A6 Sensitive Data Exposure,A3 Sensitive Data Exposure,A05 Security Misconfiguration,"Requirement 4.1,Requirement 6.5.4","Requirement 4.2.1,Requirement 6.2.4","Control Objective 3.3 - Sensitive Data Retention,Control Objective 6.2 - Sensitive Data Protection,Control Objective 7 - Use of Cryptography","Control Objective 3.3 - Sensitive Data Retention,Control Objective 6.2 - Sensitive Data Protection,Control Objective 7 - Use of Cryptography,Control Objective B.2.5 - Terminal Software Design","Control Objective 3.3 - Sensitive Data Retention,Control Objective 6.2 - Sensitive Data Protection,Control Objective 7 - Use of Cryptography,Control Objective B.2.5 - Terminal Software Design,Control Objective C.4.1 - Web Software Communications",,"APSC-DV-000160 CAT II,APSC-DV-000170 CAT II,APSC-DV-001940 CAT II,APSC-DV-001950 CAT II,APSC-DV-002440 CAT I,APSC-DV-002450 CAT II,APSC-DV-002460 CAT II,APSC-DV-002470 CAT II","APSC-DV-000160 CAT II,APSC-DV-000170 CAT II,APSC-DV-001940 CAT II,APSC-DV-001950 CAT II,APSC-DV-002440 CAT I,APSC-DV-002450 CAT II,APSC-DV-002460 CAT II,APSC-DV-002470 CAT II","APSC-DV-000160 CAT II,APSC-DV-000170 CAT II,APSC-DV-001940 CAT II,APSC-DV-001950 CAT II,APSC-DV-002440 CAT I,APSC-DV-002450 CAT II,APSC-DV-002460 CAT II,APSC-DV-002470 CAT II",Insufficient Transport Layer Protection (WASC-04)
2026_SSE_mavit,1.0,Insecure Transport: External Link,datafiltering.html,57,jobs/40df99ae-e5ad-41dc-a710-6bacd5341271/work/Src/Hospital-Management-System/vendor/ckeditor/samples/datafiltering.html,Medium,Security Auditor View,Medium,false,,,,,false,false,UPDATED,Tue May 26 16:32:50 CEST 2026,,false,false,false,SCA,STATIC,Content,C72A3E77-8324-4FF9-B958-74FCDDF39D17,148B236772C2B20C4E07AA62E579EDEE,2.0,5.0,5.0,5.0,Security Features,Insecure Transport: External Link,CWE ID 297,[14] CWE ID 287,[14] CWE ID 287,"CCI-000068,CCI-001453,CCI-002418,CCI-002420,CCI-002421,CCI-002422,CCI-002890,CCI-003123","CM,SC",Insufficient Data Protection,,,SC-8 Transmission Confidentiality and Integrity (P1),SC-8 Transmission Confidentiality and Integrity,"2.6.3 Look-up Secret Verifier Requirements (L2 L3),2.7.1 Out of Band Verifier Requirements (L1 L2 L3),2.7.2 Out of Band Verifier Requirements (L1 L2 L3),2.7.3 Out of Band Verifier Requirements (L1 L2 L3),2.8.4 Single or Multi Factor One Time Verifier Requirements (L2 L3),2.8.5 Single or Multi Factor One Time Verifier Requirements (L2 L3),3.7.1 Defenses Against Session Management Exploits (L1 L2 L3),6.2.1 Algorithms (L1 L2 L3),9.2.1 Server Communications Security Requirements (L2 L3),9.2.3 Server Communications Security Requirements (L2 L3)","MASVS-NETWORK-1,MASVS-PLATFORM-2",M3 Insufficient Transport Layer Protection,A6 Sensitive Data Exposure,A3 Sensitive Data Exposure,A05 Security Misconfiguration,"Requirement 4.1,Requirement 6.5.4","Requirement 4.2.1,Requirement 6.2.4","Control Objective 3.3 - Sensitive Data Retention,Control Objective 6.2 - Sensitive Data Protection,Control Objective 7 - Use of Cryptography","Control Objective 3.3 - Sensitive Data Retention,Control Objective 6.2 - Sensitive Data Protection,Control Objective 7 - Use of Cryptography,Control Objective B.2.5 - Terminal Software Design","Control Objective 3.3 - Sensitive Data Retention,Control Objective 6.2 - Sensitive Data Protection,Control Objective 7 - Use of Cryptography,Control Objective B.2.5 - Terminal Software Design,Control Objective C.4.1 - Web Software Communications",,"APSC-DV-000160 CAT II,APSC-DV-000170 CAT II,APSC-DV-001940 CAT II,APSC-DV-001950 CAT II,APSC-DV-002440 CAT I,APSC-DV-002450 CAT II,APSC-DV-002460 CAT II,APSC-DV-002470 CAT II","APSC-DV-000160 CAT II,APSC-DV-000170 CAT II,APSC-DV-001940 CAT II,APSC-DV-001950 CAT II,APSC-DV-002440 CAT I,APSC-DV-002450 CAT II,APSC-DV-002460 CAT II,APSC-DV-002470 CAT II","APSC-DV-000160 CAT II,APSC-DV-000170 CAT II,APSC-DV-001940 CAT II,APSC-DV-001950 CAT II,APSC-DV-002440 CAT I,APSC-DV-002450 CAT II,APSC-DV-002460 CAT II,APSC-DV-002470 CAT II",Insufficient Transport Layer Protection (WASC-04)
2026_SSE_mavit,1.0,Insecure Transport: External Link,datafiltering.html,66,jobs/40df99ae-e5ad-41dc-a710-6bacd5341271/work/Src/Hospital-Management-System/vendor/ckeditor/samples/datafiltering.html,Medium,Security Auditor View,Medium,false,,,,,false,false,UPDATED,Tue May 26 16:32:50 CEST 2026,,false,false,false,SCA,STATIC,Content,C72A3E77-8324-4FF9-B958-74FCDDF39D17,148B236772C2B20C4E07AA62E579EDEF,2.0,5.0,5.0,5.0,Security Features,Insecure Transport: External Link,CWE ID 297,[14] CWE ID 287,[14] CWE ID 287,"CCI-000068,CCI-001453,CCI-002418,CCI-002420,CCI-002421,CCI-002422,CCI-002890,CCI-003123","CM,SC",Insufficient Data Protection,,,SC-8 Transmission Confidentiality and Integrity (P1),SC-8 Transmission Confidentiality and Integrity,"2.6.3 Look-up Secret Verifier Requirements (L2 L3),2.7.1 Out of Band Verifier Requirements (L1 L2 L3),2.7.2 Out of Band Verifier Requirements (L1 L2 L3),2.7.3 Out of Band Verifier Requirements (L1 L2 L3),2.8.4 Single or Multi Factor One Time Verifier Requirements (L2 L3),2.8.5 Single or Multi Factor One Time Verifier Requirements (L2 L3),3.7.1 Defenses Against Session Management Exploits (L1 L2 L3),6.2.1 Algorithms (L1 L2 L3),9.2.1 Server Communications Security Requirements (L2 L3),9.2.3 Server Communications Security Requirements (L2 L3)","MASVS-NETWORK-1,MASVS-PLATFORM-2",M3 Insufficient Transport Layer Protection,A6 Sensitive Data Exposure,A3 Sensitive Data Exposure,A05 Security Misconfiguration,"Requirement 4.1,Requirement 6.5.4","Requirement 4.2.1,Requirement 6.2.4","Control Objective 3.3 - Sensitive Data Retention,Control Objective 6.2 - Sensitive Data Protection,Control Objective 7 - Use of Cryptography","Control Objective 3.3 - Sensitive Data Retention,Control Objective 6.2 - Sensitive Data Protection,Control Objective 7 - Use of Cryptography,Control Objective B.2.5 - Terminal Software Design","Control Objective 3.3 - Sensitive Data Retention,Control Objective 6.2 - Sensitive Data Protection,Control Objective 7 - Use of Cryptography,Control Objective B.2.5 - Terminal Software Design,Control Objective C.4.1 - Web Software Communications",,"APSC-DV-000160 CAT II,APSC-DV-000170 CAT II,APSC-DV-001940 CAT II,APSC-DV-001950 CAT II,APSC-DV-002440 CAT I,APSC-DV-002450 CAT II,APSC-DV-002460 CAT II,APSC-DV-002470 CAT II","APSC-DV-000160 CAT II,APSC-DV-000170 CAT II,APSC-DV-001940 CAT II,APSC-DV-001950 CAT II,APSC-DV-002440 CAT I,APSC-DV-002450 CAT II,APSC-DV-002460 CAT II,APSC-DV-002470 CAT II","APSC-DV-000160 CAT II,APSC-DV-000170 CAT II,APSC-DV-001940 CAT II,APSC-DV-001950 CAT II,APSC-DV-002440 CAT I,APSC-DV-002450 CAT II,APSC-DV-002460 CAT II,APSC-DV-002470 CAT II",Insufficient Transport Layer Protection (WASC-04)
2026_SSE_mavit,1.0,Insecure Transport: External Link,datafiltering.html,75,jobs/40df99ae-e5ad-41dc-a710-6bacd5341271/work/Src/Hospital-Management-System/vendor/ckeditor/samples/datafiltering.html,Medium,Security Auditor View,Medium,false,,,,,false,false,UPDATED,Tue May 26 16:32:50 CEST 2026,,false,false,false,SCA,STATIC,Content,C72A3E77-8324-4FF9-B958-74FCDDF39D17,148B236772C2B20C4E07AA62E579EDF0,2.0,5.0,5.0,5.0,Security Features,Insecure Transport: External Link,CWE ID 297,[14] CWE ID 287,[14] CWE ID 287,"CCI-000068,CCI-001453,CCI-002418,CCI-002420,CCI-002421,CCI-002422,CCI-002890,CCI-003123","CM,SC",Insufficient Data Protection,,,SC-8 Transmission Confidentiality and Integrity (P1),SC-8 Transmission Confidentiality and Integrity,"2.6.3 Look-up Secret Verifier Requirements (L2 L3),2.7.1 Out of Band Verifier Requirements (L1 L2 L3),2.7.2 Out of Band Verifier Requirements (L1 L2 L3),2.7.3 Out of Band Verifier Requirements (L1 L2 L3),2.8.4 Single or Multi Factor One Time Verifier Requirements (L2 L3),2.8.5 Single or Multi Factor One Time Verifier Requirements (L2 L3),3.7.1 Defenses Against Session Management Exploits (L1 L2 L3),6.2.1 Algorithms (L1 L2 L3),9.2.1 Server Communications Security Requirements (L2 L3),9.2.3 Server Communications Security Requirements (L2 L3)","MASVS-NETWORK-1,MASVS-PLATFORM-2",M3 Insufficient Transport Layer Protection,A6 Sensitive Data Exposure,A3 Sensitive Data Exposure,A05 Security Misconfiguration,"Requirement 4.1,Requirement 6.5.4","Requirement 4.2.1,Requirement 6.2.4","Control Objective 3.3 - Sensitive Data Retention,Control Objective 6.2 - Sensitive Data Protection,Control Objective 7 - Use of Cryptography","Control Objective 3.3 - Sensitive Data Retention,Control Objective 6.2 - Sensitive Data Protection,Control Objective 7 - Use of Cryptography,Control Objective B.2.5 - Terminal Software Design","Control Objective 3.3 - Sensitive Data Retention,Control Objective 6.2 - Sensitive Data Protection,Control Objective 7 - Use of Cryptography,Control Objective B.2.5 - Terminal Software Design,Control Objective C.4.1 - Web Software Communications",,"APSC-DV-000160 CAT II,APSC-DV-000170 CAT II,APSC-DV-001940 CAT II,APSC-DV-001950 CAT II,APSC-DV-002440 CAT I,APSC-DV-002450 CAT II,APSC-DV-002460 CAT II,APSC-DV-002470 CAT II","APSC-DV-000160 CAT II,APSC-DV-000170 CAT II,APSC-DV-001940 CAT II,APSC-DV-001950 CAT II,APSC-DV-002440 CAT I,APSC-DV-002450 CAT II,APSC-DV-002460 CAT II,APSC-DV-002470 CAT II","APSC-DV-000160 CAT II,APSC-DV-000170 CAT II,APSC-DV-001940 CAT II,APSC-DV-001950 CAT II,APSC-DV-002440 CAT I,APSC-DV-002450 CAT II,APSC-DV-002460 CAT II,APSC-DV-002470 CAT II",Insufficient Transport Layer Protection (WASC-04)
2026_SSE_mavit,1.0,Insecure Transport: External Link,datafiltering.html,104,jobs/40df99ae-e5ad-41dc-a710-6bacd5341271/work/Src/Hospital-Management-System/vendor/ckeditor/samples/datafiltering.html,Medium,Security Auditor View,Medium,false,,,,,false,false,UPDATED,Tue May 26 16:32:50 CEST 2026,,false,false,false,SCA,STATIC,Content,C72A3E77-8324-4FF9-B958-74FCDDF39D17,148B236772C2B20C4E07AA62E579EDF1,2.0,5.0,5.0,5.0,Security Features,Insecure Transport: External Link,CWE ID 297,[14] CWE ID 287,[14] CWE ID 287,"CCI-000068,CCI-001453,CCI-002418,CCI-002420,CCI-002421,CCI-002422,CCI-002890,CCI-003123","CM,SC",Insufficient Data Protection,,,SC-8 Transmission Confidentiality and Integrity (P1),SC-8 Transmission Confidentiality and Integrity,"2.6.3 Look-up Secret Verifier Requirements (L2 L3),2.7.1 Out of Band Verifier Requirements (L1 L2 L3),2.7.2 Out of Band Verifier Requirements (L1 L2 L3),2.7.3 Out of Band Verifier Requirements (L1 L2 L3),2.8.4 Single or Multi Factor One Time Verifier Requirements (L2 L3),2.8.5 Single or Multi Factor One Time Verifier Requirements (L2 L3),3.7.1 Defenses Against Session Management Exploits (L1 L2 L3),6.2.1 Algorithms (L1 L2 L3),9.2.1 Server Communications Security Requirements (L2 L3),9.2.3 Server Communications Security Requirements (L2 L3)","MASVS-NETWORK-1,MASVS-PLATFORM-2",M3 Insufficient Transport Layer Protection,A6 Sensitive Data Exposure,A3 Sensitive Data Exposure,A05 Security Misconfiguration,"Requirement 4.1,Requirement 6.5.4","Requirement 4.2.1,Requirement 6.2.4","Control Objective 3.3 - Sensitive Data Retention,Control Objective 6.2 - Sensitive Data Protection,Control Objective 7 - Use of Cryptography","Control Objective 3.3 - Sensitive Data Retention,Control Objective 6.2 - Sensitive Data Protection,Control Objective 7 - Use of Cryptography,Control Objective B.2.5 - Terminal Software Design","Control Objective 3.3 - Sensitive Data Retention,Control Objective 6.2 - Sensitive Data Protection,Control Objective 7 - Use of Cryptography,Control Objective B.2.5 - Terminal Software Design,Control Objective C.4.1 - Web Software Communications",,"APSC-DV-000160 CAT II,APSC-DV-000170 CAT II,APSC-DV-001940 CAT II,APSC-DV-001950 CAT II,APSC-DV-002440 CAT I,APSC-DV-002450 CAT II,APSC-DV-002460 CAT II,APSC-DV-002470 CAT II","APSC-DV-000160 CAT II,APSC-DV-000170 CAT II,APSC-DV-001940 CAT II,APSC-DV-001950 CAT II,APSC-DV-002440 CAT I,APSC-DV-002450 CAT II,APSC-DV-002460 CAT II,APSC-DV-002470 CAT II","APSC-DV-000160 CAT II,APSC-DV-000170 CAT II,APSC-DV-001940 CAT II,APSC-DV-001950 CAT II,APSC-DV-002440 CAT I,APSC-DV-002450 CAT II,APSC-DV-002460 CAT II,APSC-DV-002470 CAT II",Insufficient Transport Layer Protection (WASC-04)
2026_SSE_mavit,1.0,Insecure Transport: External Link,datafiltering.html,109,jobs/40df99ae-e5ad-41dc-a710-6bacd5341271/work/Src/Hospital-Management-System/vendor/ckeditor/samples/datafiltering.html,Medium,Security Auditor View,Medium,false,,,,,false,false,UPDATED,Tue May 26 16:32:50 CEST 2026,,false,false,false,SCA,STATIC,Content,C72A3E77-8324-4FF9-B958-74FCDDF39D17,148B236772C2B20C4E07AA62E579EDF2,2.0,5.0,5.0,5.0,Security Features,Insecure Transport: External Link,CWE ID 297,[14] CWE ID 287,[14] CWE ID 287,"CCI-000068,CCI-001453,CCI-002418,CCI-002420,CCI-002421,CCI-002422,CCI-002890,CCI-003123","CM,SC",Insufficient Data Protection,,,SC-8 Transmission Confidentiality and Integrity (P1),SC-8 Transmission Confidentiality and Integrity,"2.6.3 Look-up Secret Verifier Requirements (L2 L3),2.7.1 Out of Band Verifier Requirements (L1 L2 L3),2.7.2 Out of Band Verifier Requirements (L1 L2 L3),2.7.3 Out of Band Verifier Requirements (L1 L2 L3),2.8.4 Single or Multi Factor One Time Verifier Requirements (L2 L3),2.8.5 Single or Multi Factor One Time Verifier Requirements (L2 L3),3.7.1 Defenses Against Session Management Exploits (L1 L2 L3),6.2.1 Algorithms (L1 L2 L3),9.2.1 Server Communications Security Requirements (L2 L3),9.2.3 Server Communications Security Requirements (L2 L3)","MASVS-NETWORK-1,MASVS-PLATFORM-2",M3 Insufficient Transport Layer Protection,A6 Sensitive Data Exposure,A3 Sensitive Data Exposure,A05 Security Misconfiguration,"Requirement 4.1,Requirement 6.5.4","Requirement 4.2.1,Requirement 6.2.4","Control Objective 3.3 - Sensitive Data Retention,Control Objective 6.2 - Sensitive Data Protection,Control Objective 7 - Use of Cryptography","Control Objective 3.3 - Sensitive Data Retention,Control Objective 6.2 - Sensitive Data Protection,Control Objective 7 - Use of Cryptography,Control Objective B.2.5 - Terminal Software Design","Control Objective 3.3 - Sensitive Data Retention,Control Objective 6.2 - Sensitive Data Protection,Control Objective 7 - Use of Cryptography,Control Objective B.2.5 - Terminal Software Design,Control Objective C.4.1 - Web Software Communications",,"APSC-DV-000160 CAT II,APSC-DV-000170 CAT II,APSC-DV-001940 CAT II,APSC-DV-001950 CAT II,APSC-DV-002440 CAT I,APSC-DV-002450 CAT II,APSC-DV-002460 CAT II,APSC-DV-002470 CAT II","APSC-DV-000160 CAT II,APSC-DV-000170 CAT II,APSC-DV-001940 CAT II,APSC-DV-001950 CAT II,APSC-DV-002440 CAT I,APSC-DV-002450 CAT II,APSC-DV-002460 CAT II,APSC-DV-002470 CAT II","APSC-DV-000160 CAT II,APSC-DV-000170 CAT II,APSC-DV-001940 CAT II,APSC-DV-001950 CAT II,APSC-DV-002440 CAT I,APSC-DV-002450 CAT II,APSC-DV-002460 CAT II,APSC-DV-002470 CAT II",Insufficient Transport Layer Protection (WASC-04)
2026_SSE_mavit,1.0,Insecure Transport: External Link,datafiltering.html,158,jobs/40df99ae-e5ad-41dc-a710-6bacd5341271/work/Src/Hospital-Management-System/vendor/ckeditor/samples/datafiltering.html,Medium,Security Auditor View,Medium,false,,,,,false,false,UPDATED,Tue May 26 16:32:50 CEST 2026,,false,false,false,SCA,STATIC,Content,C72A3E77-8324-4FF9-B958-74FCDDF39D17,148B236772C2B20C4E07AA62E579EDF3,2.0,5.0,5.0,5.0,Security Features,Insecure Transport: External Link,CWE ID 297,[14] CWE ID 287,[14] CWE ID 287,"CCI-000068,CCI-001453,CCI-002418,CCI-002420,CCI-002421,CCI-002422,CCI-002890,CCI-003123","CM,SC",Insufficient Data Protection,,,SC-8 Transmission Confidentiality and Integrity (P1),SC-8 Transmission Confidentiality and Integrity,"2.6.3 Look-up Secret Verifier Requirements (L2 L3),2.7.1 Out of Band Verifier Requirements (L1 L2 L3),2.7.2 Out of Band Verifier Requirements (L1 L2 L3),2.7.3 Out of Band Verifier Requirements (L1 L2 L3),2.8.4 Single or Multi Factor One Time Verifier Requirements (L2 L3),2.8.5 Single or Multi Factor One Time Verifier Requirements (L2 L3),3.7.1 Defenses Against Session Management Exploits (L1 L2 L3),6.2.1 Algorithms (L1 L2 L3),9.2.1 Server Communications Security Requirements (L2 L3),9.2.3 Server Communications Security Requirements (L2 L3)","MASVS-NETWORK-1,MASVS-PLATFORM-2",M3 Insufficient Transport Layer Protection,A6 Sensitive Data Exposure,A3 Sensitive Data Exposure,A05 Security Misconfiguration,"Requirement 4.1,Requirement 6.5.4","Requirement 4.2.1,Requirement 6.2.4","Control Objective 3.3 - Sensitive Data Retention,Control Objective 6.2 - Sensitive Data Protection,Control Objective 7 - Use of Cryptography","Control Objective 3.3 - Sensitive Data Retention,Control Objective 6.2 - Sensitive Data Protection,Control Objective 7 - Use of Cryptography,Control Objective B.2.5 - Terminal Software Design","Control Objective 3.3 - Sensitive Data Retention,Control Objective 6.2 - Sensitive Data Protection,Control Objective 7 - Use of Cryptography,Control Objective B.2.5 - Terminal Software Design,Control Objective C.4.1 - Web Software Communications",,"APSC-DV-000160 CAT II,APSC-DV-000170 CAT II,APSC-DV-001940 CAT II,APSC-DV-001950 CAT II,APSC-DV-002440 CAT I,APSC-DV-002450 CAT II,APSC-DV-002460 CAT II,APSC-DV-002470 CAT II","APSC-DV-000160 CAT II,APSC-DV-000170 CAT II,APSC-DV-001940 CAT II,APSC-DV-001950 CAT II,APSC-DV-002440 CAT I,APSC-DV-002450 CAT II,APSC-DV-002460 CAT II,APSC-DV-002470 CAT II","APSC-DV-000160 CAT II,APSC-DV-000170 CAT II,APSC-DV-001940 CAT II,APSC-DV-001950 CAT II,APSC-DV-002440 CAT I,APSC-DV-002450 CAT II,APSC-DV-002460 CAT II,APSC-DV-002470 CAT II",Insufficient Transport Layer Protection (WASC-04)
2026_SSE_mavit,1.0,Insecure Transport: External Link,datafiltering.html,243,jobs/40df99ae-e5ad-41dc-a710-6bacd5341271/work/Src/Hospital-Management-System/vendor/ckeditor/samples/datafiltering.html,Medium,Security Auditor View,Medium,false,,,,,false,false,UPDATED,Tue May 26 16:32:50 CEST 2026,,false,false,false,SCA,STATIC,Content,C72A3E77-8324-4FF9-B958-74FCDDF39D17,148B236772C2B20C4E07AA62E579EDF4,2.0,5.0,5.0,5.0,Security Features,Insecure Transport: External Link,CWE ID 297,[14] CWE ID 287,[14] CWE ID 287,"CCI-000068,CCI-001453,CCI-002418,CCI-002420,CCI-002421,CCI-002422,CCI-002890,CCI-003123","CM,SC",Insufficient Data Protection,,,SC-8 Transmission Confidentiality and Integrity (P1),SC-8 Transmission Confidentiality and Integrity,"2.6.3 Look-up Secret Verifier Requirements (L2 L3),2.7.1 Out of Band Verifier Requirements (L1 L2 L3),2.7.2 Out of Band Verifier Requirements (L1 L2 L3),2.7.3 Out of Band Verifier Requirements (L1 L2 L3),2.8.4 Single or Multi Factor One Time Verifier Requirements (L2 L3),2.8.5 Single or Multi Factor One Time Verifier Requirements (L2 L3),3.7.1 Defenses Against Session Management Exploits (L1 L2 L3),6.2.1 Algorithms (L1 L2 L3),9.2.1 Server Communications Security Requirements (L2 L3),9.2.3 Server Communications Security Requirements (L2 L3)","MASVS-NETWORK-1,MASVS-PLATFORM-2",M3 Insufficient Transport Layer Protection,A6 Sensitive Data Exposure,A3 Sensitive Data Exposure,A05 Security Misconfiguration,"Requirement 4.1,Requirement 6.5.4","Requirement 4.2.1,Requirement 6.2.4","Control Objective 3.3 - Sensitive Data Retention,Control Objective 6.2 - Sensitive Data Protection,Control Objective 7 - Use of Cryptography","Control Objective 3.3 - Sensitive Data Retention,Control Objective 6.2 - Sensitive Data Protection,Control Objective 7 - Use of Cryptography,Control Objective B.2.5 - Terminal Software Design","Control Objective 3.3 - Sensitive Data Retention,Control Objective 6.2 - Sensitive Data Protection,Control Objective 7 - Use of Cryptography,Control Objective B.2.5 - Terminal Software Design,Control Objective C.4.1 - Web Software Communications",,"APSC-DV-000160 CAT II,APSC-DV-000170 CAT II,APSC-DV-001940 CAT II,APSC-DV-001950 CAT II,APSC-DV-002440 CAT I,APSC-DV-002450 CAT II,APSC-DV-002460 CAT II,APSC-DV-002470 CAT II","APSC-DV-000160 CAT II,APSC-DV-000170 CAT II,APSC-DV-001940 CAT II,APSC-DV-001950 CAT II,APSC-DV-002440 CAT I,APSC-DV-002450 CAT II,APSC-DV-002460 CAT II,APSC-DV-002470 CAT II","APSC-DV-000160 CAT II,APSC-DV-000170 CAT II,APSC-DV-001940 CAT II,APSC-DV-001950 CAT II,APSC-DV-002440 CAT I,APSC-DV-002450 CAT II,APSC-DV-002460 CAT II,APSC-DV-002470 CAT II",Insufficient Transport Layer Protection (WASC-04)
2026_SSE_mavit,1.0,Insecure Transport: External Link,datafiltering.html,386,jobs/40df99ae-e5ad-41dc-a710-6bacd5341271/work/Src/Hospital-Management-System/vendor/ckeditor/samples/datafiltering.html,Medium,Security Auditor View,Medium,false,,,,,false,false,UPDATED,Tue May 26 16:32:50 CEST 2026,,false,false,false,SCA,STATIC,Content,C72A3E77-8324-4FF9-B958-74FCDDF39D17,148B236772C2B20C4E07AA62E579EDF5,2.0,5.0,5.0,5.0,Security Features,Insecure Transport: External Link,CWE ID 297,[14] CWE ID 287,[14] CWE ID 287,"CCI-000068,CCI-001453,CCI-002418,CCI-002420,CCI-002421,CCI-002422,CCI-002890,CCI-003123","CM,SC",Insufficient Data Protection,,,SC-8 Transmission Confidentiality and Integrity (P1),SC-8 Transmission Confidentiality and Integrity,"2.6.3 Look-up Secret Verifier Requirements (L2 L3),2.7.1 Out of Band Verifier Requirements (L1 L2 L3),2.7.2 Out of Band Verifier Requirements (L1 L2 L3),2.7.3 Out of Band Verifier Requirements (L1 L2 L3),2.8.4 Single or Multi Factor One Time Verifier Requirements (L2 L3),2.8.5 Single or Multi Factor One Time Verifier Requirements (L2 L3),3.7.1 Defenses Against Session Management Exploits (L1 L2 L3),6.2.1 Algorithms (L1 L2 L3),9.2.1 Server Communications Security Requirements (L2 L3),9.2.3 Server Communications Security Requirements (L2 L3)","MASVS-NETWORK-1,MASVS-PLATFORM-2",M3 Insufficient Transport Layer Protection,A6 Sensitive Data Exposure,A3 Sensitive Data Exposure,A05 Security Misconfiguration,"Requirement 4.1,Requirement 6.5.4","Requirement 4.2.1,Requirement 6.2.4","Control Objective 3.3 - Sensitive Data Retention,Control Objective 6.2 - Sensitive Data Protection,Control Objective 7 - Use of Cryptography","Control Objective 3.3 - Sensitive Data Retention,Control Objective 6.2 - Sensitive Data Protection,Control Objective 7 - Use of Cryptography,Control Objective B.2.5 - Terminal Software Design","Control Objective 3.3 - Sensitive Data Retention,Control Objective 6.2 - Sensitive Data Protection,Control Objective 7 - Use of Cryptography,Control Objective B.2.5 - Terminal Software Design,Control Objective C.4.1 - Web Software Communications",,"APSC-DV-000160 CAT II,APSC-DV-000170 CAT II,APSC-DV-001940 CAT II,APSC-DV-001950 CAT II,APSC-DV-002440 CAT I,APSC-DV-002450 CAT II,APSC-DV-002460 CAT II,APSC-DV-002470 CAT II","APSC-DV-000160 CAT II,APSC-DV-000170 CAT II,APSC-DV-001940 CAT II,APSC-DV-001950 CAT II,APSC-DV-002440 CAT I,APSC-DV-002450 CAT II,APSC-DV-002460 CAT II,APSC-DV-002470 CAT II","APSC-DV-000160 CAT II,APSC-DV-000170 CAT II,APSC-DV-001940 CAT II,APSC-DV-001950 CAT II,APSC-DV-002440 CAT I,APSC-DV-002450 CAT II,APSC-DV-002460 CAT II,APSC-DV-002470 CAT II",Insufficient Transport Layer Protection (WASC-04)
2026_SSE_mavit,1.0,Insecure Transport: External Link,datafiltering.html,386,jobs/40df99ae-e5ad-41dc-a710-6bacd5341271/work/Src/Hospital-Management-System/vendor/ckeditor/samples/datafiltering.html,Medium,Security Auditor View,Medium,false,,,,,false,false,UPDATED,Tue May 26 16:32:50 CEST 2026,,false,false,false,SCA,STATIC,Content,C72A3E77-8324-4FF9-B958-74FCDDF39D17,148B236772C2B20C4E07AA62E579EDF6,2.0,5.0,5.0,5.0,Security Features,Insecure Transport: External Link,CWE ID 297,[14] CWE ID 287,[14] CWE ID 287,"CCI-000068,CCI-001453,CCI-002418,CCI-002420,CCI-002421,CCI-002422,CCI-002890,CCI-003123","CM,SC",Insufficient Data Protection,,,SC-8 Transmission Confidentiality and Integrity (P1),SC-8 Transmission Confidentiality and Integrity,"2.6.3 Look-up Secret Verifier Requirements (L2 L3),2.7.1 Out of Band Verifier Requirements (L1 L2 L3),2.7.2 Out of Band Verifier Requirements (L1 L2 L3),2.7.3 Out of Band Verifier Requirements (L1 L2 L3),2.8.4 Single or Multi Factor One Time Verifier Requirements (L2 L3),2.8.5 Single or Multi Factor One Time Verifier Requirements (L2 L3),3.7.1 Defenses Against Session Management Exploits (L1 L2 L3),6.2.1 Algorithms (L1 L2 L3),9.2.1 Server Communications Security Requirements (L2 L3),9.2.3 Server Communications Security Requirements (L2 L3)","MASVS-NETWORK-1,MASVS-PLATFORM-2",M3 Insufficient Transport Layer Protection,A6 Sensitive Data Exposure,A3 Sensitive Data Exposure,A05 Security Misconfiguration,"Requirement 4.1,Requirement 6.5.4","Requirement 4.2.1,Requirement 6.2.4","Control Objective 3.3 - Sensitive Data Retention,Control Objective 6.2 - Sensitive Data Protection,Control Objective 7 - Use of Cryptography","Control Objective 3.3 - Sensitive Data Retention,Control Objective 6.2 - Sensitive Data Protection,Control Objective 7 - Use of Cryptography,Control Objective B.2.5 - Terminal Software Design","Control Objective 3.3 - Sensitive Data Retention,Control Objective 6.2 - Sensitive Data Protection,Control Objective 7 - Use of Cryptography,Control Objective B.2.5 - Terminal Software Design,Control Objective C.4.1 - Web Software Communications",,"APSC-DV-000160 CAT II,APSC-DV-000170 CAT II,APSC-DV-001940 CAT II,APSC-DV-001950 CAT II,APSC-DV-002440 CAT I,APSC-DV-002450 CAT II,APSC-DV-002460 CAT II,APSC-DV-002470 CAT II","APSC-DV-000160 CAT II,APSC-DV-000170 CAT II,APSC-DV-001940 CAT II,APSC-DV-001950 CAT II,APSC-DV-002440 CAT I,APSC-DV-002450 CAT II,APSC-DV-002460 CAT II,APSC-DV-002470 CAT II","APSC-DV-000160 CAT II,APSC-DV-000170 CAT II,APSC-DV-001940 CAT II,APSC-DV-001950 CAT II,APSC-DV-002440 CAT I,APSC-DV-002450 CAT II,APSC-DV-002460 CAT II,APSC-DV-002470 CAT II",Insufficient Transport Layer Protection (WASC-04)
2026_SSE_mavit,1.0,Insecure Transport: External Link,datafiltering.html,393,jobs/40df99ae-e5ad-41dc-a710-6bacd5341271/work/Src/Hospital-Management-System/vendor/ckeditor/samples/datafiltering.html,Medium,Security Auditor View,Medium,false,,,,,false,false,UPDATED,Tue May 26 16:32:50 CEST 2026,,false,false,false,SCA,STATIC,Content,C72A3E77-8324-4FF9-B958-74FCDDF39D17,148B236772C2B20C4E07AA62E579EDF7,2.0,5.0,5.0,5.0,Security Features,Insecure Transport: External Link,CWE ID 297,[14] CWE ID 287,[14] CWE ID 287,"CCI-000068,CCI-001453,CCI-002418,CCI-002420,CCI-002421,CCI-002422,CCI-002890,CCI-003123","CM,SC",Insufficient Data Protection,,,SC-8 Transmission Confidentiality and Integrity (P1),SC-8 Transmission Confidentiality and Integrity,"2.6.3 Look-up Secret Verifier Requirements (L2 L3),2.7.1 Out of Band Verifier Requirements (L1 L2 L3),2.7.2 Out of Band Verifier Requirements (L1 L2 L3),2.7.3 Out of Band Verifier Requirements (L1 L2 L3),2.8.4 Single or Multi Factor One Time Verifier Requirements (L2 L3),2.8.5 Single or Multi Factor One Time Verifier Requirements (L2 L3),3.7.1 Defenses Against Session Management Exploits (L1 L2 L3),6.2.1 Algorithms (L1 L2 L3),9.2.1 Server Communications Security Requirements (L2 L3),9.2.3 Server Communications Security Requirements (L2 L3)","MASVS-NETWORK-1,MASVS-PLATFORM-2",M3 Insufficient Transport Layer Protection,A6 Sensitive Data Exposure,A3 Sensitive Data Exposure,A05 Security Misconfiguration,"Requirement 4.1,Requirement 6.5.4","Requirement 4.2.1,Requirement 6.2.4","Control Objective 3.3 - Sensitive Data Retention,Control Objective 6.2 - Sensitive Data Protection,Control Objective 7 - Use of Cryptography","Control Objective 3.3 - Sensitive Data Retention,Control Objective 6.2 - Sensitive Data Protection,Control Objective 7 - Use of Cryptography,Control Objective B.2.5 - Terminal Software Design","Control Objective 3.3 - Sensitive Data Retention,Control Objective 6.2 - Sensitive Data Protection,Control Objective 7 - Use of Cryptography,Control Objective B.2.5 - Terminal Software Design,Control Objective C.4.1 - Web Software Communications",,"APSC-DV-000160 CAT II,APSC-DV-000170 CAT II,APSC-DV-001940 CAT II,APSC-DV-001950 CAT II,APSC-DV-002440 CAT I,APSC-DV-002450 CAT II,APSC-DV-002460 CAT II,APSC-DV-002470 CAT II","APSC-DV-000160 CAT II,APSC-DV-000170 CAT II,APSC-DV-001940 CAT II,APSC-DV-001950 CAT II,APSC-DV-002440 CAT I,APSC-DV-002450 CAT II,APSC-DV-002460 CAT II,APSC-DV-002470 CAT II","APSC-DV-000160 CAT II,APSC-DV-000170 CAT II,APSC-DV-001940 CAT II,APSC-DV-001950 CAT II,APSC-DV-002440 CAT I,APSC-DV-002450 CAT II,APSC-DV-002460 CAT II,APSC-DV-002470 CAT II",Insufficient Transport Layer Protection (WASC-04)
2026_SSE_mavit,1.0,Insecure Transport: External Link,datafiltering.html,396,jobs/40df99ae-e5ad-41dc-a710-6bacd5341271/work/Src/Hospital-Management-System/vendor/ckeditor/samples/datafiltering.html,Medium,Security Auditor View,Medium,false,,,,,false,false,UPDATED,Tue May 26 16:32:50 CEST 2026,,false,false,false,SCA,STATIC,Content,C72A3E77-8324-4FF9-B958-74FCDDF39D17,148B236772C2B20C4E07AA62E579EDF8,2.0,5.0,5.0,5.0,Security Features,Insecure Transport: External Link,CWE ID 297,[14] CWE ID 287,[14] CWE ID 287,"CCI-000068,CCI-001453,CCI-002418,CCI-002420,CCI-002421,CCI-002422,CCI-002890,CCI-003123","CM,SC",Insufficient Data Protection,,,SC-8 Transmission Confidentiality and Integrity (P1),SC-8 Transmission Confidentiality and Integrity,"2.6.3 Look-up Secret Verifier Requirements (L2 L3),2.7.1 Out of Band Verifier Requirements (L1 L2 L3),2.7.2 Out of Band Verifier Requirements (L1 L2 L3),2.7.3 Out of Band Verifier Requirements (L1 L2 L3),2.8.4 Single or Multi Factor One Time Verifier Requirements (L2 L3),2.8.5 Single or Multi Factor One Time Verifier Requirements (L2 L3),3.7.1 Defenses Against Session Management Exploits (L1 L2 L3),6.2.1 Algorithms (L1 L2 L3),9.2.1 Server Communications Security Requirements (L2 L3),9.2.3 Server Communications Security Requirements (L2 L3)","MASVS-NETWORK-1,MASVS-PLATFORM-2",M3 Insufficient Transport Layer Protection,A6 Sensitive Data Exposure,A3 Sensitive Data Exposure,A05 Security Misconfiguration,"Requirement 4.1,Requirement 6.5.4","Requirement 4.2.1,Requirement 6.2.4","Control Objective 3.3 - Sensitive Data Retention,Control Objective 6.2 - Sensitive Data Protection,Control Objective 7 - Use of Cryptography","Control Objective 3.3 - Sensitive Data Retention,Control Objective 6.2 - Sensitive Data Protection,Control Objective 7 - Use of Cryptography,Control Objective B.2.5 - Terminal Software Design","Control Objective 3.3 - Sensitive Data Retention,Control Objective 6.2 - Sensitive Data Protection,Control Objective 7 - Use of Cryptography,Control Objective B.2.5 - Terminal Software Design,Control Objective C.4.1 - Web Software Communications",,"APSC-DV-000160 CAT II,APSC-DV-000170 CAT II,APSC-DV-001940 CAT II,APSC-DV-001950 CAT II,APSC-DV-002440 CAT I,APSC-DV-002450 CAT II,APSC-DV-002460 CAT II,APSC-DV-002470 CAT II","APSC-DV-000160 CAT II,APSC-DV-000170 CAT II,APSC-DV-001940 CAT II,APSC-DV-001950 CAT II,APSC-DV-002440 CAT I,APSC-DV-002450 CAT II,APSC-DV-002460 CAT II,APSC-DV-002470 CAT II","APSC-DV-000160 CAT II,APSC-DV-000170 CAT II,APSC-DV-001940 CAT II,APSC-DV-001950 CAT II,APSC-DV-002440 CAT I,APSC-DV-002450 CAT II,APSC-DV-002460 CAT II,APSC-DV-002470 CAT II",Insufficient Transport Layer Protection (WASC-04)
2026_SSE_mavit,1.0,Insecure Transport: External Link,dialog.html,142,jobs/40df99ae-e5ad-41dc-a710-6bacd5341271/work/Src/Hospital-Management-System/vendor/ckeditor/samples/plugins/dialog/dialog.html,Medium,Security Auditor View,Medium,false,,,,,false,false,UPDATED,Tue May 26 16:32:50 CEST 2026,,false,false,false,SCA,STATIC,Content,C72A3E77-8324-4FF9-B958-74FCDDF39D17,08D827B71A54AF98013E49A136D1F631,2.0,5.0,5.0,5.0,Security Features,Insecure Transport: External Link,CWE ID 297,[14] CWE ID 287,[14] CWE ID 287,"CCI-000068,CCI-001453,CCI-002418,CCI-002420,CCI-002421,CCI-002422,CCI-002890,CCI-003123","CM,SC",Insufficient Data Protection,,,SC-8 Transmission Confidentiality and Integrity (P1),SC-8 Transmission Confidentiality and Integrity,"2.6.3 Look-up Secret Verifier Requirements (L2 L3),2.7.1 Out of Band Verifier Requirements (L1 L2 L3),2.7.2 Out of Band Verifier Requirements (L1 L2 L3),2.7.3 Out of Band Verifier Requirements (L1 L2 L3),2.8.4 Single or Multi Factor One Time Verifier Requirements (L2 L3),2.8.5 Single or Multi Factor One Time Verifier Requirements (L2 L3),3.7.1 Defenses Against Session Management Exploits (L1 L2 L3),6.2.1 Algorithms (L1 L2 L3),9.2.1 Server Communications Security Requirements (L2 L3),9.2.3 Server Communications Security Requirements (L2 L3)","MASVS-NETWORK-1,MASVS-PLATFORM-2",M3 Insufficient Transport Layer Protection,A6 Sensitive Data Exposure,A3 Sensitive Data Exposure,A05 Security Misconfiguration,"Requirement 4.1,Requirement 6.5.4","Requirement 4.2.1,Requirement 6.2.4","Control Objective 3.3 - Sensitive Data Retention,Control Objective 6.2 - Sensitive Data Protection,Control Objective 7 - Use of Cryptography","Control Objective 3.3 - Sensitive Data Retention,Control Objective 6.2 - Sensitive Data Protection,Control Objective 7 - Use of Cryptography,Control Objective B.2.5 - Terminal Software Design","Control Objective 3.3 - Sensitive Data Retention,Control Objective 6.2 - Sensitive Data Protection,Control Objective 7 - Use of Cryptography,Control Objective B.2.5 - Terminal Software Design,Control Objective C.4.1 - Web Software Communications",,"APSC-DV-000160 CAT II,APSC-DV-000170 CAT II,APSC-DV-001940 CAT II,APSC-DV-001950 CAT II,APSC-DV-002440 CAT I,APSC-DV-002450 CAT II,APSC-DV-002460 CAT II,APSC-DV-002470 CAT II","APSC-DV-000160 CAT II,APSC-DV-000170 CAT II,APSC-DV-001940 CAT II,APSC-DV-001950 CAT II,APSC-DV-002440 CAT I,APSC-DV-002450 CAT II,APSC-DV-002460 CAT II,APSC-DV-002470 CAT II","APSC-DV-000160 CAT II,APSC-DV-000170 CAT II,APSC-DV-001940 CAT II,APSC-DV-001950 CAT II,APSC-DV-002440 CAT I,APSC-DV-002450 CAT II,APSC-DV-002460 CAT II,APSC-DV-002470 CAT II",Insufficient Transport Layer Protection (WASC-04)
2026_SSE_mavit,1.0,Insecure Transport: External Link,divreplace.html,133,jobs/40df99ae-e5ad-41dc-a710-6bacd5341271/work/Src/Hospital-Management-System/vendor/ckeditor/samples/divreplace.html,Medium,Security Auditor View,Medium,false,,,,,false,false,UPDATED,Tue May 26 16:32:50 CEST 2026,,false,false,false,SCA,STATIC,Content,C72A3E77-8324-4FF9-B958-74FCDDF39D17,C4CACE09B45A51977B34490F7796BD8F,2.0,5.0,5.0,5.0,Security Features,Insecure Transport: External Link,CWE ID 297,[14] CWE ID 287,[14] CWE ID 287,"CCI-000068,CCI-001453,CCI-002418,CCI-002420,CCI-002421,CCI-002422,CCI-002890,CCI-003123","CM,SC",Insufficient Data Protection,,,SC-8 Transmission Confidentiality and Integrity (P1),SC-8 Transmission Confidentiality and Integrity,"2.6.3 Look-up Secret Verifier Requirements (L2 L3),2.7.1 Out of Band Verifier Requirements (L1 L2 L3),2.7.2 Out of Band Verifier Requirements (L1 L2 L3),2.7.3 Out of Band Verifier Requirements (L1 L2 L3),2.8.4 Single or Multi Factor One Time Verifier Requirements (L2 L3),2.8.5 Single or Multi Factor One Time Verifier Requirements (L2 L3),3.7.1 Defenses Against Session Management Exploits (L1 L2 L3),6.2.1 Algorithms (L1 L2 L3),9.2.1 Server Communications Security Requirements (L2 L3),9.2.3 Server Communications Security Requirements (L2 L3)","MASVS-NETWORK-1,MASVS-PLATFORM-2",M3 Insufficient Transport Layer Protection,A6 Sensitive Data Exposure,A3 Sensitive Data Exposure,A05 Security Misconfiguration,"Requirement 4.1,Requirement 6.5.4","Requirement 4.2.1,Requirement 6.2.4","Control Objective 3.3 - Sensitive Data Retention,Control Objective 6.2 - Sensitive Data Protection,Control Objective 7 - Use of Cryptography","Control Objective 3.3 - Sensitive Data Retention,Control Objective 6.2 - Sensitive Data Protection,Control Objective 7 - Use of Cryptography,Control Objective B.2.5 - Terminal Software Design","Control Objective 3.3 - Sensitive Data Retention,Control Objective 6.2 - Sensitive Data Protection,Control Objective 7 - Use of Cryptography,Control Objective B.2.5 - Terminal Software Design,Control Objective C.4.1 - Web Software Communications",,"APSC-DV-000160 CAT II,APSC-DV-000170 CAT II,APSC-DV-001940 CAT II,APSC-DV-001950 CAT II,APSC-DV-002440 CAT I,APSC-DV-002450 CAT II,APSC-DV-002460 CAT II,APSC-DV-002470 CAT II","APSC-DV-000160 CAT II,APSC-DV-000170 CAT II,APSC-DV-001940 CAT II,APSC-DV-001950 CAT II,APSC-DV-002440 CAT I,APSC-DV-002450 CAT II,APSC-DV-002460 CAT II,APSC-DV-002470 CAT II","APSC-DV-000160 CAT II,APSC-DV-000170 CAT II,APSC-DV-001940 CAT II,APSC-DV-001950 CAT II,APSC-DV-002440 CAT I,APSC-DV-002450 CAT II,APSC-DV-002460 CAT II,APSC-DV-002470 CAT II",Insufficient Transport Layer Protection (WASC-04)
2026_SSE_mavit,1.0,Insecure Transport: External Link,divreplace.html,136,jobs/40df99ae-e5ad-41dc-a710-6bacd5341271/work/Src/Hospital-Management-System/vendor/ckeditor/samples/divreplace.html,Medium,Security Auditor View,Medium,false,,,,,false,false,UPDATED,Tue May 26 16:32:50 CEST 2026,,false,false,false,SCA,STATIC,Content,C72A3E77-8324-4FF9-B958-74FCDDF39D17,C4CACE09B45A51977B34490F7796BD90,2.0,5.0,5.0,5.0,Security Features,Insecure Transport: External Link,CWE ID 297,[14] CWE ID 287,[14] CWE ID 287,"CCI-000068,CCI-001453,CCI-002418,CCI-002420,CCI-002421,CCI-002422,CCI-002890,CCI-003123","CM,SC",Insufficient Data Protection,,,SC-8 Transmission Confidentiality and Integrity (P1),SC-8 Transmission Confidentiality and Integrity,"2.6.3 Look-up Secret Verifier Requirements (L2 L3),2.7.1 Out of Band Verifier Requirements (L1 L2 L3),2.7.2 Out of Band Verifier Requirements (L1 L2 L3),2.7.3 Out of Band Verifier Requirements (L1 L2 L3),2.8.4 Single or Multi Factor One Time Verifier Requirements (L2 L3),2.8.5 Single or Multi Factor One Time Verifier Requirements (L2 L3),3.7.1 Defenses Against Session Management Exploits (L1 L2 L3),6.2.1 Algorithms (L1 L2 L3),9.2.1 Server Communications Security Requirements (L2 L3),9.2.3 Server Communications Security Requirements (L2 L3)","MASVS-NETWORK-1,MASVS-PLATFORM-2",M3 Insufficient Transport Layer Protection,A6 Sensitive Data Exposure,A3 Sensitive Data Exposure,A05 Security Misconfiguration,"Requirement 4.1,Requirement 6.5.4","Requirement 4.2.1,Requirement 6.2.4","Control Objective 3.3 - Sensitive Data Retention,Control Objective 6.2 - Sensitive Data Protection,Control Objective 7 - Use of Cryptography","Control Objective 3.3 - Sensitive Data Retention,Control Objective 6.2 - Sensitive Data Protection,Control Objective 7 - Use of Cryptography,Control Objective B.2.5 - Terminal Software Design","Control Objective 3.3 - Sensitive Data Retention,Control Objective 6.2 - Sensitive Data Protection,Control Objective 7 - Use of Cryptography,Control Objective B.2.5 - Terminal Software Design,Control Objective C.4.1 - Web Software Communications",,"APSC-DV-000160 CAT II,APSC-DV-000170 CAT II,APSC-DV-001940 CAT II,APSC-DV-001950 CAT II,APSC-DV-002440 CAT I,APSC-DV-002450 CAT II,APSC-DV-002460 CAT II,APSC-DV-002470 CAT II","APSC-DV-000160 CAT II,APSC-DV-000170 CAT II,APSC-DV-001940 CAT II,APSC-DV-001950 CAT II,APSC-DV-002440 CAT I,APSC-DV-002450 CAT II,APSC-DV-002460 CAT II,APSC-DV-002470 CAT II","APSC-DV-000160 CAT II,APSC-DV-000170 CAT II,APSC-DV-001940 CAT II,APSC-DV-001950 CAT II,APSC-DV-002440 CAT I,APSC-DV-002450 CAT II,APSC-DV-002460 CAT II,APSC-DV-002470 CAT II",Insufficient Transport Layer Protection (WASC-04)
2026_SSE_mavit,1.0,SQL Injection,doctor-panel.php,8,jobs/40df99ae-e5ad-41dc-a710-6bacd5341271/work/Src/Hospital-Management-System/doctor-panel.php,Critical,Security Auditor View,Critical,false,,,,,false,false,UPDATED,Tue May 26 16:32:50 CEST 2026,,false,false,false,SCA,STATIC,Data Flow,FF858C20-4BCD-4EBA-8DBA-F1502AB06D2E,824A116D9F1CF6369630F77EE43738C8,5.0,5.0,4.0,5.0,Input Validation and Representation,SQL Injection,CWE ID 89,[6] CWE ID 089,[3] CWE ID 089,"CCI-001310,CCI-002754",SI,Indirect Access to Sensitive Data,Rule 1.3,Rule 0-3-1,SI-10 Information Input Validation (P1),SI-10 Information Input Validation,"5.3.4 Output Encoding and Injection Prevention Requirements (L1 L2 L3),5.3.5 Output Encoding and Injection Prevention Requirements (L1 L2 L3)",MASVS-CODE-4,M7 Client Side Injection,A1 Injection,A1 Injection,A03 Injection,Requirement 6.5.1,Requirement 6.2.4,Control Objective 4.2 - Critical Asset Protection,"Control Objective 4.2 - Critical Asset Protection,Control Objective B.3.1 - Terminal Software Attack Mitigation,Control Objective B.3.1.1 - Terminal Software Attack Mitigation","Control Objective 4.2 - Critical Asset Protection,Control Objective B.3.1 - Terminal Software Attack Mitigation,Control Objective B.3.1.1 - Terminal Software Attack Mitigation,Control Objective C.3.2 - Web Software Attack Mitigation",Insecure Interaction - CWE ID 089,"APSC-DV-002540 CAT I,APSC-DV-002560 CAT I","APSC-DV-002540 CAT I,APSC-DV-002560 CAT I","APSC-DV-002540 CAT I,APSC-DV-002560 CAT I",SQL Injection (WASC-19)
2026_SSE_mavit,1.0,Cross-Site Request Forgery,doctor-panel.php,91,jobs/40df99ae-e5ad-41dc-a710-6bacd5341271/work/Src/Hospital-Management-System/doctor-panel.php,Low,Security Auditor View,Low,false,,,,,false,false,UPDATED,Tue May 26 16:32:50 CEST 2026,,false,false,false,SCA,STATIC,Content,78E0700E-56FE-45A2-A11B-6A560F730576,E5E03184699BDD7B0E164C58EBE62047,2.0,0.4,2.0,5.0,Encapsulation,Cross-Site Request Forgery,CWE ID 352,[9] CWE ID 352,[9] CWE ID 352,"CCI-001310,CCI-001941,CCI-001942",,Access Violation,,,SC-23 Session Authenticity (P1),SC-23 Session Authenticity,"3.5.3 Token-based Session Management (L2 L3),4.2.2 Operation Level Access Control (L1 L2 L3),13.2.3 RESTful Web Service Verification Requirements (L1 L2 L3)",,M5 Poor Authorization and Authentication,A8 Cross-Site Request Forgery (CSRF),,A01 Broken Access Control,Requirement 6.5.9,Requirement 6.2.4,Control Objective 5.4 - Authentication and Access Control,Control Objective 5.4 - Authentication and Access Control,"Control Objective 5.4 - Authentication and Access Control,Control Objective C.2.3 - Web Software Access Controls",Insecure Interaction - CWE ID 352,"APSC-DV-001620 CAT II,APSC-DV-001630 CAT II,APSC-DV-002500 CAT II","APSC-DV-001620 CAT II,APSC-DV-001630 CAT II,APSC-DV-002500 CAT II","APSC-DV-001620 CAT II,APSC-DV-001630 CAT II,APSC-DV-002500 CAT II",Cross-Site Request Forgery (WASC-09)
2026_SSE_mavit,1.0,Cross-Site Scripting: Persistent,doctor-panel.php,104,jobs/40df99ae-e5ad-41dc-a710-6bacd5341271/work/Src/Hospital-Management-System/doctor-panel.php,Critical,Security Auditor View,Critical,false,,,,,false,false,UPDATED,Tue May 26 16:32:50 CEST 2026,,false,false,false,SCA,STATIC,Data Flow,AF6C6C57-CA46-489C-B449-CFE4A5AB7202,2F52AAC07E0C59993497211424238C33,5.0,5.0,4.0,5.0,Input Validation and Representation,Cross-Site Scripting: Persistent,"CWE ID 79,CWE ID 80",[2] CWE ID 079,[2] CWE ID 079,"CCI-001310,CCI-002754",SI,Indirect Access to Sensitive Data,,,SI-10 Information Input Validation (P1),SI-10 Information Input Validation,"5.3.3 Output Encoding and Injection Prevention Requirements (L1 L2 L3),5.3.6 Output Encoding and Injection Prevention Requirements (L1 L2 L3)",,M7 Client Side Injection,A3 Cross-Site Scripting (XSS),A7 Cross-Site Scripting (XSS),A03 Injection,Requirement 6.5.7,Requirement 6.2.4,Control Objective 4.2 - Critical Asset Protection,"Control Objective 4.2 - Critical Asset Protection,Control Objective B.3.1 - Terminal Software Attack Mitigation,Control Objective B.3.1.1 - Terminal Software Attack Mitigation","Control Objective 4.2 - Critical Asset Protection,Control Objective B.3.1 - Terminal Software Attack Mitigation,Control Objective B.3.1.1 - Terminal Software Attack Mitigation,Control Objective C.3.2 - Web Software Attack Mitigation",Insecure Interaction - CWE ID 079,"APSC-DV-002490 CAT I,APSC-DV-002560 CAT I","APSC-DV-002490 CAT I,APSC-DV-002560 CAT I","APSC-DV-002490 CAT I,APSC-DV-002560 CAT I",Cross-Site Scripting (WASC-08)
2026_SSE_mavit,1.0,SQL Injection,doctor-panel.php,186,jobs/40df99ae-e5ad-41dc-a710-6bacd5341271/work/Src/Hospital-Management-System/doctor-panel.php,Critical,Security Auditor View,Critical,false,,,,,false,false,UPDATED,Tue May 26 16:32:50 CEST 2026,,false,false,false,SCA,STATIC,Data Flow,FF858C20-4BCD-4EBA-8DBA-F1502AB06D2E,54FD6A836C1E6183B53DE39A3547326E,5.0,5.0,4.0,5.0,Input Validation and Representation,SQL Injection,CWE ID 89,[6] CWE ID 089,[3] CWE ID 089,"CCI-001310,CCI-002754",SI,Indirect Access to Sensitive Data,Rule 1.3,Rule 0-3-1,SI-10 Information Input Validation (P1),SI-10 Information Input Validation,"5.3.4 Output Encoding and Injection Prevention Requirements (L1 L2 L3),5.3.5 Output Encoding and Injection Prevention Requirements (L1 L2 L3)",MASVS-CODE-4,M7 Client Side Injection,A1 Injection,A1 Injection,A03 Injection,Requirement 6.5.1,Requirement 6.2.4,Control Objective 4.2 - Critical Asset Protection,"Control Objective 4.2 - Critical Asset Protection,Control Objective B.3.1 - Terminal Software Attack Mitigation,Control Objective B.3.1.1 - Terminal Software Attack Mitigation","Control Objective 4.2 - Critical Asset Protection,Control Objective B.3.1 - Terminal Software Attack Mitigation,Control Objective B.3.1.1 - Terminal Software Attack Mitigation,Control Objective C.3.2 - Web Software Attack Mitigation",Insecure Interaction - CWE ID 089,"APSC-DV-002540 CAT I,APSC-DV-002560 CAT I","APSC-DV-002540 CAT I,APSC-DV-002560 CAT I","APSC-DV-002540 CAT I,APSC-DV-002560 CAT I",SQL Injection (WASC-19)
2026_SSE_mavit,1.0,Cross-Site Scripting: Persistent,doctor-panel.php,190,jobs/40df99ae-e5ad-41dc-a710-6bacd5341271/work/Src/Hospital-Management-System/doctor-panel.php,Critical,Security Auditor View,Critical,false,,,,,false,false,UPDATED,Tue May 26 16:32:50 CEST 2026,,false,false,false,SCA,STATIC,Data Flow,AF6C6C57-CA46-489C-B449-CFE4A5AB7202,885130EF2E235DEC3C6B2AFD5C065F7D,5.0,5.0,4.0,5.0,Input Validation and Representation,Cross-Site Scripting: Persistent,"CWE ID 79,CWE ID 80",[2] CWE ID 079,[2] CWE ID 079,"CCI-001310,CCI-002754",SI,Indirect Access to Sensitive Data,,,SI-10 Information Input Validation (P1),SI-10 Information Input Validation,"5.3.3 Output Encoding and Injection Prevention Requirements (L1 L2 L3),5.3.6 Output Encoding and Injection Prevention Requirements (L1 L2 L3)",,M7 Client Side Injection,A3 Cross-Site Scripting (XSS),A7 Cross-Site Scripting (XSS),A03 Injection,Requirement 6.5.7,Requirement 6.2.4,Control Objective 4.2 - Critical Asset Protection,"Control Objective 4.2 - Critical Asset Protection,Control Objective B.3.1 - Terminal Software Attack Mitigation,Control Objective B.3.1.1 - Terminal Software Attack Mitigation","Control Objective 4.2 - Critical Asset Protection,Control Objective B.3.1 - Terminal Software Attack Mitigation,Control Objective B.3.1.1 - Terminal Software Attack Mitigation,Control Objective C.3.2 - Web Software Attack Mitigation",Insecure Interaction - CWE ID 079,"APSC-DV-002490 CAT I,APSC-DV-002560 CAT I","APSC-DV-002490 CAT I,APSC-DV-002560 CAT I","APSC-DV-002490 CAT I,APSC-DV-002560 CAT I",Cross-Site Scripting (WASC-08)
2026_SSE_mavit,1.0,Cross-Site Scripting: Persistent,doctor-panel.php,191,jobs/40df99ae-e5ad-41dc-a710-6bacd5341271/work/Src/Hospital-Management-System/doctor-panel.php,Critical,Security Auditor View,Critical,false,,,,,false,false,UPDATED,Tue May 26 16:32:50 CEST 2026,,false,false,false,SCA,STATIC,Data Flow,AF6C6C57-CA46-489C-B449-CFE4A5AB7202,F56BF4B00A375B22FC6262EC7D052D0E,5.0,5.0,4.0,5.0,Input Validation and Representation,Cross-Site Scripting: Persistent,"CWE ID 79,CWE ID 80",[2] CWE ID 079,[2] CWE ID 079,"CCI-001310,CCI-002754",SI,Indirect Access to Sensitive Data,,,SI-10 Information Input Validation (P1),SI-10 Information Input Validation,"5.3.3 Output Encoding and Injection Prevention Requirements (L1 L2 L3),5.3.6 Output Encoding and Injection Prevention Requirements (L1 L2 L3)",,M7 Client Side Injection,A3 Cross-Site Scripting (XSS),A7 Cross-Site Scripting (XSS),A03 Injection,Requirement 6.5.7,Requirement 6.2.4,Control Objective 4.2 - Critical Asset Protection,"Control Objective 4.2 - Critical Asset Protection,Control Objective B.3.1 - Terminal Software Attack Mitigation,Control Objective B.3.1.1 - Terminal Software Attack Mitigation","Control Objective 4.2 - Critical Asset Protection,Control Objective B.3.1 - Terminal Software Attack Mitigation,Control Objective B.3.1.1 - Terminal Software Attack Mitigation,Control Objective C.3.2 - Web Software Attack Mitigation",Insecure Interaction - CWE ID 079,"APSC-DV-002490 CAT I,APSC-DV-002560 CAT I","APSC-DV-002490 CAT I,APSC-DV-002560 CAT I","APSC-DV-002490 CAT I,APSC-DV-002560 CAT I",Cross-Site Scripting (WASC-08)
2026_SSE_mavit,1.0,Cross-Site Scripting: Persistent,doctor-panel.php,192,jobs/40df99ae-e5ad-41dc-a710-6bacd5341271/work/Src/Hospital-Management-System/doctor-panel.php,Critical,Security Auditor View,Critical,false,,,,,false,false,UPDATED,Tue May 26 16:32:50 CEST 2026,,false,false,false,SCA,STATIC,Data Flow,AF6C6C57-CA46-489C-B449-CFE4A5AB7202,06D943894A978A8C1CFAA4DE3409351B,5.0,5.0,4.0,5.0,Input Validation and Representation,Cross-Site Scripting: Persistent,"CWE ID 79,CWE ID 80",[2] CWE ID 079,[2] CWE ID 079,"CCI-001310,CCI-002754",SI,Indirect Access to Sensitive Data,,,SI-10 Information Input Validation (P1),SI-10 Information Input Validation,"5.3.3 Output Encoding and Injection Prevention Requirements (L1 L2 L3),5.3.6 Output Encoding and Injection Prevention Requirements (L1 L2 L3)",,M7 Client Side Injection,A3 Cross-Site Scripting (XSS),A7 Cross-Site Scripting (XSS),A03 Injection,Requirement 6.5.7,Requirement 6.2.4,Control Objective 4.2 - Critical Asset Protection,"Control Objective 4.2 - Critical Asset Protection,Control Objective B.3.1 - Terminal Software Attack Mitigation,Control Objective B.3.1.1 - Terminal Software Attack Mitigation","Control Objective 4.2 - Critical Asset Protection,Control Objective B.3.1 - Terminal Software Attack Mitigation,Control Objective B.3.1.1 - Terminal Software Attack Mitigation,Control Objective C.3.2 - Web Software Attack Mitigation",Insecure Interaction - CWE ID 079,"APSC-DV-002490 CAT I,APSC-DV-002560 CAT I","APSC-DV-002490 CAT I,APSC-DV-002560 CAT I","APSC-DV-002490 CAT I,APSC-DV-002560 CAT I",Cross-Site Scripting (WASC-08)
2026_SSE_mavit,1.0,Cross-Site Scripting: Persistent,doctor-panel.php,193,jobs/40df99ae-e5ad-41dc-a710-6bacd5341271/work/Src/Hospital-Management-System/doctor-panel.php,Critical,Security Auditor View,Critical,false,,,,,false,false,UPDATED,Tue May 26 16:32:50 CEST 2026,,false,false,false,SCA,STATIC,Data Flow,AF6C6C57-CA46-489C-B449-CFE4A5AB7202,D3A17FBAB000CE0250041231E9A53FAA,5.0,5.0,4.0,5.0,Input Validation and Representation,Cross-Site Scripting: Persistent,"CWE ID 79,CWE ID 80",[2] CWE ID 079,[2] CWE ID 079,"CCI-001310,CCI-002754",SI,Indirect Access to Sensitive Data,,,SI-10 Information Input Validation (P1),SI-10 Information Input Validation,"5.3.3 Output Encoding and Injection Prevention Requirements (L1 L2 L3),5.3.6 Output Encoding and Injection Prevention Requirements (L1 L2 L3)",,M7 Client Side Injection,A3 Cross-Site Scripting (XSS),A7 Cross-Site Scripting (XSS),A03 Injection,Requirement 6.5.7,Requirement 6.2.4,Control Objective 4.2 - Critical Asset Protection,"Control Objective 4.2 - Critical Asset Protection,Control Objective B.3.1 - Terminal Software Attack Mitigation,Control Objective B.3.1.1 - Terminal Software Attack Mitigation","Control Objective 4.2 - Critical Asset Protection,Control Objective B.3.1 - Terminal Software Attack Mitigation,Control Objective B.3.1.1 - Terminal Software Attack Mitigation,Control Objective C.3.2 - Web Software Attack Mitigation",Insecure Interaction - CWE ID 079,"APSC-DV-002490 CAT I,APSC-DV-002560 CAT I","APSC-DV-002490 CAT I,APSC-DV-002560 CAT I","APSC-DV-002490 CAT I,APSC-DV-002560 CAT I",Cross-Site Scripting (WASC-08)
2026_SSE_mavit,1.0,Cross-Site Scripting: Persistent,doctor-panel.php,194,jobs/40df99ae-e5ad-41dc-a710-6bacd5341271/work/Src/Hospital-Management-System/doctor-panel.php,Critical,Security Auditor View,Critical,false,,,,,false,false,UPDATED,Tue May 26 16:32:50 CEST 2026,,false,false,false,SCA,STATIC,Data Flow,AF6C6C57-CA46-489C-B449-CFE4A5AB7202,25AC78471EFFA021BB66DDCD592C6DBD,5.0,5.0,4.0,5.0,Input Validation and Representation,Cross-Site Scripting: Persistent,"CWE ID 79,CWE ID 80",[2] CWE ID 079,[2] CWE ID 079,"CCI-001310,CCI-002754",SI,Indirect Access to Sensitive Data,,,SI-10 Information Input Validation (P1),SI-10 Information Input Validation,"5.3.3 Output Encoding and Injection Prevention Requirements (L1 L2 L3),5.3.6 Output Encoding and Injection Prevention Requirements (L1 L2 L3)",,M7 Client Side Injection,A3 Cross-Site Scripting (XSS),A7 Cross-Site Scripting (XSS),A03 Injection,Requirement 6.5.7,Requirement 6.2.4,Control Objective 4.2 - Critical Asset Protection,"Control Objective 4.2 - Critical Asset Protection,Control Objective B.3.1 - Terminal Software Attack Mitigation,Control Objective B.3.1.1 - Terminal Software Attack Mitigation","Control Objective 4.2 - Critical Asset Protection,Control Objective B.3.1 - Terminal Software Attack Mitigation,Control Objective B.3.1.1 - Terminal Software Attack Mitigation,Control Objective C.3.2 - Web Software Attack Mitigation",Insecure Interaction - CWE ID 079,"APSC-DV-002490 CAT I,APSC-DV-002560 CAT I","APSC-DV-002490 CAT I,APSC-DV-002560 CAT I","APSC-DV-002490 CAT I,APSC-DV-002560 CAT I",Cross-Site Scripting (WASC-08)
2026_SSE_mavit,1.0,Cross-Site Scripting: Persistent,doctor-panel.php,195,jobs/40df99ae-e5ad-41dc-a710-6bacd5341271/work/Src/Hospital-Management-System/doctor-panel.php,Critical,Security Auditor View,Critical,false,,,,,false,false,UPDATED,Tue May 26 16:32:50 CEST 2026,,false,false,false,SCA,STATIC,Data Flow,AF6C6C57-CA46-489C-B449-CFE4A5AB7202,4CC455DB0B78A98DCD185F22A0C13F3B,5.0,5.0,4.0,5.0,Input Validation and Representation,Cross-Site Scripting: Persistent,"CWE ID 79,CWE ID 80",[2] CWE ID 079,[2] CWE ID 079,"CCI-001310,CCI-002754",SI,Indirect Access to Sensitive Data,,,SI-10 Information Input Validation (P1),SI-10 Information Input Validation,"5.3.3 Output Encoding and Injection Prevention Requirements (L1 L2 L3),5.3.6 Output Encoding and Injection Prevention Requirements (L1 L2 L3)",,M7 Client Side Injection,A3 Cross-Site Scripting (XSS),A7 Cross-Site Scripting (XSS),A03 Injection,Requirement 6.5.7,Requirement 6.2.4,Control Objective 4.2 - Critical Asset Protection,"Control Objective 4.2 - Critical Asset Protection,Control Objective B.3.1 - Terminal Software Attack Mitigation,Control Objective B.3.1.1 - Terminal Software Attack Mitigation","Control Objective 4.2 - Critical Asset Protection,Control Objective B.3.1 - Terminal Software Attack Mitigation,Control Objective B.3.1.1 - Terminal Software Attack Mitigation,Control Objective C.3.2 - Web Software Attack Mitigation",Insecure Interaction - CWE ID 079,"APSC-DV-002490 CAT I,APSC-DV-002560 CAT I","APSC-DV-002490 CAT I,APSC-DV-002560 CAT I","APSC-DV-002490 CAT I,APSC-DV-002560 CAT I",Cross-Site Scripting (WASC-08)
2026_SSE_mavit,1.0,Cross-Site Scripting: Persistent,doctor-panel.php,196,jobs/40df99ae-e5ad-41dc-a710-6bacd5341271/work/Src/Hospital-Management-System/doctor-panel.php,Critical,Security Auditor View,Critical,false,,,,,false,false,UPDATED,Tue May 26 16:32:50 CEST 2026,,false,false,false,SCA,STATIC,Data Flow,AF6C6C57-CA46-489C-B449-CFE4A5AB7202,8A606CD8996017E20635D3754E93A010,5.0,5.0,4.0,5.0,Input Validation and Representation,Cross-Site Scripting: Persistent,"CWE ID 79,CWE ID 80",[2] CWE ID 079,[2] CWE ID 079,"CCI-001310,CCI-002754",SI,Indirect Access to Sensitive Data,,,SI-10 Information Input Validation (P1),SI-10 Information Input Validation,"5.3.3 Output Encoding and Injection Prevention Requirements (L1 L2 L3),5.3.6 Output Encoding and Injection Prevention Requirements (L1 L2 L3)",,M7 Client Side Injection,A3 Cross-Site Scripting (XSS),A7 Cross-Site Scripting (XSS),A03 Injection,Requirement 6.5.7,Requirement 6.2.4,Control Objective 4.2 - Critical Asset Protection,"Control Objective 4.2 - Critical Asset Protection,Control Objective B.3.1 - Terminal Software Attack Mitigation,Control Objective B.3.1.1 - Terminal Software Attack Mitigation","Control Objective 4.2 - Critical Asset Protection,Control Objective B.3.1 - Terminal Software Attack Mitigation,Control Objective B.3.1.1 - Terminal Software Attack Mitigation,Control Objective C.3.2 - Web Software Attack Mitigation",Insecure Interaction - CWE ID 079,"APSC-DV-002490 CAT I,APSC-DV-002560 CAT I","APSC-DV-002490 CAT I,APSC-DV-002560 CAT I","APSC-DV-002490 CAT I,APSC-DV-002560 CAT I",Cross-Site Scripting (WASC-08)
2026_SSE_mavit,1.0,Cross-Site Scripting: Persistent,doctor-panel.php,197,jobs/40df99ae-e5ad-41dc-a710-6bacd5341271/work/Src/Hospital-Management-System/doctor-panel.php,Critical,Security Auditor View,Critical,false,,,,,false,false,UPDATED,Tue May 26 16:32:50 CEST 2026,,false,false,false,SCA,STATIC,Data Flow,AF6C6C57-CA46-489C-B449-CFE4A5AB7202,F5CB50976F9A2B8A39C17120CA3CC3AF,5.0,5.0,4.0,5.0,Input Validation and Representation,Cross-Site Scripting: Persistent,"CWE ID 79,CWE ID 80",[2] CWE ID 079,[2] CWE ID 079,"CCI-001310,CCI-002754",SI,Indirect Access to Sensitive Data,,,SI-10 Information Input Validation (P1),SI-10 Information Input Validation,"5.3.3 Output Encoding and Injection Prevention Requirements (L1 L2 L3),5.3.6 Output Encoding and Injection Prevention Requirements (L1 L2 L3)",,M7 Client Side Injection,A3 Cross-Site Scripting (XSS),A7 Cross-Site Scripting (XSS),A03 Injection,Requirement 6.5.7,Requirement 6.2.4,Control Objective 4.2 - Critical Asset Protection,"Control Objective 4.2 - Critical Asset Protection,Control Objective B.3.1 - Terminal Software Attack Mitigation,Control Objective B.3.1.1 - Terminal Software Attack Mitigation","Control Objective 4.2 - Critical Asset Protection,Control Objective B.3.1 - Terminal Software Attack Mitigation,Control Objective B.3.1.1 - Terminal Software Attack Mitigation,Control Objective C.3.2 - Web Software Attack Mitigation",Insecure Interaction - CWE ID 079,"APSC-DV-002490 CAT I,APSC-DV-002560 CAT I","APSC-DV-002490 CAT I,APSC-DV-002560 CAT I","APSC-DV-002490 CAT I,APSC-DV-002560 CAT I",Cross-Site Scripting (WASC-08)
2026_SSE_mavit,1.0,Cross-Site Scripting: Persistent,doctor-panel.php,198,jobs/40df99ae-e5ad-41dc-a710-6bacd5341271/work/Src/Hospital-Management-System/doctor-panel.php,Critical,Security Auditor View,Critical,false,,,,,false,false,UPDATED,Tue May 26 16:32:50 CEST 2026,,false,false,false,SCA,STATIC,Data Flow,AF6C6C57-CA46-489C-B449-CFE4A5AB7202,C07132A59BE66164E40B74DA9286BAB6,5.0,5.0,4.0,5.0,Input Validation and Representation,Cross-Site Scripting: Persistent,"CWE ID 79,CWE ID 80",[2] CWE ID 079,[2] CWE ID 079,"CCI-001310,CCI-002754",SI,Indirect Access to Sensitive Data,,,SI-10 Information Input Validation (P1),SI-10 Information Input Validation,"5.3.3 Output Encoding and Injection Prevention Requirements (L1 L2 L3),5.3.6 Output Encoding and Injection Prevention Requirements (L1 L2 L3)",,M7 Client Side Injection,A3 Cross-Site Scripting (XSS),A7 Cross-Site Scripting (XSS),A03 Injection,Requirement 6.5.7,Requirement 6.2.4,Control Objective 4.2 - Critical Asset Protection,"Control Objective 4.2 - Critical Asset Protection,Control Objective B.3.1 - Terminal Software Attack Mitigation,Control Objective B.3.1.1 - Terminal Software Attack Mitigation","Control Objective 4.2 - Critical Asset Protection,Control Objective B.3.1 - Terminal Software Attack Mitigation,Control Objective B.3.1.1 - Terminal Software Attack Mitigation,Control Objective C.3.2 - Web Software Attack Mitigation",Insecure Interaction - CWE ID 079,"APSC-DV-002490 CAT I,APSC-DV-002560 CAT I","APSC-DV-002490 CAT I,APSC-DV-002560 CAT I","APSC-DV-002490 CAT I,APSC-DV-002560 CAT I",Cross-Site Scripting (WASC-08)
2026_SSE_mavit,1.0,Cross-Site Scripting: Persistent,doctor-panel.php,220,jobs/40df99ae-e5ad-41dc-a710-6bacd5341271/work/Src/Hospital-Management-System/doctor-panel.php,Critical,Security Auditor View,Critical,false,,,,,false,false,UPDATED,Tue May 26 16:32:50 CEST 2026,,false,false,false,SCA,STATIC,Data Flow,AF6C6C57-CA46-489C-B449-CFE4A5AB7202,F56BF4B00A375B22FC6262EC7D052D0F,5.0,5.0,4.0,5.0,Input Validation and Representation,Cross-Site Scripting: Persistent,"CWE ID 79,CWE ID 80",[2] CWE ID 079,[2] CWE ID 079,"CCI-001310,CCI-002754",SI,Indirect Access to Sensitive Data,,,SI-10 Information Input Validation (P1),SI-10 Information Input Validation,"5.3.3 Output Encoding and Injection Prevention Requirements (L1 L2 L3),5.3.6 Output Encoding and Injection Prevention Requirements (L1 L2 L3)",,M7 Client Side Injection,A3 Cross-Site Scripting (XSS),A7 Cross-Site Scripting (XSS),A03 Injection,Requirement 6.5.7,Requirement 6.2.4,Control Objective 4.2 - Critical Asset Protection,"Control Objective 4.2 - Critical Asset Protection,Control Objective B.3.1 - Terminal Software Attack Mitigation,Control Objective B.3.1.1 - Terminal Software Attack Mitigation","Control Objective 4.2 - Critical Asset Protection,Control Objective B.3.1 - Terminal Software Attack Mitigation,Control Objective B.3.1.1 - Terminal Software Attack Mitigation,Control Objective C.3.2 - Web Software Attack Mitigation",Insecure Interaction - CWE ID 079,"APSC-DV-002490 CAT I,APSC-DV-002560 CAT I","APSC-DV-002490 CAT I,APSC-DV-002560 CAT I","APSC-DV-002490 CAT I,APSC-DV-002560 CAT I",Cross-Site Scripting (WASC-08)
2026_SSE_mavit,1.0,Cross-Site Scripting: Persistent,doctor-panel.php,235,jobs/40df99ae-e5ad-41dc-a710-6bacd5341271/work/Src/Hospital-Management-System/doctor-panel.php,Critical,Security Auditor View,Critical,false,,,,,false,false,UPDATED,Tue May 26 16:32:50 CEST 2026,,false,false,false,SCA,STATIC,Data Flow,AF6C6C57-CA46-489C-B449-CFE4A5AB7202,06D943894A978A8C1CFAA4DE3409351C,5.0,5.0,4.0,5.0,Input Validation and Representation,Cross-Site Scripting: Persistent,"CWE ID 79,CWE ID 80",[2] CWE ID 079,[2] CWE ID 079,"CCI-001310,CCI-002754",SI,Indirect Access to Sensitive Data,,,SI-10 Information Input Validation (P1),SI-10 Information Input Validation,"5.3.3 Output Encoding and Injection Prevention Requirements (L1 L2 L3),5.3.6 Output Encoding and Injection Prevention Requirements (L1 L2 L3)",,M7 Client Side Injection,A3 Cross-Site Scripting (XSS),A7 Cross-Site Scripting (XSS),A03 Injection,Requirement 6.5.7,Requirement 6.2.4,Control Objective 4.2 - Critical Asset Protection,"Control Objective 4.2 - Critical Asset Protection,Control Objective B.3.1 - Terminal Software Attack Mitigation,Control Objective B.3.1.1 - Terminal Software Attack Mitigation","Control Objective 4.2 - Critical Asset Protection,Control Objective B.3.1 - Terminal Software Attack Mitigation,Control Objective B.3.1.1 - Terminal Software Attack Mitigation,Control Objective C.3.2 - Web Software Attack Mitigation",Insecure Interaction - CWE ID 079,"APSC-DV-002490 CAT I,APSC-DV-002560 CAT I","APSC-DV-002490 CAT I,APSC-DV-002560 CAT I","APSC-DV-002490 CAT I,APSC-DV-002560 CAT I",Cross-Site Scripting (WASC-08)
2026_SSE_mavit,1.0,Cross-Site Scripting: Persistent,doctor-panel.php,235,jobs/40df99ae-e5ad-41dc-a710-6bacd5341271/work/Src/Hospital-Management-System/doctor-panel.php,Critical,Security Auditor View,Critical,false,,,,,false,false,UPDATED,Tue May 26 16:32:50 CEST 2026,,false,false,false,SCA,STATIC,Data Flow,AF6C6C57-CA46-489C-B449-CFE4A5AB7202,885130EF2E235DEC3C6B2AFD5C065F7E,5.0,5.0,4.0,5.0,Input Validation and Representation,Cross-Site Scripting: Persistent,"CWE ID 79,CWE ID 80",[2] CWE ID 079,[2] CWE ID 079,"CCI-001310,CCI-002754",SI,Indirect Access to Sensitive Data,,,SI-10 Information Input Validation (P1),SI-10 Information Input Validation,"5.3.3 Output Encoding and Injection Prevention Requirements (L1 L2 L3),5.3.6 Output Encoding and Injection Prevention Requirements (L1 L2 L3)",,M7 Client Side Injection,A3 Cross-Site Scripting (XSS),A7 Cross-Site Scripting (XSS),A03 Injection,Requirement 6.5.7,Requirement 6.2.4,Control Objective 4.2 - Critical Asset Protection,"Control Objective 4.2 - Critical Asset Protection,Control Objective B.3.1 - Terminal Software Attack Mitigation,Control Objective B.3.1.1 - Terminal Software Attack Mitigation","Control Objective 4.2 - Critical Asset Protection,Control Objective B.3.1 - Terminal Software Attack Mitigation,Control Objective B.3.1.1 - Terminal Software Attack Mitigation,Control Objective C.3.2 - Web Software Attack Mitigation",Insecure Interaction - CWE ID 079,"APSC-DV-002490 CAT I,APSC-DV-002560 CAT I","APSC-DV-002490 CAT I,APSC-DV-002560 CAT I","APSC-DV-002490 CAT I,APSC-DV-002560 CAT I",Cross-Site Scripting (WASC-08)
2026_SSE_mavit,1.0,Cross-Site Scripting: Persistent,doctor-panel.php,235,jobs/40df99ae-e5ad-41dc-a710-6bacd5341271/work/Src/Hospital-Management-System/doctor-panel.php,Critical,Security Auditor View,Critical,false,,,,,false,false,UPDATED,Tue May 26 16:32:50 CEST 2026,,false,false,false,SCA,STATIC,Data Flow,AF6C6C57-CA46-489C-B449-CFE4A5AB7202,C07132A59BE66164E40B74DA9286BAB7,5.0,5.0,4.0,5.0,Input Validation and Representation,Cross-Site Scripting: Persistent,"CWE ID 79,CWE ID 80",[2] CWE ID 079,[2] CWE ID 079,"CCI-001310,CCI-002754",SI,Indirect Access to Sensitive Data,,,SI-10 Information Input Validation (P1),SI-10 Information Input Validation,"5.3.3 Output Encoding and Injection Prevention Requirements (L1 L2 L3),5.3.6 Output Encoding and Injection Prevention Requirements (L1 L2 L3)",,M7 Client Side Injection,A3 Cross-Site Scripting (XSS),A7 Cross-Site Scripting (XSS),A03 Injection,Requirement 6.5.7,Requirement 6.2.4,Control Objective 4.2 - Critical Asset Protection,"Control Objective 4.2 - Critical Asset Protection,Control Objective B.3.1 - Terminal Software Attack Mitigation,Control Objective B.3.1.1 - Terminal Software Attack Mitigation","Control Objective 4.2 - Critical Asset Protection,Control Objective B.3.1 - Terminal Software Attack Mitigation,Control Objective B.3.1.1 - Terminal Software Attack Mitigation,Control Objective C.3.2 - Web Software Attack Mitigation",Insecure Interaction - CWE ID 079,"APSC-DV-002490 CAT I,APSC-DV-002560 CAT I","APSC-DV-002490 CAT I,APSC-DV-002560 CAT I","APSC-DV-002490 CAT I,APSC-DV-002560 CAT I",Cross-Site Scripting (WASC-08)
2026_SSE_mavit,1.0,Cross-Site Scripting: Persistent,doctor-panel.php,235,jobs/40df99ae-e5ad-41dc-a710-6bacd5341271/work/Src/Hospital-Management-System/doctor-panel.php,Critical,Security Auditor View,Critical,false,,,,,false,false,UPDATED,Tue May 26 16:32:50 CEST 2026,,false,false,false,SCA,STATIC,Data Flow,AF6C6C57-CA46-489C-B449-CFE4A5AB7202,D3A17FBAB000CE0250041231E9A53FAB,5.0,5.0,4.0,5.0,Input Validation and Representation,Cross-Site Scripting: Persistent,"CWE ID 79,CWE ID 80",[2] CWE ID 079,[2] CWE ID 079,"CCI-001310,CCI-002754",SI,Indirect Access to Sensitive Data,,,SI-10 Information Input Validation (P1),SI-10 Information Input Validation,"5.3.3 Output Encoding and Injection Prevention Requirements (L1 L2 L3),5.3.6 Output Encoding and Injection Prevention Requirements (L1 L2 L3)",,M7 Client Side Injection,A3 Cross-Site Scripting (XSS),A7 Cross-Site Scripting (XSS),A03 Injection,Requirement 6.5.7,Requirement 6.2.4,Control Objective 4.2 - Critical Asset Protection,"Control Objective 4.2 - Critical Asset Protection,Control Objective B.3.1 - Terminal Software Attack Mitigation,Control Objective B.3.1.1 - Terminal Software Attack Mitigation","Control Objective 4.2 - Critical Asset Protection,Control Objective B.3.1 - Terminal Software Attack Mitigation,Control Objective B.3.1.1 - Terminal Software Attack Mitigation,Control Objective C.3.2 - Web Software Attack Mitigation",Insecure Interaction - CWE ID 079,"APSC-DV-002490 CAT I,APSC-DV-002560 CAT I","APSC-DV-002490 CAT I,APSC-DV-002560 CAT I","APSC-DV-002490 CAT I,APSC-DV-002560 CAT I",Cross-Site Scripting (WASC-08)
2026_SSE_mavit,1.0,Cross-Site Scripting: Persistent,doctor-panel.php,235,jobs/40df99ae-e5ad-41dc-a710-6bacd5341271/work/Src/Hospital-Management-System/doctor-panel.php,Critical,Security Auditor View,Critical,false,,,,,false,false,UPDATED,Tue May 26 16:32:50 CEST 2026,,false,false,false,SCA,STATIC,Data Flow,AF6C6C57-CA46-489C-B449-CFE4A5AB7202,F56BF4B00A375B22FC6262EC7D052D10,5.0,5.0,4.0,5.0,Input Validation and Representation,Cross-Site Scripting: Persistent,"CWE ID 79,CWE ID 80",[2] CWE ID 079,[2] CWE ID 079,"CCI-001310,CCI-002754",SI,Indirect Access to Sensitive Data,,,SI-10 Information Input Validation (P1),SI-10 Information Input Validation,"5.3.3 Output Encoding and Injection Prevention Requirements (L1 L2 L3),5.3.6 Output Encoding and Injection Prevention Requirements (L1 L2 L3)",,M7 Client Side Injection,A3 Cross-Site Scripting (XSS),A7 Cross-Site Scripting (XSS),A03 Injection,Requirement 6.5.7,Requirement 6.2.4,Control Objective 4.2 - Critical Asset Protection,"Control Objective 4.2 - Critical Asset Protection,Control Objective B.3.1 - Terminal Software Attack Mitigation,Control Objective B.3.1.1 - Terminal Software Attack Mitigation","Control Objective 4.2 - Critical Asset Protection,Control Objective B.3.1 - Terminal Software Attack Mitigation,Control Objective B.3.1.1 - Terminal Software Attack Mitigation,Control Objective C.3.2 - Web Software Attack Mitigation",Insecure Interaction - CWE ID 079,"APSC-DV-002490 CAT I,APSC-DV-002560 CAT I","APSC-DV-002490 CAT I,APSC-DV-002560 CAT I","APSC-DV-002490 CAT I,APSC-DV-002560 CAT I",Cross-Site Scripting (WASC-08)
2026_SSE_mavit,1.0,Cross-Site Scripting: Persistent,doctor-panel.php,235,jobs/40df99ae-e5ad-41dc-a710-6bacd5341271/work/Src/Hospital-Management-System/doctor-panel.php,Critical,Security Auditor View,Critical,false,,,,,false,false,UPDATED,Tue May 26 16:32:50 CEST 2026,,false,false,false,SCA,STATIC,Data Flow,AF6C6C57-CA46-489C-B449-CFE4A5AB7202,F5CB50976F9A2B8A39C17120CA3CC3B0,5.0,5.0,4.0,5.0,Input Validation and Representation,Cross-Site Scripting: Persistent,"CWE ID 79,CWE ID 80",[2] CWE ID 079,[2] CWE ID 079,"CCI-001310,CCI-002754",SI,Indirect Access to Sensitive Data,,,SI-10 Information Input Validation (P1),SI-10 Information Input Validation,"5.3.3 Output Encoding and Injection Prevention Requirements (L1 L2 L3),5.3.6 Output Encoding and Injection Prevention Requirements (L1 L2 L3)",,M7 Client Side Injection,A3 Cross-Site Scripting (XSS),A7 Cross-Site Scripting (XSS),A03 Injection,Requirement 6.5.7,Requirement 6.2.4,Control Objective 4.2 - Critical Asset Protection,"Control Objective 4.2 - Critical Asset Protection,Control Objective B.3.1 - Terminal Software Attack Mitigation,Control Objective B.3.1.1 - Terminal Software Attack Mitigation","Control Objective 4.2 - Critical Asset Protection,Control Objective B.3.1 - Terminal Software Attack Mitigation,Control Objective B.3.1.1 - Terminal Software Attack Mitigation,Control Objective C.3.2 - Web Software Attack Mitigation",Insecure Interaction - CWE ID 079,"APSC-DV-002490 CAT I,APSC-DV-002560 CAT I","APSC-DV-002490 CAT I,APSC-DV-002560 CAT I","APSC-DV-002490 CAT I,APSC-DV-002560 CAT I",Cross-Site Scripting (WASC-08)
2026_SSE_mavit,1.0,SQL Injection,doctor-panel.php,280,jobs/40df99ae-e5ad-41dc-a710-6bacd5341271/work/Src/Hospital-Management-System/doctor-panel.php,Critical,Security Auditor View,Critical,false,,,,,false,false,UPDATED,Tue May 26 16:32:50 CEST 2026,,false,false,false,SCA,STATIC,Data Flow,FF858C20-4BCD-4EBA-8DBA-F1502AB06D2E,54FD6A836C1E6183B53DE39A3547326F,5.0,5.0,4.0,5.0,Input Validation and Representation,SQL Injection,CWE ID 89,[6] CWE ID 089,[3] CWE ID 089,"CCI-001310,CCI-002754",SI,Indirect Access to Sensitive Data,Rule 1.3,Rule 0-3-1,SI-10 Information Input Validation (P1),SI-10 Information Input Validation,"5.3.4 Output Encoding and Injection Prevention Requirements (L1 L2 L3),5.3.5 Output Encoding and Injection Prevention Requirements (L1 L2 L3)",MASVS-CODE-4,M7 Client Side Injection,A1 Injection,A1 Injection,A03 Injection,Requirement 6.5.1,Requirement 6.2.4,Control Objective 4.2 - Critical Asset Protection,"Control Objective 4.2 - Critical Asset Protection,Control Objective B.3.1 - Terminal Software Attack Mitigation,Control Objective B.3.1.1 - Terminal Software Attack Mitigation","Control Objective 4.2 - Critical Asset Protection,Control Objective B.3.1 - Terminal Software Attack Mitigation,Control Objective B.3.1.1 - Terminal Software Attack Mitigation,Control Objective C.3.2 - Web Software Attack Mitigation",Insecure Interaction - CWE ID 089,"APSC-DV-002540 CAT I,APSC-DV-002560 CAT I","APSC-DV-002540 CAT I,APSC-DV-002560 CAT I","APSC-DV-002540 CAT I,APSC-DV-002560 CAT I",SQL Injection (WASC-19)
2026_SSE_mavit,1.0,Cross-Site Scripting: Persistent,doctor-panel.php,289,jobs/40df99ae-e5ad-41dc-a710-6bacd5341271/work/Src/Hospital-Management-System/doctor-panel.php,Critical,Security Auditor View,Critical,false,,,,,false,false,UPDATED,Tue May 26 16:32:50 CEST 2026,,false,false,false,SCA,STATIC,Data Flow,AF6C6C57-CA46-489C-B449-CFE4A5AB7202,885130EF2E235DEC3C6B2AFD5C065F7F,5.0,5.0,4.0,5.0,Input Validation and Representation,Cross-Site Scripting: Persistent,"CWE ID 79,CWE ID 80",[2] CWE ID 079,[2] CWE ID 079,"CCI-001310,CCI-002754",SI,Indirect Access to Sensitive Data,,,SI-10 Information Input Validation (P1),SI-10 Information Input Validation,"5.3.3 Output Encoding and Injection Prevention Requirements (L1 L2 L3),5.3.6 Output Encoding and Injection Prevention Requirements (L1 L2 L3)",,M7 Client Side Injection,A3 Cross-Site Scripting (XSS),A7 Cross-Site Scripting (XSS),A03 Injection,Requirement 6.5.7,Requirement 6.2.4,Control Objective 4.2 - Critical Asset Protection,"Control Objective 4.2 - Critical Asset Protection,Control Objective B.3.1 - Terminal Software Attack Mitigation,Control Objective B.3.1.1 - Terminal Software Attack Mitigation","Control Objective 4.2 - Critical Asset Protection,Control Objective B.3.1 - Terminal Software Attack Mitigation,Control Objective B.3.1.1 - Terminal Software Attack Mitigation,Control Objective C.3.2 - Web Software Attack Mitigation",Insecure Interaction - CWE ID 079,"APSC-DV-002490 CAT I,APSC-DV-002560 CAT I","APSC-DV-002490 CAT I,APSC-DV-002560 CAT I","APSC-DV-002490 CAT I,APSC-DV-002560 CAT I",Cross-Site Scripting (WASC-08)
2026_SSE_mavit,1.0,Cross-Site Scripting: Persistent,doctor-panel.php,290,jobs/40df99ae-e5ad-41dc-a710-6bacd5341271/work/Src/Hospital-Management-System/doctor-panel.php,Critical,Security Auditor View,Critical,false,,,,,false,false,UPDATED,Tue May 26 16:32:50 CEST 2026,,false,false,false,SCA,STATIC,Data Flow,AF6C6C57-CA46-489C-B449-CFE4A5AB7202,06D943894A978A8C1CFAA4DE3409351D,5.0,5.0,4.0,5.0,Input Validation and Representation,Cross-Site Scripting: Persistent,"CWE ID 79,CWE ID 80",[2] CWE ID 079,[2] CWE ID 079,"CCI-001310,CCI-002754",SI,Indirect Access to Sensitive Data,,,SI-10 Information Input Validation (P1),SI-10 Information Input Validation,"5.3.3 Output Encoding and Injection Prevention Requirements (L1 L2 L3),5.3.6 Output Encoding and Injection Prevention Requirements (L1 L2 L3)",,M7 Client Side Injection,A3 Cross-Site Scripting (XSS),A7 Cross-Site Scripting (XSS),A03 Injection,Requirement 6.5.7,Requirement 6.2.4,Control Objective 4.2 - Critical Asset Protection,"Control Objective 4.2 - Critical Asset Protection,Control Objective B.3.1 - Terminal Software Attack Mitigation,Control Objective B.3.1.1 - Terminal Software Attack Mitigation","Control Objective 4.2 - Critical Asset Protection,Control Objective B.3.1 - Terminal Software Attack Mitigation,Control Objective B.3.1.1 - Terminal Software Attack Mitigation,Control Objective C.3.2 - Web Software Attack Mitigation",Insecure Interaction - CWE ID 079,"APSC-DV-002490 CAT I,APSC-DV-002560 CAT I","APSC-DV-002490 CAT I,APSC-DV-002560 CAT I","APSC-DV-002490 CAT I,APSC-DV-002560 CAT I",Cross-Site Scripting (WASC-08)
2026_SSE_mavit,1.0,Cross-Site Scripting: Persistent,doctor-panel.php,291,jobs/40df99ae-e5ad-41dc-a710-6bacd5341271/work/Src/Hospital-Management-System/doctor-panel.php,Critical,Security Auditor View,Critical,false,,,,,false,false,UPDATED,Tue May 26 16:32:50 CEST 2026,,false,false,false,SCA,STATIC,Data Flow,AF6C6C57-CA46-489C-B449-CFE4A5AB7202,D3A17FBAB000CE0250041231E9A53FAC,5.0,5.0,4.0,5.0,Input Validation and Representation,Cross-Site Scripting: Persistent,"CWE ID 79,CWE ID 80",[2] CWE ID 079,[2] CWE ID 079,"CCI-001310,CCI-002754",SI,Indirect Access to Sensitive Data,,,SI-10 Information Input Validation (P1),SI-10 Information Input Validation,"5.3.3 Output Encoding and Injection Prevention Requirements (L1 L2 L3),5.3.6 Output Encoding and Injection Prevention Requirements (L1 L2 L3)",,M7 Client Side Injection,A3 Cross-Site Scripting (XSS),A7 Cross-Site Scripting (XSS),A03 Injection,Requirement 6.5.7,Requirement 6.2.4,Control Objective 4.2 - Critical Asset Protection,"Control Objective 4.2 - Critical Asset Protection,Control Objective B.3.1 - Terminal Software Attack Mitigation,Control Objective B.3.1.1 - Terminal Software Attack Mitigation","Control Objective 4.2 - Critical Asset Protection,Control Objective B.3.1 - Terminal Software Attack Mitigation,Control Objective B.3.1.1 - Terminal Software Attack Mitigation,Control Objective C.3.2 - Web Software Attack Mitigation",Insecure Interaction - CWE ID 079,"APSC-DV-002490 CAT I,APSC-DV-002560 CAT I","APSC-DV-002490 CAT I,APSC-DV-002560 CAT I","APSC-DV-002490 CAT I,APSC-DV-002560 CAT I",Cross-Site Scripting (WASC-08)
2026_SSE_mavit,1.0,Cross-Site Scripting: Persistent,doctor-panel.php,292,jobs/40df99ae-e5ad-41dc-a710-6bacd5341271/work/Src/Hospital-Management-System/doctor-panel.php,Critical,Security Auditor View,Critical,false,,,,,false,false,UPDATED,Tue May 26 16:32:50 CEST 2026,,false,false,false,SCA,STATIC,Data Flow,AF6C6C57-CA46-489C-B449-CFE4A5AB7202,F56BF4B00A375B22FC6262EC7D052D11,5.0,5.0,4.0,5.0,Input Validation and Representation,Cross-Site Scripting: Persistent,"CWE ID 79,CWE ID 80",[2] CWE ID 079,[2] CWE ID 079,"CCI-001310,CCI-002754",SI,Indirect Access to Sensitive Data,,,SI-10 Information Input Validation (P1),SI-10 Information Input Validation,"5.3.3 Output Encoding and Injection Prevention Requirements (L1 L2 L3),5.3.6 Output Encoding and Injection Prevention Requirements (L1 L2 L3)",,M7 Client Side Injection,A3 Cross-Site Scripting (XSS),A7 Cross-Site Scripting (XSS),A03 Injection,Requirement 6.5.7,Requirement 6.2.4,Control Objective 4.2 - Critical Asset Protection,"Control Objective 4.2 - Critical Asset Protection,Control Objective B.3.1 - Terminal Software Attack Mitigation,Control Objective B.3.1.1 - Terminal Software Attack Mitigation","Control Objective 4.2 - Critical Asset Protection,Control Objective B.3.1 - Terminal Software Attack Mitigation,Control Objective B.3.1.1 - Terminal Software Attack Mitigation,Control Objective C.3.2 - Web Software Attack Mitigation",Insecure Interaction - CWE ID 079,"APSC-DV-002490 CAT I,APSC-DV-002560 CAT I","APSC-DV-002490 CAT I,APSC-DV-002560 CAT I","APSC-DV-002490 CAT I,APSC-DV-002560 CAT I",Cross-Site Scripting (WASC-08)
2026_SSE_mavit,1.0,Cross-Site Scripting: Persistent,doctor-panel.php,294,jobs/40df99ae-e5ad-41dc-a710-6bacd5341271/work/Src/Hospital-Management-System/doctor-panel.php,Critical,Security Auditor View,Critical,false,,,,,false,false,UPDATED,Tue May 26 16:32:50 CEST 2026,,false,false,false,SCA,STATIC,Data Flow,AF6C6C57-CA46-489C-B449-CFE4A5AB7202,F5CB50976F9A2B8A39C17120CA3CC3B1,5.0,5.0,4.0,5.0,Input Validation and Representation,Cross-Site Scripting: Persistent,"CWE ID 79,CWE ID 80",[2] CWE ID 079,[2] CWE ID 079,"CCI-001310,CCI-002754",SI,Indirect Access to Sensitive Data,,,SI-10 Information Input Validation (P1),SI-10 Information Input Validation,"5.3.3 Output Encoding and Injection Prevention Requirements (L1 L2 L3),5.3.6 Output Encoding and Injection Prevention Requirements (L1 L2 L3)",,M7 Client Side Injection,A3 Cross-Site Scripting (XSS),A7 Cross-Site Scripting (XSS),A03 Injection,Requirement 6.5.7,Requirement 6.2.4,Control Objective 4.2 - Critical Asset Protection,"Control Objective 4.2 - Critical Asset Protection,Control Objective B.3.1 - Terminal Software Attack Mitigation,Control Objective B.3.1.1 - Terminal Software Attack Mitigation","Control Objective 4.2 - Critical Asset Protection,Control Objective B.3.1 - Terminal Software Attack Mitigation,Control Objective B.3.1.1 - Terminal Software Attack Mitigation,Control Objective C.3.2 - Web Software Attack Mitigation",Insecure Interaction - CWE ID 079,"APSC-DV-002490 CAT I,APSC-DV-002560 CAT I","APSC-DV-002490 CAT I,APSC-DV-002560 CAT I","APSC-DV-002490 CAT I,APSC-DV-002560 CAT I",Cross-Site Scripting (WASC-08)
2026_SSE_mavit,1.0,Cross-Site Scripting: Persistent,doctor-panel.php,295,jobs/40df99ae-e5ad-41dc-a710-6bacd5341271/work/Src/Hospital-Management-System/doctor-panel.php,Critical,Security Auditor View,Critical,false,,,,,false,false,UPDATED,Tue May 26 16:32:50 CEST 2026,,false,false,false,SCA,STATIC,Data Flow,AF6C6C57-CA46-489C-B449-CFE4A5AB7202,C07132A59BE66164E40B74DA9286BAB8,5.0,5.0,4.0,5.0,Input Validation and Representation,Cross-Site Scripting: Persistent,"CWE ID 79,CWE ID 80",[2] CWE ID 079,[2] CWE ID 079,"CCI-001310,CCI-002754",SI,Indirect Access to Sensitive Data,,,SI-10 Information Input Validation (P1),SI-10 Information Input Validation,"5.3.3 Output Encoding and Injection Prevention Requirements (L1 L2 L3),5.3.6 Output Encoding and Injection Prevention Requirements (L1 L2 L3)",,M7 Client Side Injection,A3 Cross-Site Scripting (XSS),A7 Cross-Site Scripting (XSS),A03 Injection,Requirement 6.5.7,Requirement 6.2.4,Control Objective 4.2 - Critical Asset Protection,"Control Objective 4.2 - Critical Asset Protection,Control Objective B.3.1 - Terminal Software Attack Mitigation,Control Objective B.3.1.1 - Terminal Software Attack Mitigation","Control Objective 4.2 - Critical Asset Protection,Control Objective B.3.1 - Terminal Software Attack Mitigation,Control Objective B.3.1.1 - Terminal Software Attack Mitigation,Control Objective C.3.2 - Web Software Attack Mitigation",Insecure Interaction - CWE ID 079,"APSC-DV-002490 CAT I,APSC-DV-002560 CAT I","APSC-DV-002490 CAT I,APSC-DV-002560 CAT I","APSC-DV-002490 CAT I,APSC-DV-002560 CAT I",Cross-Site Scripting (WASC-08)
2026_SSE_mavit,1.0,Cross-Site Scripting: Persistent,doctor-panel.php,296,jobs/40df99ae-e5ad-41dc-a710-6bacd5341271/work/Src/Hospital-Management-System/doctor-panel.php,Critical,Security Auditor View,Critical,false,,,,,false,false,UPDATED,Tue May 26 16:32:50 CEST 2026,,false,false,false,SCA,STATIC,Data Flow,AF6C6C57-CA46-489C-B449-CFE4A5AB7202,D5198CF3B1323B0E914D18525F00C7E1,5.0,5.0,4.0,5.0,Input Validation and Representation,Cross-Site Scripting: Persistent,"CWE ID 79,CWE ID 80",[2] CWE ID 079,[2] CWE ID 079,"CCI-001310,CCI-002754",SI,Indirect Access to Sensitive Data,,,SI-10 Information Input Validation (P1),SI-10 Information Input Validation,"5.3.3 Output Encoding and Injection Prevention Requirements (L1 L2 L3),5.3.6 Output Encoding and Injection Prevention Requirements (L1 L2 L3)",,M7 Client Side Injection,A3 Cross-Site Scripting (XSS),A7 Cross-Site Scripting (XSS),A03 Injection,Requirement 6.5.7,Requirement 6.2.4,Control Objective 4.2 - Critical Asset Protection,"Control Objective 4.2 - Critical Asset Protection,Control Objective B.3.1 - Terminal Software Attack Mitigation,Control Objective B.3.1.1 - Terminal Software Attack Mitigation","Control Objective 4.2 - Critical Asset Protection,Control Objective B.3.1 - Terminal Software Attack Mitigation,Control Objective B.3.1.1 - Terminal Software Attack Mitigation,Control Objective C.3.2 - Web Software Attack Mitigation",Insecure Interaction - CWE ID 079,"APSC-DV-002490 CAT I,APSC-DV-002560 CAT I","APSC-DV-002490 CAT I,APSC-DV-002560 CAT I","APSC-DV-002490 CAT I,APSC-DV-002560 CAT I",Cross-Site Scripting (WASC-08)
2026_SSE_mavit,1.0,Cross-Site Scripting: Persistent,doctor-panel.php,297,jobs/40df99ae-e5ad-41dc-a710-6bacd5341271/work/Src/Hospital-Management-System/doctor-panel.php,Critical,Security Auditor View,Critical,false,,,,,false,false,UPDATED,Tue May 26 16:32:50 CEST 2026,,false,false,false,SCA,STATIC,Data Flow,AF6C6C57-CA46-489C-B449-CFE4A5AB7202,00DA6F2B99520E6EAA77B32F0A610C69,5.0,5.0,4.0,5.0,Input Validation and Representation,Cross-Site Scripting: Persistent,"CWE ID 79,CWE ID 80",[2] CWE ID 079,[2] CWE ID 079,"CCI-001310,CCI-002754",SI,Indirect Access to Sensitive Data,,,SI-10 Information Input Validation (P1),SI-10 Information Input Validation,"5.3.3 Output Encoding and Injection Prevention Requirements (L1 L2 L3),5.3.6 Output Encoding and Injection Prevention Requirements (L1 L2 L3)",,M7 Client Side Injection,A3 Cross-Site Scripting (XSS),A7 Cross-Site Scripting (XSS),A03 Injection,Requirement 6.5.7,Requirement 6.2.4,Control Objective 4.2 - Critical Asset Protection,"Control Objective 4.2 - Critical Asset Protection,Control Objective B.3.1 - Terminal Software Attack Mitigation,Control Objective B.3.1.1 - Terminal Software Attack Mitigation","Control Objective 4.2 - Critical Asset Protection,Control Objective B.3.1 - Terminal Software Attack Mitigation,Control Objective B.3.1.1 - Terminal Software Attack Mitigation,Control Objective C.3.2 - Web Software Attack Mitigation",Insecure Interaction - CWE ID 079,"APSC-DV-002490 CAT I,APSC-DV-002560 CAT I","APSC-DV-002490 CAT I,APSC-DV-002560 CAT I","APSC-DV-002490 CAT I,APSC-DV-002560 CAT I",Cross-Site Scripting (WASC-08)
2026_SSE_mavit,1.0,Cross-Site Scripting: Persistent,doctor-panel.php,298,jobs/40df99ae-e5ad-41dc-a710-6bacd5341271/work/Src/Hospital-Management-System/doctor-panel.php,Critical,Security Auditor View,Critical,false,,,,,false,false,UPDATED,Tue May 26 16:32:50 CEST 2026,,false,false,false,SCA,STATIC,Data Flow,AF6C6C57-CA46-489C-B449-CFE4A5AB7202,ECA03BBAE60084AB885695299A358D27,5.0,5.0,4.0,5.0,Input Validation and Representation,Cross-Site Scripting: Persistent,"CWE ID 79,CWE ID 80",[2] CWE ID 079,[2] CWE ID 079,"CCI-001310,CCI-002754",SI,Indirect Access to Sensitive Data,,,SI-10 Information Input Validation (P1),SI-10 Information Input Validation,"5.3.3 Output Encoding and Injection Prevention Requirements (L1 L2 L3),5.3.6 Output Encoding and Injection Prevention Requirements (L1 L2 L3)",,M7 Client Side Injection,A3 Cross-Site Scripting (XSS),A7 Cross-Site Scripting (XSS),A03 Injection,Requirement 6.5.7,Requirement 6.2.4,Control Objective 4.2 - Critical Asset Protection,"Control Objective 4.2 - Critical Asset Protection,Control Objective B.3.1 - Terminal Software Attack Mitigation,Control Objective B.3.1.1 - Terminal Software Attack Mitigation","Control Objective 4.2 - Critical Asset Protection,Control Objective B.3.1 - Terminal Software Attack Mitigation,Control Objective B.3.1.1 - Terminal Software Attack Mitigation,Control Objective C.3.2 - Web Software Attack Mitigation",Insecure Interaction - CWE ID 079,"APSC-DV-002490 CAT I,APSC-DV-002560 CAT I","APSC-DV-002490 CAT I,APSC-DV-002560 CAT I","APSC-DV-002490 CAT I,APSC-DV-002560 CAT I",Cross-Site Scripting (WASC-08)
2026_SSE_mavit,1.0,Cross-Site Scripting: Persistent,doctor-panel.php,341,jobs/40df99ae-e5ad-41dc-a710-6bacd5341271/work/Src/Hospital-Management-System/doctor-panel.php,Critical,Security Auditor View,Critical,false,,,,,false,false,UPDATED,Tue May 26 16:32:50 CEST 2026,,false,false,false,SCA,STATIC,Data Flow,AF6C6C57-CA46-489C-B449-CFE4A5AB7202,06D943894A978A8C1CFAA4DE3409351E,5.0,5.0,4.0,5.0,Input Validation and Representation,Cross-Site Scripting: Persistent,"CWE ID 79,CWE ID 80",[2] CWE ID 079,[2] CWE ID 079,"CCI-001310,CCI-002754",SI,Indirect Access to Sensitive Data,,,SI-10 Information Input Validation (P1),SI-10 Information Input Validation,"5.3.3 Output Encoding and Injection Prevention Requirements (L1 L2 L3),5.3.6 Output Encoding and Injection Prevention Requirements (L1 L2 L3)",,M7 Client Side Injection,A3 Cross-Site Scripting (XSS),A7 Cross-Site Scripting (XSS),A03 Injection,Requirement 6.5.7,Requirement 6.2.4,Control Objective 4.2 - Critical Asset Protection,"Control Objective 4.2 - Critical Asset Protection,Control Objective B.3.1 - Terminal Software Attack Mitigation,Control Objective B.3.1.1 - Terminal Software Attack Mitigation","Control Objective 4.2 - Critical Asset Protection,Control Objective B.3.1 - Terminal Software Attack Mitigation,Control Objective B.3.1.1 - Terminal Software Attack Mitigation,Control Objective C.3.2 - Web Software Attack Mitigation",Insecure Interaction - CWE ID 079,"APSC-DV-002490 CAT I,APSC-DV-002560 CAT I","APSC-DV-002490 CAT I,APSC-DV-002560 CAT I","APSC-DV-002490 CAT I,APSC-DV-002560 CAT I",Cross-Site Scripting (WASC-08)
2026_SSE_mavit,1.0,Cross-Site Scripting: Persistent,doctor-panel.php,342,jobs/40df99ae-e5ad-41dc-a710-6bacd5341271/work/Src/Hospital-Management-System/doctor-panel.php,Critical,Security Auditor View,Critical,false,,,,,false,false,UPDATED,Tue May 26 16:32:50 CEST 2026,,false,false,false,SCA,STATIC,Data Flow,AF6C6C57-CA46-489C-B449-CFE4A5AB7202,D3A17FBAB000CE0250041231E9A53FAD,5.0,5.0,4.0,5.0,Input Validation and Representation,Cross-Site Scripting: Persistent,"CWE ID 79,CWE ID 80",[2] CWE ID 079,[2] CWE ID 079,"CCI-001310,CCI-002754",SI,Indirect Access to Sensitive Data,,,SI-10 Information Input Validation (P1),SI-10 Information Input Validation,"5.3.3 Output Encoding and Injection Prevention Requirements (L1 L2 L3),5.3.6 Output Encoding and Injection Prevention Requirements (L1 L2 L3)",,M7 Client Side Injection,A3 Cross-Site Scripting (XSS),A7 Cross-Site Scripting (XSS),A03 Injection,Requirement 6.5.7,Requirement 6.2.4,Control Objective 4.2 - Critical Asset Protection,"Control Objective 4.2 - Critical Asset Protection,Control Objective B.3.1 - Terminal Software Attack Mitigation,Control Objective B.3.1.1 - Terminal Software Attack Mitigation","Control Objective 4.2 - Critical Asset Protection,Control Objective B.3.1 - Terminal Software Attack Mitigation,Control Objective B.3.1.1 - Terminal Software Attack Mitigation,Control Objective C.3.2 - Web Software Attack Mitigation",Insecure Interaction - CWE ID 079,"APSC-DV-002490 CAT I,APSC-DV-002560 CAT I","APSC-DV-002490 CAT I,APSC-DV-002560 CAT I","APSC-DV-002490 CAT I,APSC-DV-002560 CAT I",Cross-Site Scripting (WASC-08)
2026_SSE_mavit,1.0,Cross-Site Scripting: Persistent,doctor-panel.php,343,jobs/40df99ae-e5ad-41dc-a710-6bacd5341271/work/Src/Hospital-Management-System/doctor-panel.php,Critical,Security Auditor View,Critical,false,,,,,false,false,UPDATED,Tue May 26 16:32:50 CEST 2026,,false,false,false,SCA,STATIC,Data Flow,AF6C6C57-CA46-489C-B449-CFE4A5AB7202,4CC455DB0B78A98DCD185F22A0C13F3C,5.0,5.0,4.0,5.0,Input Validation and Representation,Cross-Site Scripting: Persistent,"CWE ID 79,CWE ID 80",[2] CWE ID 079,[2] CWE ID 079,"CCI-001310,CCI-002754",SI,Indirect Access to Sensitive Data,,,SI-10 Information Input Validation (P1),SI-10 Information Input Validation,"5.3.3 Output Encoding and Injection Prevention Requirements (L1 L2 L3),5.3.6 Output Encoding and Injection Prevention Requirements (L1 L2 L3)",,M7 Client Side Injection,A3 Cross-Site Scripting (XSS),A7 Cross-Site Scripting (XSS),A03 Injection,Requirement 6.5.7,Requirement 6.2.4,Control Objective 4.2 - Critical Asset Protection,"Control Objective 4.2 - Critical Asset Protection,Control Objective B.3.1 - Terminal Software Attack Mitigation,Control Objective B.3.1.1 - Terminal Software Attack Mitigation","Control Objective 4.2 - Critical Asset Protection,Control Objective B.3.1 - Terminal Software Attack Mitigation,Control Objective B.3.1.1 - Terminal Software Attack Mitigation,Control Objective C.3.2 - Web Software Attack Mitigation",Insecure Interaction - CWE ID 079,"APSC-DV-002490 CAT I,APSC-DV-002560 CAT I","APSC-DV-002490 CAT I,APSC-DV-002560 CAT I","APSC-DV-002490 CAT I,APSC-DV-002560 CAT I",Cross-Site Scripting (WASC-08)
2026_SSE_mavit,1.0,Cross-Site Scripting: Persistent,doctor-panel.php,344,jobs/40df99ae-e5ad-41dc-a710-6bacd5341271/work/Src/Hospital-Management-System/doctor-panel.php,Critical,Security Auditor View,Critical,false,,,,,false,false,UPDATED,Tue May 26 16:32:50 CEST 2026,,false,false,false,SCA,STATIC,Data Flow,AF6C6C57-CA46-489C-B449-CFE4A5AB7202,8A606CD8996017E20635D3754E93A011,5.0,5.0,4.0,5.0,Input Validation and Representation,Cross-Site Scripting: Persistent,"CWE ID 79,CWE ID 80",[2] CWE ID 079,[2] CWE ID 079,"CCI-001310,CCI-002754",SI,Indirect Access to Sensitive Data,,,SI-10 Information Input Validation (P1),SI-10 Information Input Validation,"5.3.3 Output Encoding and Injection Prevention Requirements (L1 L2 L3),5.3.6 Output Encoding and Injection Prevention Requirements (L1 L2 L3)",,M7 Client Side Injection,A3 Cross-Site Scripting (XSS),A7 Cross-Site Scripting (XSS),A03 Injection,Requirement 6.5.7,Requirement 6.2.4,Control Objective 4.2 - Critical Asset Protection,"Control Objective 4.2 - Critical Asset Protection,Control Objective B.3.1 - Terminal Software Attack Mitigation,Control Objective B.3.1.1 - Terminal Software Attack Mitigation","Control Objective 4.2 - Critical Asset Protection,Control Objective B.3.1 - Terminal Software Attack Mitigation,Control Objective B.3.1.1 - Terminal Software Attack Mitigation,Control Objective C.3.2 - Web Software Attack Mitigation",Insecure Interaction - CWE ID 079,"APSC-DV-002490 CAT I,APSC-DV-002560 CAT I","APSC-DV-002490 CAT I,APSC-DV-002560 CAT I","APSC-DV-002490 CAT I,APSC-DV-002560 CAT I",Cross-Site Scripting (WASC-08)
2026_SSE_mavit,1.0,Cross-Site Scripting: Persistent,doctor-panel.php,345,jobs/40df99ae-e5ad-41dc-a710-6bacd5341271/work/Src/Hospital-Management-System/doctor-panel.php,Critical,Security Auditor View,Critical,false,,,,,false,false,UPDATED,Tue May 26 16:32:50 CEST 2026,,false,false,false,SCA,STATIC,Data Flow,AF6C6C57-CA46-489C-B449-CFE4A5AB7202,43C58BD455F92A4C8613B3E78823B880,5.0,5.0,4.0,5.0,Input Validation and Representation,Cross-Site Scripting: Persistent,"CWE ID 79,CWE ID 80",[2] CWE ID 079,[2] CWE ID 079,"CCI-001310,CCI-002754",SI,Indirect Access to Sensitive Data,,,SI-10 Information Input Validation (P1),SI-10 Information Input Validation,"5.3.3 Output Encoding and Injection Prevention Requirements (L1 L2 L3),5.3.6 Output Encoding and Injection Prevention Requirements (L1 L2 L3)",,M7 Client Side Injection,A3 Cross-Site Scripting (XSS),A7 Cross-Site Scripting (XSS),A03 Injection,Requirement 6.5.7,Requirement 6.2.4,Control Objective 4.2 - Critical Asset Protection,"Control Objective 4.2 - Critical Asset Protection,Control Objective B.3.1 - Terminal Software Attack Mitigation,Control Objective B.3.1.1 - Terminal Software Attack Mitigation","Control Objective 4.2 - Critical Asset Protection,Control Objective B.3.1 - Terminal Software Attack Mitigation,Control Objective B.3.1.1 - Terminal Software Attack Mitigation,Control Objective C.3.2 - Web Software Attack Mitigation",Insecure Interaction - CWE ID 079,"APSC-DV-002490 CAT I,APSC-DV-002560 CAT I","APSC-DV-002490 CAT I,APSC-DV-002560 CAT I","APSC-DV-002490 CAT I,APSC-DV-002560 CAT I",Cross-Site Scripting (WASC-08)
2026_SSE_mavit,1.0,Cross-Site Scripting: Persistent,doctor-panel.php,346,jobs/40df99ae-e5ad-41dc-a710-6bacd5341271/work/Src/Hospital-Management-System/doctor-panel.php,Critical,Security Auditor View,Critical,false,,,,,false,false,UPDATED,Tue May 26 16:32:50 CEST 2026,,false,false,false,SCA,STATIC,Data Flow,AF6C6C57-CA46-489C-B449-CFE4A5AB7202,7C54F132F6766F17E8D48B415C108F93,5.0,5.0,4.0,5.0,Input Validation and Representation,Cross-Site Scripting: Persistent,"CWE ID 79,CWE ID 80",[2] CWE ID 079,[2] CWE ID 079,"CCI-001310,CCI-002754",SI,Indirect Access to Sensitive Data,,,SI-10 Information Input Validation (P1),SI-10 Information Input Validation,"5.3.3 Output Encoding and Injection Prevention Requirements (L1 L2 L3),5.3.6 Output Encoding and Injection Prevention Requirements (L1 L2 L3)",,M7 Client Side Injection,A3 Cross-Site Scripting (XSS),A7 Cross-Site Scripting (XSS),A03 Injection,Requirement 6.5.7,Requirement 6.2.4,Control Objective 4.2 - Critical Asset Protection,"Control Objective 4.2 - Critical Asset Protection,Control Objective B.3.1 - Terminal Software Attack Mitigation,Control Objective B.3.1.1 - Terminal Software Attack Mitigation","Control Objective 4.2 - Critical Asset Protection,Control Objective B.3.1 - Terminal Software Attack Mitigation,Control Objective B.3.1.1 - Terminal Software Attack Mitigation,Control Objective C.3.2 - Web Software Attack Mitigation",Insecure Interaction - CWE ID 079,"APSC-DV-002490 CAT I,APSC-DV-002560 CAT I","APSC-DV-002490 CAT I,APSC-DV-002560 CAT I","APSC-DV-002490 CAT I,APSC-DV-002560 CAT I",Cross-Site Scripting (WASC-08)
2026_SSE_mavit,1.0,Cross-Site Scripting: Persistent,doctor-panel.php,347,jobs/40df99ae-e5ad-41dc-a710-6bacd5341271/work/Src/Hospital-Management-System/doctor-panel.php,Critical,Security Auditor View,Critical,false,,,,,false,false,UPDATED,Tue May 26 16:32:50 CEST 2026,,false,false,false,SCA,STATIC,Data Flow,AF6C6C57-CA46-489C-B449-CFE4A5AB7202,F5CB50976F9A2B8A39C17120CA3CC3B2,5.0,5.0,4.0,5.0,Input Validation and Representation,Cross-Site Scripting: Persistent,"CWE ID 79,CWE ID 80",[2] CWE ID 079,[2] CWE ID 079,"CCI-001310,CCI-002754",SI,Indirect Access to Sensitive Data,,,SI-10 Information Input Validation (P1),SI-10 Information Input Validation,"5.3.3 Output Encoding and Injection Prevention Requirements (L1 L2 L3),5.3.6 Output Encoding and Injection Prevention Requirements (L1 L2 L3)",,M7 Client Side Injection,A3 Cross-Site Scripting (XSS),A7 Cross-Site Scripting (XSS),A03 Injection,Requirement 6.5.7,Requirement 6.2.4,Control Objective 4.2 - Critical Asset Protection,"Control Objective 4.2 - Critical Asset Protection,Control Objective B.3.1 - Terminal Software Attack Mitigation,Control Objective B.3.1.1 - Terminal Software Attack Mitigation","Control Objective 4.2 - Critical Asset Protection,Control Objective B.3.1 - Terminal Software Attack Mitigation,Control Objective B.3.1.1 - Terminal Software Attack Mitigation,Control Objective C.3.2 - Web Software Attack Mitigation",Insecure Interaction - CWE ID 079,"APSC-DV-002490 CAT I,APSC-DV-002560 CAT I","APSC-DV-002490 CAT I,APSC-DV-002560 CAT I","APSC-DV-002490 CAT I,APSC-DV-002560 CAT I",Cross-Site Scripting (WASC-08)
2026_SSE_mavit,1.0,Cross-Site Scripting: Persistent,doctor-panel.php,348,jobs/40df99ae-e5ad-41dc-a710-6bacd5341271/work/Src/Hospital-Management-System/doctor-panel.php,Critical,Security Auditor View,Critical,false,,,,,false,false,UPDATED,Tue May 26 16:32:50 CEST 2026,,false,false,false,SCA,STATIC,Data Flow,AF6C6C57-CA46-489C-B449-CFE4A5AB7202,C07132A59BE66164E40B74DA9286BAB9,5.0,5.0,4.0,5.0,Input Validation and Representation,Cross-Site Scripting: Persistent,"CWE ID 79,CWE ID 80",[2] CWE ID 079,[2] CWE ID 079,"CCI-001310,CCI-002754",SI,Indirect Access to Sensitive Data,,,SI-10 Information Input Validation (P1),SI-10 Information Input Validation,"5.3.3 Output Encoding and Injection Prevention Requirements (L1 L2 L3),5.3.6 Output Encoding and Injection Prevention Requirements (L1 L2 L3)",,M7 Client Side Injection,A3 Cross-Site Scripting (XSS),A7 Cross-Site Scripting (XSS),A03 Injection,Requirement 6.5.7,Requirement 6.2.4,Control Objective 4.2 - Critical Asset Protection,"Control Objective 4.2 - Critical Asset Protection,Control Objective B.3.1 - Terminal Software Attack Mitigation,Control Objective B.3.1.1 - Terminal Software Attack Mitigation","Control Objective 4.2 - Critical Asset Protection,Control Objective B.3.1 - Terminal Software Attack Mitigation,Control Objective B.3.1.1 - Terminal Software Attack Mitigation,Control Objective C.3.2 - Web Software Attack Mitigation",Insecure Interaction - CWE ID 079,"APSC-DV-002490 CAT I,APSC-DV-002560 CAT I","APSC-DV-002490 CAT I,APSC-DV-002560 CAT I","APSC-DV-002490 CAT I,APSC-DV-002560 CAT I",Cross-Site Scripting (WASC-08)
2026_SSE_mavit,1.0,Cross-Site Request Forgery,doctor-panel.php,362,jobs/40df99ae-e5ad-41dc-a710-6bacd5341271/work/Src/Hospital-Management-System/doctor-panel.php,Low,Security Auditor View,Low,false,,,,,false,false,UPDATED,Tue May 26 16:32:50 CEST 2026,,false,false,false,SCA,STATIC,Content,78E0700E-56FE-45A2-A11B-6A560F730576,E5E03184699BDD7B0E164C58EBE62048,2.0,0.4,2.0,5.0,Encapsulation,Cross-Site Request Forgery,CWE ID 352,[9] CWE ID 352,[9] CWE ID 352,"CCI-001310,CCI-001941,CCI-001942",,Access Violation,,,SC-23 Session Authenticity (P1),SC-23 Session Authenticity,"3.5.3 Token-based Session Management (L2 L3),4.2.2 Operation Level Access Control (L1 L2 L3),13.2.3 RESTful Web Service Verification Requirements (L1 L2 L3)",,M5 Poor Authorization and Authentication,A8 Cross-Site Request Forgery (CSRF),,A01 Broken Access Control,Requirement 6.5.9,Requirement 6.2.4,Control Objective 5.4 - Authentication and Access Control,Control Objective 5.4 - Authentication and Access Control,"Control Objective 5.4 - Authentication and Access Control,Control Objective C.2.3 - Web Software Access Controls",Insecure Interaction - CWE ID 352,"APSC-DV-001620 CAT II,APSC-DV-001630 CAT II,APSC-DV-002500 CAT II","APSC-DV-001620 CAT II,APSC-DV-001630 CAT II,APSC-DV-002500 CAT II","APSC-DV-001620 CAT II,APSC-DV-001630 CAT II,APSC-DV-002500 CAT II",Cross-Site Request Forgery (WASC-09)
2026_SSE_mavit,1.0,Privacy Violation: Autocomplete,doctor-panel.php,367,jobs/40df99ae-e5ad-41dc-a710-6bacd5341271/work/Src/Hospital-Management-System/doctor-panel.php,High,Security Auditor View,High,false,,,,,false,false,UPDATED,Tue May 26 16:32:50 CEST 2026,,false,false,false,SCA,STATIC,Content,2FC7D1FF-11E4-468E-B7AB-F127828F4016,9F42473442329378017556F08467EA1F,4.0,1.6,3.0,5.0,Security Features,Privacy Violation: Autocomplete,CWE ID 525,,,"CCI-000196,CCI-002361",,Privacy Violation,,,AC-4 Information Flow Enforcement (P1),AC-4 Information Flow Enforcement,"8.1.1 General Data Protection (L2 L3),8.1.2 General Data Protection (L2 L3),8.2.1 Client-side Data Protection (L1 L2 L3)","MASVS-STORAGE-2,MASVS-PLATFORM-3",M4 Unintended Data Leakage,A6 Sensitive Data Exposure,A3 Sensitive Data Exposure,A04 Insecure Design,Requirement 3.2,Requirement 3.3.1,"Control Objective 3.3 - Sensitive Data Retention,Control Objective 6.1 - Sensitive Data Protection","Control Objective 3.3 - Sensitive Data Retention,Control Objective 6.1 - Sensitive Data Protection","Control Objective 3.3 - Sensitive Data Retention,Control Objective 6.1 - Sensitive Data Protection",,"APSC-DV-000060 CAT II,APSC-DV-001740 CAT I","APSC-DV-000060 CAT II,APSC-DV-001740 CAT I","APSC-DV-000060 CAT II,APSC-DV-001740 CAT I",Information Leakage (WASC-13)
2026_SSE_mavit,1.0,Hardcoded Domain in HTML,doctor-panel.php,383,jobs/40df99ae-e5ad-41dc-a710-6bacd5341271/work/Src/Hospital-Management-System/doctor-panel.php,Low,Security Auditor View,Low,false,,,,,false,false,UPDATED,Tue May 26 16:32:50 CEST 2026,,false,false,false,SCA,STATIC,Content,C01B6A50-1224-4062-AA16-C3683C44502E,EE5F534B81CAF5D40515540EEA55AE5E,1.0,0.6,2.0,5.0,Encapsulation,Hardcoded Domain in HTML,"CWE ID 494,CWE ID 829",,,CCI-001167,,Indirect Access to Sensitive Data,,,SC-18 Mobile Code (P2),SC-18 Mobile Code,"1.14.2 Configuration Architectural Requirements (L2 L3),5.3.9 Output Encoding and Injection Prevention Requirements (L1 L2 L3),10.3.2 Deployed Application Integrity Controls (L1 L2 L3),12.3.3 File Execution Requirements (L1 L2 L3),12.3.6 File Execution Requirements (L2 L3),14.2.3 Dependency (L1 L2 L3),14.2.4 Dependency (L2 L3)",MASVS-PLATFORM-2,M7 Client Side Injection,,,,,,,,,,APSC-DV-003300 CAT II,APSC-DV-003300 CAT II,APSC-DV-003300 CAT II,Insufficient Process Validation (WASC-40)
2026_SSE_mavit,1.0,Hardcoded Domain in HTML,doctor-panel.php,384,jobs/40df99ae-e5ad-41dc-a710-6bacd5341271/work/Src/Hospital-Management-System/doctor-panel.php,Low,Security Auditor View,Low,false,,,,,false,false,UPDATED,Tue May 26 16:32:50 CEST 2026,,false,false,false,SCA,STATIC,Content,C01B6A50-1224-4062-AA16-C3683C44502E,EE5F534B81CAF5D40515540EEA55AE5F,1.0,0.6,2.0,5.0,Encapsulation,Hardcoded Domain in HTML,"CWE ID 494,CWE ID 829",,,CCI-001167,,Indirect Access to Sensitive Data,,,SC-18 Mobile Code (P2),SC-18 Mobile Code,"1.14.2 Configuration Architectural Requirements (L2 L3),5.3.9 Output Encoding and Injection Prevention Requirements (L1 L2 L3),10.3.2 Deployed Application Integrity Controls (L1 L2 L3),12.3.3 File Execution Requirements (L1 L2 L3),12.3.6 File Execution Requirements (L2 L3),14.2.3 Dependency (L1 L2 L3),14.2.4 Dependency (L2 L3)",MASVS-PLATFORM-2,M7 Client Side Injection,,,,,,,,,,APSC-DV-003300 CAT II,APSC-DV-003300 CAT II,APSC-DV-003300 CAT II,Insufficient Process Validation (WASC-40)
2026_SSE_mavit,1.0,Hardcoded Domain in HTML,doctor-panel.php,385,jobs/40df99ae-e5ad-41dc-a710-6bacd5341271/work/Src/Hospital-Management-System/doctor-panel.php,Low,Security Auditor View,Low,false,,,,,false,false,UPDATED,Tue May 26 16:32:50 CEST 2026,,false,false,false,SCA,STATIC,Content,C01B6A50-1224-4062-AA16-C3683C44502E,EE5F534B81CAF5D40515540EEA55AE60,1.0,0.6,2.0,5.0,Encapsulation,Hardcoded Domain in HTML,"CWE ID 494,CWE ID 829",,,CCI-001167,,Indirect Access to Sensitive Data,,,SC-18 Mobile Code (P2),SC-18 Mobile Code,"1.14.2 Configuration Architectural Requirements (L2 L3),5.3.9 Output Encoding and Injection Prevention Requirements (L1 L2 L3),10.3.2 Deployed Application Integrity Controls (L1 L2 L3),12.3.3 File Execution Requirements (L1 L2 L3),12.3.6 File Execution Requirements (L2 L3),14.2.3 Dependency (L1 L2 L3),14.2.4 Dependency (L2 L3)",MASVS-PLATFORM-2,M7 Client Side Injection,,,,,,,,,,APSC-DV-003300 CAT II,APSC-DV-003300 CAT II,APSC-DV-003300 CAT II,Insufficient Process Validation (WASC-40)
2026_SSE_mavit,1.0,Hardcoded Domain in HTML,doctor-panel.php,386,jobs/40df99ae-e5ad-41dc-a710-6bacd5341271/work/Src/Hospital-Management-System/doctor-panel.php,Low,Security Auditor View,Low,false,,,,,false,false,UPDATED,Tue May 26 16:32:50 CEST 2026,,false,false,false,SCA,STATIC,Content,C01B6A50-1224-4062-AA16-C3683C44502E,EE5F534B81CAF5D40515540EEA55AE61,1.0,0.6,2.0,5.0,Encapsulation,Hardcoded Domain in HTML,"CWE ID 494,CWE ID 829",,,CCI-001167,,Indirect Access to Sensitive Data,,,SC-18 Mobile Code (P2),SC-18 Mobile Code,"1.14.2 Configuration Architectural Requirements (L2 L3),5.3.9 Output Encoding and Injection Prevention Requirements (L1 L2 L3),10.3.2 Deployed Application Integrity Controls (L1 L2 L3),12.3.3 File Execution Requirements (L1 L2 L3),12.3.6 File Execution Requirements (L2 L3),14.2.3 Dependency (L1 L2 L3),14.2.4 Dependency (L2 L3)",MASVS-PLATFORM-2,M7 Client Side Injection,,,,,,,,,,APSC-DV-003300 CAT II,APSC-DV-003300 CAT II,APSC-DV-003300 CAT II,Insufficient Process Validation (WASC-40)
2026_SSE_mavit,1.0,SQL Injection,doctorsearch.php,16,jobs/40df99ae-e5ad-41dc-a710-6bacd5341271/work/Src/Hospital-Management-System/doctorsearch.php,Critical,Security Auditor View,Critical,false,,,,,false,false,UPDATED,Tue May 26 16:32:50 CEST 2026,,false,false,false,SCA,STATIC,Data Flow,FF858C20-4BCD-4EBA-8DBA-F1502AB06D2E,668E888686FC54FB8B33A1501AC85232,5.0,5.0,4.0,5.0,Input Validation and Representation,SQL Injection,CWE ID 89,[6] CWE ID 089,[3] CWE ID 089,"CCI-001310,CCI-002754",SI,Indirect Access to Sensitive Data,Rule 1.3,Rule 0-3-1,SI-10 Information Input Validation (P1),SI-10 Information Input Validation,"5.3.4 Output Encoding and Injection Prevention Requirements (L1 L2 L3),5.3.5 Output Encoding and Injection Prevention Requirements (L1 L2 L3)",MASVS-CODE-4,M7 Client Side Injection,A1 Injection,A1 Injection,A03 Injection,Requirement 6.5.1,Requirement 6.2.4,Control Objective 4.2 - Critical Asset Protection,"Control Objective 4.2 - Critical Asset Protection,Control Objective B.3.1 - Terminal Software Attack Mitigation,Control Objective B.3.1.1 - Terminal Software Attack Mitigation","Control Objective 4.2 - Critical Asset Protection,Control Objective B.3.1 - Terminal Software Attack Mitigation,Control Objective B.3.1.1 - Terminal Software Attack Mitigation,Control Objective C.3.2 - Web Software Attack Mitigation",Insecure Interaction - CWE ID 089,"APSC-DV-002540 CAT I,APSC-DV-002560 CAT I","APSC-DV-002540 CAT I,APSC-DV-002560 CAT I","APSC-DV-002540 CAT I,APSC-DV-002560 CAT I",SQL Injection (WASC-19)
2026_SSE_mavit,1.0,Privacy Violation,doctorsearch.php,46,jobs/40df99ae-e5ad-41dc-a710-6bacd5341271/work/Src/Hospital-Management-System/doctorsearch.php,Critical,Security Auditor View,Critical,false,,,,,false,false,UPDATED,Tue May 26 16:32:50 CEST 2026,,false,false,false,SCA,STATIC,Data Flow,64392070-1C79-4CC8-B8D9-F3EC8A83341C,572F41FF0B65B355F26F18F1F1456F59,4.0,2.8,3.0,5.0,Security Features,Privacy Violation,CWE ID 359,[20] CWE ID 200,,"CCI-000169,CCI-000196,CCI-000197,CCI-001199,CCI-001312,CCI-001314",,Privacy Violation,,,AC-4 Information Flow Enforcement (P1),AC-4 Information Flow Enforcement,"2.2.1 General Authenticator Requirements (L1 L2 L3),2.6.3 Look-up Secret Verifier Requirements (L2 L3),2.7.1 Out of Band Verifier Requirements (L1 L2 L3),2.7.2 Out of Band Verifier Requirements (L1 L2 L3),2.7.3 Out of Band Verifier Requirements (L1 L2 L3),2.8.4 Single or Multi Factor One Time Verifier Requirements (L2 L3),2.8.5 Single or Multi Factor One Time Verifier Requirements (L2 L3),2.10.2 Service Authentication Requirements (L2 L3),2.10.3 Service Authentication Requirements (L2 L3),3.7.1 Defenses Against Session Management Exploits (L1 L2 L3),6.2.1 Algorithms (L1 L2 L3),8.1.1 General Data Protection (L2 L3),8.1.2 General Data Protection (L2 L3),8.2.1 Client-side Data Protection (L1 L2 L3),8.2.2 Client-side Data Protection (L1 L2 L3),8.3.4 Sensitive Private Data (L1 L2 L3),8.3.6 Sensitive Private Data (L2 L3),9.2.3 Server Communications Security Requirements (L2 L3),10.2.1 Malicious Code Search (L2 L3),14.3.3 Unintended Security Disclosure Requirements (L1 L2 L3)","MASVS-STORAGE-1,MASVS-PLATFORM-2",M2 Insecure Data Storage,A6 Sensitive Data Exposure,A3 Sensitive Data Exposure,A02 Cryptographic Failures,"Requirement 3.2,Requirement 3.4,Requirement 4.2,Requirement 8.2.1","Requirement 3.3.1,Requirement 3.5.1,Requirement 4.2.2,Requirement 8.3.1","Control Objective 3.3 - Sensitive Data Retention,Control Objective 6.1 - Sensitive Data Protection,Control Objective 7 - Use of Cryptography,Control Objective A.2.3 - Cardholder Data Protection","Control Objective 3.3 - Sensitive Data Retention,Control Objective 6.1 - Sensitive Data Protection,Control Objective 7 - Use of Cryptography,Control Objective A.2.3 - Cardholder Data Protection,Control Objective B.2.5 - Terminal Software Design","Control Objective 3.3 - Sensitive Data Retention,Control Objective 6.1 - Sensitive Data Protection,Control Objective 7 - Use of Cryptography,Control Objective A.2.3 - Cardholder Data Protection,Control Objective B.2.5 - Terminal Software Design",Porous Defenses - CWE ID 311,"APSC-DV-000650 CAT II,APSC-DV-001740 CAT I,APSC-DV-001750 CAT I,APSC-DV-002330 CAT II,APSC-DV-002570 CAT II,APSC-DV-002580 CAT II","APSC-DV-000650 CAT II,APSC-DV-001740 CAT I,APSC-DV-001750 CAT I,APSC-DV-002330 CAT II,APSC-DV-002570 CAT II,APSC-DV-002580 CAT II","APSC-DV-000650 CAT II,APSC-DV-001740 CAT I,APSC-DV-001750 CAT I,APSC-DV-002330 CAT II,APSC-DV-002570 CAT II,APSC-DV-002580 CAT II",Information Leakage (WASC-13)
2026_SSE_mavit,1.0,Cross-Site Scripting: Persistent,doctorsearch.php,46,jobs/40df99ae-e5ad-41dc-a710-6bacd5341271/work/Src/Hospital-Management-System/doctorsearch.php,Critical,Security Auditor View,Critical,false,,,,,false,false,UPDATED,Tue May 26 16:32:50 CEST 2026,,false,false,false,SCA,STATIC,Data Flow,AF6C6C57-CA46-489C-B449-CFE4A5AB7202,8B71526454ECF121552A8C329A409509,5.0,5.0,4.0,5.0,Input Validation and Representation,Cross-Site Scripting: Persistent,"CWE ID 79,CWE ID 80",[2] CWE ID 079,[2] CWE ID 079,"CCI-001310,CCI-002754",SI,Indirect Access to Sensitive Data,,,SI-10 Information Input Validation (P1),SI-10 Information Input Validation,"5.3.3 Output Encoding and Injection Prevention Requirements (L1 L2 L3),5.3.6 Output Encoding and Injection Prevention Requirements (L1 L2 L3)",,M7 Client Side Injection,A3 Cross-Site Scripting (XSS),A7 Cross-Site Scripting (XSS),A03 Injection,Requirement 6.5.7,Requirement 6.2.4,Control Objective 4.2 - Critical Asset Protection,"Control Objective 4.2 - Critical Asset Protection,Control Objective B.3.1 - Terminal Software Attack Mitigation,Control Objective B.3.1.1 - Terminal Software Attack Mitigation","Control Objective 4.2 - Critical Asset Protection,Control Objective B.3.1 - Terminal Software Attack Mitigation,Control Objective B.3.1.1 - Terminal Software Attack Mitigation,Control Objective C.3.2 - Web Software Attack Mitigation",Insecure Interaction - CWE ID 079,"APSC-DV-002490 CAT I,APSC-DV-002560 CAT I","APSC-DV-002490 CAT I,APSC-DV-002560 CAT I","APSC-DV-002490 CAT I,APSC-DV-002560 CAT I",Cross-Site Scripting (WASC-08)
2026_SSE_mavit,1.0,Privacy Violation,doctorsearch.php,46,jobs/40df99ae-e5ad-41dc-a710-6bacd5341271/work/Src/Hospital-Management-System/doctorsearch.php,Critical,Security Auditor View,Critical,false,,,,,false,false,UPDATED,Tue May 26 16:32:50 CEST 2026,,false,false,false,SCA,STATIC,Data Flow,64392070-1C79-4CC8-B8D9-F3EC8A83341C,9B1D82633F289D969372A7A731D4B68C,4.0,2.8,3.0,5.0,Security Features,Privacy Violation,CWE ID 359,[20] CWE ID 200,,"CCI-000169,CCI-000196,CCI-000197,CCI-001199,CCI-001312,CCI-001314",,Privacy Violation,,,AC-4 Information Flow Enforcement (P1),AC-4 Information Flow Enforcement,"2.2.1 General Authenticator Requirements (L1 L2 L3),2.6.3 Look-up Secret Verifier Requirements (L2 L3),2.7.1 Out of Band Verifier Requirements (L1 L2 L3),2.7.2 Out of Band Verifier Requirements (L1 L2 L3),2.7.3 Out of Band Verifier Requirements (L1 L2 L3),2.8.4 Single or Multi Factor One Time Verifier Requirements (L2 L3),2.8.5 Single or Multi Factor One Time Verifier Requirements (L2 L3),2.10.2 Service Authentication Requirements (L2 L3),2.10.3 Service Authentication Requirements (L2 L3),3.7.1 Defenses Against Session Management Exploits (L1 L2 L3),6.2.1 Algorithms (L1 L2 L3),8.1.1 General Data Protection (L2 L3),8.1.2 General Data Protection (L2 L3),8.2.1 Client-side Data Protection (L1 L2 L3),8.2.2 Client-side Data Protection (L1 L2 L3),8.3.4 Sensitive Private Data (L1 L2 L3),8.3.6 Sensitive Private Data (L2 L3),9.2.3 Server Communications Security Requirements (L2 L3),10.2.1 Malicious Code Search (L2 L3),14.3.3 Unintended Security Disclosure Requirements (L1 L2 L3)","MASVS-STORAGE-1,MASVS-PLATFORM-2",M2 Insecure Data Storage,A6 Sensitive Data Exposure,A3 Sensitive Data Exposure,A02 Cryptographic Failures,"Requirement 3.2,Requirement 3.4,Requirement 4.2,Requirement 8.2.1","Requirement 3.3.1,Requirement 3.5.1,Requirement 4.2.2,Requirement 8.3.1","Control Objective 3.3 - Sensitive Data Retention,Control Objective 6.1 - Sensitive Data Protection,Control Objective 7 - Use of Cryptography,Control Objective A.2.3 - Cardholder Data Protection","Control Objective 3.3 - Sensitive Data Retention,Control Objective 6.1 - Sensitive Data Protection,Control Objective 7 - Use of Cryptography,Control Objective A.2.3 - Cardholder Data Protection,Control Objective B.2.5 - Terminal Software Design","Control Objective 3.3 - Sensitive Data Retention,Control Objective 6.1 - Sensitive Data Protection,Control Objective 7 - Use of Cryptography,Control Objective A.2.3 - Cardholder Data Protection,Control Objective B.2.5 - Terminal Software Design",Porous Defenses - CWE ID 311,"APSC-DV-000650 CAT II,APSC-DV-001740 CAT I,APSC-DV-001750 CAT I,APSC-DV-002330 CAT II,APSC-DV-002570 CAT II,APSC-DV-002580 CAT II","APSC-DV-000650 CAT II,APSC-DV-001740 CAT I,APSC-DV-001750 CAT I,APSC-DV-002330 CAT II,APSC-DV-002570 CAT II,APSC-DV-002580 CAT II","APSC-DV-000650 CAT II,APSC-DV-001740 CAT I,APSC-DV-001750 CAT I,APSC-DV-002330 CAT II,APSC-DV-002570 CAT II,APSC-DV-002580 CAT II",Information Leakage (WASC-13)
2026_SSE_mavit,1.0,Hardcoded Domain in HTML,doctorsearch.php,55,jobs/40df99ae-e5ad-41dc-a710-6bacd5341271/work/Src/Hospital-Management-System/doctorsearch.php,Low,Security Auditor View,Low,false,,,,,false,false,UPDATED,Tue May 26 16:32:50 CEST 2026,,false,false,false,SCA,STATIC,Content,C01B6A50-1224-4062-AA16-C3683C44502E,D1BDCEFA11EB16AC961F69C9DD8ED763,1.0,0.6,2.0,5.0,Encapsulation,Hardcoded Domain in HTML,"CWE ID 494,CWE ID 829",,,CCI-001167,,Indirect Access to Sensitive Data,,,SC-18 Mobile Code (P2),SC-18 Mobile Code,"1.14.2 Configuration Architectural Requirements (L2 L3),5.3.9 Output Encoding and Injection Prevention Requirements (L1 L2 L3),10.3.2 Deployed Application Integrity Controls (L1 L2 L3),12.3.3 File Execution Requirements (L1 L2 L3),12.3.6 File Execution Requirements (L2 L3),14.2.3 Dependency (L1 L2 L3),14.2.4 Dependency (L2 L3)",MASVS-PLATFORM-2,M7 Client Side Injection,,,,,,,,,,APSC-DV-003300 CAT II,APSC-DV-003300 CAT II,APSC-DV-003300 CAT II,Insufficient Process Validation (WASC-40)
2026_SSE_mavit,1.0,Hardcoded Domain in HTML,doctorsearch.php,56,jobs/40df99ae-e5ad-41dc-a710-6bacd5341271/work/Src/Hospital-Management-System/doctorsearch.php,Low,Security Auditor View,Low,false,,,,,false,false,UPDATED,Tue May 26 16:32:50 CEST 2026,,false,false,false,SCA,STATIC,Content,C01B6A50-1224-4062-AA16-C3683C44502E,D1BDCEFA11EB16AC961F69C9DD8ED764,1.0,0.6,2.0,5.0,Encapsulation,Hardcoded Domain in HTML,"CWE ID 494,CWE ID 829",,,CCI-001167,,Indirect Access to Sensitive Data,,,SC-18 Mobile Code (P2),SC-18 Mobile Code,"1.14.2 Configuration Architectural Requirements (L2 L3),5.3.9 Output Encoding and Injection Prevention Requirements (L1 L2 L3),10.3.2 Deployed Application Integrity Controls (L1 L2 L3),12.3.3 File Execution Requirements (L1 L2 L3),12.3.6 File Execution Requirements (L2 L3),14.2.3 Dependency (L1 L2 L3),14.2.4 Dependency (L2 L3)",MASVS-PLATFORM-2,M7 Client Side Injection,,,,,,,,,,APSC-DV-003300 CAT II,APSC-DV-003300 CAT II,APSC-DV-003300 CAT II,Insufficient Process Validation (WASC-40)
2026_SSE_mavit,1.0,Hardcoded Domain in HTML,doctorsearch.php,57,jobs/40df99ae-e5ad-41dc-a710-6bacd5341271/work/Src/Hospital-Management-System/doctorsearch.php,Low,Security Auditor View,Low,false,,,,,false,false,UPDATED,Tue May 26 16:32:50 CEST 2026,,false,false,false,SCA,STATIC,Content,C01B6A50-1224-4062-AA16-C3683C44502E,D1BDCEFA11EB16AC961F69C9DD8ED765,1.0,0.6,2.0,5.0,Encapsulation,Hardcoded Domain in HTML,"CWE ID 494,CWE ID 829",,,CCI-001167,,Indirect Access to Sensitive Data,,,SC-18 Mobile Code (P2),SC-18 Mobile Code,"1.14.2 Configuration Architectural Requirements (L2 L3),5.3.9 Output Encoding and Injection Prevention Requirements (L1 L2 L3),10.3.2 Deployed Application Integrity Controls (L1 L2 L3),12.3.3 File Execution Requirements (L1 L2 L3),12.3.6 File Execution Requirements (L2 L3),14.2.3 Dependency (L1 L2 L3),14.2.4 Dependency (L2 L3)",MASVS-PLATFORM-2,M7 Client Side Injection,,,,,,,,,,APSC-DV-003300 CAT II,APSC-DV-003300 CAT II,APSC-DV-003300 CAT II,Insufficient Process Validation (WASC-40)
2026_SSE_mavit,1.0,Insecure Transport: External Link,enterkey.html,44,jobs/40df99ae-e5ad-41dc-a710-6bacd5341271/work/Src/Hospital-Management-System/vendor/ckeditor/samples/plugins/enterkey/enterkey.html,Medium,Security Auditor View,Medium,false,,,,,false,false,UPDATED,Tue May 26 16:32:50 CEST 2026,,false,false,false,SCA,STATIC,Content,C72A3E77-8324-4FF9-B958-74FCDDF39D17,7CFA87FB25516FAF42FC5050F85E7442,2.0,5.0,5.0,5.0,Security Features,Insecure Transport: External Link,CWE ID 297,[14] CWE ID 287,[14] CWE ID 287,"CCI-000068,CCI-001453,CCI-002418,CCI-002420,CCI-002421,CCI-002422,CCI-002890,CCI-003123","CM,SC",Insufficient Data Protection,,,SC-8 Transmission Confidentiality and Integrity (P1),SC-8 Transmission Confidentiality and Integrity,"2.6.3 Look-up Secret Verifier Requirements (L2 L3),2.7.1 Out of Band Verifier Requirements (L1 L2 L3),2.7.2 Out of Band Verifier Requirements (L1 L2 L3),2.7.3 Out of Band Verifier Requirements (L1 L2 L3),2.8.4 Single or Multi Factor One Time Verifier Requirements (L2 L3),2.8.5 Single or Multi Factor One Time Verifier Requirements (L2 L3),3.7.1 Defenses Against Session Management Exploits (L1 L2 L3),6.2.1 Algorithms (L1 L2 L3),9.2.1 Server Communications Security Requirements (L2 L3),9.2.3 Server Communications Security Requirements (L2 L3)","MASVS-NETWORK-1,MASVS-PLATFORM-2",M3 Insufficient Transport Layer Protection,A6 Sensitive Data Exposure,A3 Sensitive Data Exposure,A05 Security Misconfiguration,"Requirement 4.1,Requirement 6.5.4","Requirement 4.2.1,Requirement 6.2.4","Control Objective 3.3 - Sensitive Data Retention,Control Objective 6.2 - Sensitive Data Protection,Control Objective 7 - Use of Cryptography","Control Objective 3.3 - Sensitive Data Retention,Control Objective 6.2 - Sensitive Data Protection,Control Objective 7 - Use of Cryptography,Control Objective B.2.5 - Terminal Software Design","Control Objective 3.3 - Sensitive Data Retention,Control Objective 6.2 - Sensitive Data Protection,Control Objective 7 - Use of Cryptography,Control Objective B.2.5 - Terminal Software Design,Control Objective C.4.1 - Web Software Communications",,"APSC-DV-000160 CAT II,APSC-DV-000170 CAT II,APSC-DV-001940 CAT II,APSC-DV-001950 CAT II,APSC-DV-002440 CAT I,APSC-DV-002450 CAT II,APSC-DV-002460 CAT II,APSC-DV-002470 CAT II","APSC-DV-000160 CAT II,APSC-DV-000170 CAT II,APSC-DV-001940 CAT II,APSC-DV-001950 CAT II,APSC-DV-002440 CAT I,APSC-DV-002450 CAT II,APSC-DV-002460 CAT II,APSC-DV-002470 CAT II","APSC-DV-000160 CAT II,APSC-DV-000170 CAT II,APSC-DV-001940 CAT II,APSC-DV-001950 CAT II,APSC-DV-002440 CAT I,APSC-DV-002450 CAT II,APSC-DV-002460 CAT II,APSC-DV-002470 CAT II",Insufficient Transport Layer Protection (WASC-04)
2026_SSE_mavit,1.0,Insecure Transport: External Link,enterkey.html,45,jobs/40df99ae-e5ad-41dc-a710-6bacd5341271/work/Src/Hospital-Management-System/vendor/ckeditor/samples/plugins/enterkey/enterkey.html,Medium,Security Auditor View,Medium,false,,,,,false,false,UPDATED,Tue May 26 16:32:50 CEST 2026,,false,false,false,SCA,STATIC,Content,C72A3E77-8324-4FF9-B958-74FCDDF39D17,7CFA87FB25516FAF42FC5050F85E7443,2.0,5.0,5.0,5.0,Security Features,Insecure Transport: External Link,CWE ID 297,[14] CWE ID 287,[14] CWE ID 287,"CCI-000068,CCI-001453,CCI-002418,CCI-002420,CCI-002421,CCI-002422,CCI-002890,CCI-003123","CM,SC",Insufficient Data Protection,,,SC-8 Transmission Confidentiality and Integrity (P1),SC-8 Transmission Confidentiality and Integrity,"2.6.3 Look-up Secret Verifier Requirements (L2 L3),2.7.1 Out of Band Verifier Requirements (L1 L2 L3),2.7.2 Out of Band Verifier Requirements (L1 L2 L3),2.7.3 Out of Band Verifier Requirements (L1 L2 L3),2.8.4 Single or Multi Factor One Time Verifier Requirements (L2 L3),2.8.5 Single or Multi Factor One Time Verifier Requirements (L2 L3),3.7.1 Defenses Against Session Management Exploits (L1 L2 L3),6.2.1 Algorithms (L1 L2 L3),9.2.1 Server Communications Security Requirements (L2 L3),9.2.3 Server Communications Security Requirements (L2 L3)","MASVS-NETWORK-1,MASVS-PLATFORM-2",M3 Insufficient Transport Layer Protection,A6 Sensitive Data Exposure,A3 Sensitive Data Exposure,A05 Security Misconfiguration,"Requirement 4.1,Requirement 6.5.4","Requirement 4.2.1,Requirement 6.2.4","Control Objective 3.3 - Sensitive Data Retention,Control Objective 6.2 - Sensitive Data Protection,Control Objective 7 - Use of Cryptography","Control Objective 3.3 - Sensitive Data Retention,Control Objective 6.2 - Sensitive Data Protection,Control Objective 7 - Use of Cryptography,Control Objective B.2.5 - Terminal Software Design","Control Objective 3.3 - Sensitive Data Retention,Control Objective 6.2 - Sensitive Data Protection,Control Objective 7 - Use of Cryptography,Control Objective B.2.5 - Terminal Software Design,Control Objective C.4.1 - Web Software Communications",,"APSC-DV-000160 CAT II,APSC-DV-000170 CAT II,APSC-DV-001940 CAT II,APSC-DV-001950 CAT II,APSC-DV-002440 CAT I,APSC-DV-002450 CAT II,APSC-DV-002460 CAT II,APSC-DV-002470 CAT II","APSC-DV-000160 CAT II,APSC-DV-000170 CAT II,APSC-DV-001940 CAT II,APSC-DV-001950 CAT II,APSC-DV-002440 CAT I,APSC-DV-002450 CAT II,APSC-DV-002460 CAT II,APSC-DV-002470 CAT II","APSC-DV-000160 CAT II,APSC-DV-000170 CAT II,APSC-DV-001940 CAT II,APSC-DV-001950 CAT II,APSC-DV-002440 CAT I,APSC-DV-002450 CAT II,APSC-DV-002460 CAT II,APSC-DV-002470 CAT II",Insufficient Transport Layer Protection (WASC-04)
2026_SSE_mavit,1.0,Cross-Site Request Forgery,enterkey.html,83,jobs/40df99ae-e5ad-41dc-a710-6bacd5341271/work/Src/Hospital-Management-System/vendor/ckeditor/samples/plugins/enterkey/enterkey.html,Low,Security Auditor View,Low,false,,,,,false,false,UPDATED,Tue May 26 16:32:50 CEST 2026,,false,false,false,SCA,STATIC,Content,78E0700E-56FE-45A2-A11B-6A560F730576,AEDE99A6E4312EFD2C7B1BEF5F7E9C07,2.0,0.4,2.0,5.0,Encapsulation,Cross-Site Request Forgery,CWE ID 352,[9] CWE ID 352,[9] CWE ID 352,"CCI-001310,CCI-001941,CCI-001942",,Access Violation,,,SC-23 Session Authenticity (P1),SC-23 Session Authenticity,"3.5.3 Token-based Session Management (L2 L3),4.2.2 Operation Level Access Control (L1 L2 L3),13.2.3 RESTful Web Service Verification Requirements (L1 L2 L3)",,M5 Poor Authorization and Authentication,A8 Cross-Site Request Forgery (CSRF),,A01 Broken Access Control,Requirement 6.5.9,Requirement 6.2.4,Control Objective 5.4 - Authentication and Access Control,Control Objective 5.4 - Authentication and Access Control,"Control Objective 5.4 - Authentication and Access Control,Control Objective C.2.3 - Web Software Access Controls",Insecure Interaction - CWE ID 352,"APSC-DV-001620 CAT II,APSC-DV-001630 CAT II,APSC-DV-002500 CAT II","APSC-DV-001620 CAT II,APSC-DV-001630 CAT II,APSC-DV-002500 CAT II","APSC-DV-001620 CAT II,APSC-DV-001630 CAT II,APSC-DV-002500 CAT II",Cross-Site Request Forgery (WASC-09)
2026_SSE_mavit,1.0,Insecure Transport: External Link,enterkey.html,95,jobs/40df99ae-e5ad-41dc-a710-6bacd5341271/work/Src/Hospital-Management-System/vendor/ckeditor/samples/plugins/enterkey/enterkey.html,Medium,Security Auditor View,Medium,false,,,,,false,false,UPDATED,Tue May 26 16:32:50 CEST 2026,,false,false,false,SCA,STATIC,Content,C72A3E77-8324-4FF9-B958-74FCDDF39D17,7CFA87FB25516FAF42FC5050F85E7444,2.0,5.0,5.0,5.0,Security Features,Insecure Transport: External Link,CWE ID 297,[14] CWE ID 287,[14] CWE ID 287,"CCI-000068,CCI-001453,CCI-002418,CCI-002420,CCI-002421,CCI-002422,CCI-002890,CCI-003123","CM,SC",Insufficient Data Protection,,,SC-8 Transmission Confidentiality and Integrity (P1),SC-8 Transmission Confidentiality and Integrity,"2.6.3 Look-up Secret Verifier Requirements (L2 L3),2.7.1 Out of Band Verifier Requirements (L1 L2 L3),2.7.2 Out of Band Verifier Requirements (L1 L2 L3),2.7.3 Out of Band Verifier Requirements (L1 L2 L3),2.8.4 Single or Multi Factor One Time Verifier Requirements (L2 L3),2.8.5 Single or Multi Factor One Time Verifier Requirements (L2 L3),3.7.1 Defenses Against Session Management Exploits (L1 L2 L3),6.2.1 Algorithms (L1 L2 L3),9.2.1 Server Communications Security Requirements (L2 L3),9.2.3 Server Communications Security Requirements (L2 L3)","MASVS-NETWORK-1,MASVS-PLATFORM-2",M3 Insufficient Transport Layer Protection,A6 Sensitive Data Exposure,A3 Sensitive Data Exposure,A05 Security Misconfiguration,"Requirement 4.1,Requirement 6.5.4","Requirement 4.2.1,Requirement 6.2.4","Control Objective 3.3 - Sensitive Data Retention,Control Objective 6.2 - Sensitive Data Protection,Control Objective 7 - Use of Cryptography","Control Objective 3.3 - Sensitive Data Retention,Control Objective 6.2 - Sensitive Data Protection,Control Objective 7 - Use of Cryptography,Control Objective B.2.5 - Terminal Software Design","Control Objective 3.3 - Sensitive Data Retention,Control Objective 6.2 - Sensitive Data Protection,Control Objective 7 - Use of Cryptography,Control Objective B.2.5 - Terminal Software Design,Control Objective C.4.1 - Web Software Communications",,"APSC-DV-000160 CAT II,APSC-DV-000170 CAT II,APSC-DV-001940 CAT II,APSC-DV-001950 CAT II,APSC-DV-002440 CAT I,APSC-DV-002450 CAT II,APSC-DV-002460 CAT II,APSC-DV-002470 CAT II","APSC-DV-000160 CAT II,APSC-DV-000170 CAT II,APSC-DV-001940 CAT II,APSC-DV-001950 CAT II,APSC-DV-002440 CAT I,APSC-DV-002450 CAT II,APSC-DV-002460 CAT II,APSC-DV-002470 CAT II","APSC-DV-000160 CAT II,APSC-DV-000170 CAT II,APSC-DV-001940 CAT II,APSC-DV-001950 CAT II,APSC-DV-002440 CAT I,APSC-DV-002450 CAT II,APSC-DV-002460 CAT II,APSC-DV-002470 CAT II",Insufficient Transport Layer Protection (WASC-04)
2026_SSE_mavit,1.0,Insecure Transport: External Link,enterkey.html,98,jobs/40df99ae-e5ad-41dc-a710-6bacd5341271/work/Src/Hospital-Management-System/vendor/ckeditor/samples/plugins/enterkey/enterkey.html,Medium,Security Auditor View,Medium,false,,,,,false,false,UPDATED,Tue May 26 16:32:50 CEST 2026,,false,false,false,SCA,STATIC,Content,C72A3E77-8324-4FF9-B958-74FCDDF39D17,7CFA87FB25516FAF42FC5050F85E7445,2.0,5.0,5.0,5.0,Security Features,Insecure Transport: External Link,CWE ID 297,[14] CWE ID 287,[14] CWE ID 287,"CCI-000068,CCI-001453,CCI-002418,CCI-002420,CCI-002421,CCI-002422,CCI-002890,CCI-003123","CM,SC",Insufficient Data Protection,,,SC-8 Transmission Confidentiality and Integrity (P1),SC-8 Transmission Confidentiality and Integrity,"2.6.3 Look-up Secret Verifier Requirements (L2 L3),2.7.1 Out of Band Verifier Requirements (L1 L2 L3),2.7.2 Out of Band Verifier Requirements (L1 L2 L3),2.7.3 Out of Band Verifier Requirements (L1 L2 L3),2.8.4 Single or Multi Factor One Time Verifier Requirements (L2 L3),2.8.5 Single or Multi Factor One Time Verifier Requirements (L2 L3),3.7.1 Defenses Against Session Management Exploits (L1 L2 L3),6.2.1 Algorithms (L1 L2 L3),9.2.1 Server Communications Security Requirements (L2 L3),9.2.3 Server Communications Security Requirements (L2 L3)","MASVS-NETWORK-1,MASVS-PLATFORM-2",M3 Insufficient Transport Layer Protection,A6 Sensitive Data Exposure,A3 Sensitive Data Exposure,A05 Security Misconfiguration,"Requirement 4.1,Requirement 6.5.4","Requirement 4.2.1,Requirement 6.2.4","Control Objective 3.3 - Sensitive Data Retention,Control Objective 6.2 - Sensitive Data Protection,Control Objective 7 - Use of Cryptography","Control Objective 3.3 - Sensitive Data Retention,Control Objective 6.2 - Sensitive Data Protection,Control Objective 7 - Use of Cryptography,Control Objective B.2.5 - Terminal Software Design","Control Objective 3.3 - Sensitive Data Retention,Control Objective 6.2 - Sensitive Data Protection,Control Objective 7 - Use of Cryptography,Control Objective B.2.5 - Terminal Software Design,Control Objective C.4.1 - Web Software Communications",,"APSC-DV-000160 CAT II,APSC-DV-000170 CAT II,APSC-DV-001940 CAT II,APSC-DV-001950 CAT II,APSC-DV-002440 CAT I,APSC-DV-002450 CAT II,APSC-DV-002460 CAT II,APSC-DV-002470 CAT II","APSC-DV-000160 CAT II,APSC-DV-000170 CAT II,APSC-DV-001940 CAT II,APSC-DV-001950 CAT II,APSC-DV-002440 CAT I,APSC-DV-002450 CAT II,APSC-DV-002460 CAT II,APSC-DV-002470 CAT II","APSC-DV-000160 CAT II,APSC-DV-000170 CAT II,APSC-DV-001940 CAT II,APSC-DV-001950 CAT II,APSC-DV-002440 CAT I,APSC-DV-002450 CAT II,APSC-DV-002460 CAT II,APSC-DV-002470 CAT II",Insufficient Transport Layer Protection (WASC-04)
2026_SSE_mavit,1.0,Hardcoded Domain in HTML,error.php,23,jobs/40df99ae-e5ad-41dc-a710-6bacd5341271/work/Src/Hospital-Management-System/error.php,Low,Security Auditor View,Low,false,,,,,false,false,UPDATED,Tue May 26 16:32:50 CEST 2026,,false,false,false,SCA,STATIC,Content,C01B6A50-1224-4062-AA16-C3683C44502E,5ADB5F9DDBB7117880C7463146600DEC,1.0,0.6,2.0,5.0,Encapsulation,Hardcoded Domain in HTML,"CWE ID 494,CWE ID 829",,,CCI-001167,,Indirect Access to Sensitive Data,,,SC-18 Mobile Code (P2),SC-18 Mobile Code,"1.14.2 Configuration Architectural Requirements (L2 L3),5.3.9 Output Encoding and Injection Prevention Requirements (L1 L2 L3),10.3.2 Deployed Application Integrity Controls (L1 L2 L3),12.3.3 File Execution Requirements (L1 L2 L3),12.3.6 File Execution Requirements (L2 L3),14.2.3 Dependency (L1 L2 L3),14.2.4 Dependency (L2 L3)",MASVS-PLATFORM-2,M7 Client Side Injection,,,,,,,,,,APSC-DV-003300 CAT II,APSC-DV-003300 CAT II,APSC-DV-003300 CAT II,Insufficient Process Validation (WASC-40)
2026_SSE_mavit,1.0,Hardcoded Domain in HTML,error.php,24,jobs/40df99ae-e5ad-41dc-a710-6bacd5341271/work/Src/Hospital-Management-System/error.php,Low,Security Auditor View,Low,false,,,,,false,false,UPDATED,Tue May 26 16:32:50 CEST 2026,,false,false,false,SCA,STATIC,Content,C01B6A50-1224-4062-AA16-C3683C44502E,5ADB5F9DDBB7117880C7463146600DED,1.0,0.6,2.0,5.0,Encapsulation,Hardcoded Domain in HTML,"CWE ID 494,CWE ID 829",,,CCI-001167,,Indirect Access to Sensitive Data,,,SC-18 Mobile Code (P2),SC-18 Mobile Code,"1.14.2 Configuration Architectural Requirements (L2 L3),5.3.9 Output Encoding and Injection Prevention Requirements (L1 L2 L3),10.3.2 Deployed Application Integrity Controls (L1 L2 L3),12.3.3 File Execution Requirements (L1 L2 L3),12.3.6 File Execution Requirements (L2 L3),14.2.3 Dependency (L1 L2 L3),14.2.4 Dependency (L2 L3)",MASVS-PLATFORM-2,M7 Client Side Injection,,,,,,,,,,APSC-DV-003300 CAT II,APSC-DV-003300 CAT II,APSC-DV-003300 CAT II,Insufficient Process Validation (WASC-40)
2026_SSE_mavit,1.0,Hardcoded Domain in HTML,error.php,25,jobs/40df99ae-e5ad-41dc-a710-6bacd5341271/work/Src/Hospital-Management-System/error.php,Low,Security Auditor View,Low,false,,,,,false,false,UPDATED,Tue May 26 16:32:50 CEST 2026,,false,false,false,SCA,STATIC,Content,C01B6A50-1224-4062-AA16-C3683C44502E,5ADB5F9DDBB7117880C7463146600DEE,1.0,0.6,2.0,5.0,Encapsulation,Hardcoded Domain in HTML,"CWE ID 494,CWE ID 829",,,CCI-001167,,Indirect Access to Sensitive Data,,,SC-18 Mobile Code (P2),SC-18 Mobile Code,"1.14.2 Configuration Architectural Requirements (L2 L3),5.3.9 Output Encoding and Injection Prevention Requirements (L1 L2 L3),10.3.2 Deployed Application Integrity Controls (L1 L2 L3),12.3.3 File Execution Requirements (L1 L2 L3),12.3.6 File Execution Requirements (L2 L3),14.2.3 Dependency (L1 L2 L3),14.2.4 Dependency (L2 L3)",MASVS-PLATFORM-2,M7 Client Side Injection,,,,,,,,,,APSC-DV-003300 CAT II,APSC-DV-003300 CAT II,APSC-DV-003300 CAT II,Insufficient Process Validation (WASC-40)
2026_SSE_mavit,1.0,Hardcoded Domain in HTML,error1.php,23,jobs/40df99ae-e5ad-41dc-a710-6bacd5341271/work/Src/Hospital-Management-System/error1.php,Low,Security Auditor View,Low,false,,,,,false,false,UPDATED,Tue May 26 16:32:50 CEST 2026,,false,false,false,SCA,STATIC,Content,C01B6A50-1224-4062-AA16-C3683C44502E,EE0851007BFA7D96C51BED8139F5D7C5,1.0,0.6,2.0,5.0,Encapsulation,Hardcoded Domain in HTML,"CWE ID 494,CWE ID 829",,,CCI-001167,,Indirect Access to Sensitive Data,,,SC-18 Mobile Code (P2),SC-18 Mobile Code,"1.14.2 Configuration Architectural Requirements (L2 L3),5.3.9 Output Encoding and Injection Prevention Requirements (L1 L2 L3),10.3.2 Deployed Application Integrity Controls (L1 L2 L3),12.3.3 File Execution Requirements (L1 L2 L3),12.3.6 File Execution Requirements (L2 L3),14.2.3 Dependency (L1 L2 L3),14.2.4 Dependency (L2 L3)",MASVS-PLATFORM-2,M7 Client Side Injection,,,,,,,,,,APSC-DV-003300 CAT II,APSC-DV-003300 CAT II,APSC-DV-003300 CAT II,Insufficient Process Validation (WASC-40)
2026_SSE_mavit,1.0,Hardcoded Domain in HTML,error1.php,24,jobs/40df99ae-e5ad-41dc-a710-6bacd5341271/work/Src/Hospital-Management-System/error1.php,Low,Security Auditor View,Low,false,,,,,false,false,UPDATED,Tue May 26 16:32:50 CEST 2026,,false,false,false,SCA,STATIC,Content,C01B6A50-1224-4062-AA16-C3683C44502E,EE0851007BFA7D96C51BED8139F5D7C6,1.0,0.6,2.0,5.0,Encapsulation,Hardcoded Domain in HTML,"CWE ID 494,CWE ID 829",,,CCI-001167,,Indirect Access to Sensitive Data,,,SC-18 Mobile Code (P2),SC-18 Mobile Code,"1.14.2 Configuration Architectural Requirements (L2 L3),5.3.9 Output Encoding and Injection Prevention Requirements (L1 L2 L3),10.3.2 Deployed Application Integrity Controls (L1 L2 L3),12.3.3 File Execution Requirements (L1 L2 L3),12.3.6 File Execution Requirements (L2 L3),14.2.3 Dependency (L1 L2 L3),14.2.4 Dependency (L2 L3)",MASVS-PLATFORM-2,M7 Client Side Injection,,,,,,,,,,APSC-DV-003300 CAT II,APSC-DV-003300 CAT II,APSC-DV-003300 CAT II,Insufficient Process Validation (WASC-40)
2026_SSE_mavit,1.0,Hardcoded Domain in HTML,error1.php,25,jobs/40df99ae-e5ad-41dc-a710-6bacd5341271/work/Src/Hospital-Management-System/error1.php,Low,Security Auditor View,Low,false,,,,,false,false,UPDATED,Tue May 26 16:32:50 CEST 2026,,false,false,false,SCA,STATIC,Content,C01B6A50-1224-4062-AA16-C3683C44502E,EE0851007BFA7D96C51BED8139F5D7C7,1.0,0.6,2.0,5.0,Encapsulation,Hardcoded Domain in HTML,"CWE ID 494,CWE ID 829",,,CCI-001167,,Indirect Access to Sensitive Data,,,SC-18 Mobile Code (P2),SC-18 Mobile Code,"1.14.2 Configuration Architectural Requirements (L2 L3),5.3.9 Output Encoding and Injection Prevention Requirements (L1 L2 L3),10.3.2 Deployed Application Integrity Controls (L1 L2 L3),12.3.3 File Execution Requirements (L1 L2 L3),12.3.6 File Execution Requirements (L2 L3),14.2.3 Dependency (L1 L2 L3),14.2.4 Dependency (L2 L3)",MASVS-PLATFORM-2,M7 Client Side Injection,,,,,,,,,,APSC-DV-003300 CAT II,APSC-DV-003300 CAT II,APSC-DV-003300 CAT II,Insufficient Process Validation (WASC-40)
2026_SSE_mavit,1.0,Hardcoded Domain in HTML,error2.php,23,jobs/40df99ae-e5ad-41dc-a710-6bacd5341271/work/Src/Hospital-Management-System/error2.php,Low,Security Auditor View,Low,false,,,,,false,false,UPDATED,Tue May 26 16:32:50 CEST 2026,,false,false,false,SCA,STATIC,Content,C01B6A50-1224-4062-AA16-C3683C44502E,CA40EEBC057E8C846F7568CA76082688,1.0,0.6,2.0,5.0,Encapsulation,Hardcoded Domain in HTML,"CWE ID 494,CWE ID 829",,,CCI-001167,,Indirect Access to Sensitive Data,,,SC-18 Mobile Code (P2),SC-18 Mobile Code,"1.14.2 Configuration Architectural Requirements (L2 L3),5.3.9 Output Encoding and Injection Prevention Requirements (L1 L2 L3),10.3.2 Deployed Application Integrity Controls (L1 L2 L3),12.3.3 File Execution Requirements (L1 L2 L3),12.3.6 File Execution Requirements (L2 L3),14.2.3 Dependency (L1 L2 L3),14.2.4 Dependency (L2 L3)",MASVS-PLATFORM-2,M7 Client Side Injection,,,,,,,,,,APSC-DV-003300 CAT II,APSC-DV-003300 CAT II,APSC-DV-003300 CAT II,Insufficient Process Validation (WASC-40)
2026_SSE_mavit,1.0,Hardcoded Domain in HTML,error2.php,24,jobs/40df99ae-e5ad-41dc-a710-6bacd5341271/work/Src/Hospital-Management-System/error2.php,Low,Security Auditor View,Low,false,,,,,false,false,UPDATED,Tue May 26 16:32:50 CEST 2026,,false,false,false,SCA,STATIC,Content,C01B6A50-1224-4062-AA16-C3683C44502E,CA40EEBC057E8C846F7568CA76082689,1.0,0.6,2.0,5.0,Encapsulation,Hardcoded Domain in HTML,"CWE ID 494,CWE ID 829",,,CCI-001167,,Indirect Access to Sensitive Data,,,SC-18 Mobile Code (P2),SC-18 Mobile Code,"1.14.2 Configuration Architectural Requirements (L2 L3),5.3.9 Output Encoding and Injection Prevention Requirements (L1 L2 L3),10.3.2 Deployed Application Integrity Controls (L1 L2 L3),12.3.3 File Execution Requirements (L1 L2 L3),12.3.6 File Execution Requirements (L2 L3),14.2.3 Dependency (L1 L2 L3),14.2.4 Dependency (L2 L3)",MASVS-PLATFORM-2,M7 Client Side Injection,,,,,,,,,,APSC-DV-003300 CAT II,APSC-DV-003300 CAT II,APSC-DV-003300 CAT II,Insufficient Process Validation (WASC-40)
2026_SSE_mavit,1.0,Hardcoded Domain in HTML,error2.php,25,jobs/40df99ae-e5ad-41dc-a710-6bacd5341271/work/Src/Hospital-Management-System/error2.php,Low,Security Auditor View,Low,false,,,,,false,false,UPDATED,Tue May 26 16:32:50 CEST 2026,,false,false,false,SCA,STATIC,Content,C01B6A50-1224-4062-AA16-C3683C44502E,CA40EEBC057E8C846F7568CA7608268A,1.0,0.6,2.0,5.0,Encapsulation,Hardcoded Domain in HTML,"CWE ID 494,CWE ID 829",,,CCI-001167,,Indirect Access to Sensitive Data,,,SC-18 Mobile Code (P2),SC-18 Mobile Code,"1.14.2 Configuration Architectural Requirements (L2 L3),5.3.9 Output Encoding and Injection Prevention Requirements (L1 L2 L3),10.3.2 Deployed Application Integrity Controls (L1 L2 L3),12.3.3 File Execution Requirements (L1 L2 L3),12.3.6 File Execution Requirements (L2 L3),14.2.3 Dependency (L1 L2 L3),14.2.4 Dependency (L2 L3)",MASVS-PLATFORM-2,M7 Client Side Injection,,,,,,,,,,APSC-DV-003300 CAT II,APSC-DV-003300 CAT II,APSC-DV-003300 CAT II,Insufficient Process Validation (WASC-40)
2026_SSE_mavit,1.0,Password Management: Password in Comment,example_016.php,36,jobs/40df99ae-e5ad-41dc-a710-6bacd5341271/work/Src/Hospital-Management-System/TCPDF/examples/example_016.php,Low,Security Auditor View,Low,false,,,,,false,false,UPDATED,Tue May 26 16:32:50 CEST 2026,,false,false,false,SCA,STATIC,Structural,EBD3CC88-4CF9-440F-9831-0298A2027911,6656E96B6F1548C73EC097B1E9B99771,2.0,0.6,2.0,5.0,Security Features,Password Management: Password in Comment,CWE ID 615,,,"CCI-000196,CCI-001199,CCI-002367",IA,Insufficient Data Protection,,,SC-28 Protection of Information at Rest (P1),SC-28 Protection of Information at Rest,,MASVS-STORAGE-1,M2 Insecure Data Storage,A6 Sensitive Data Exposure,A3 Sensitive Data Exposure,A05 Security Misconfiguration,"Requirement 6.3.1,Requirement 6.5.3,Requirement 8.2.1","Requirement 3.2.1,Requirement 6.2.4,Requirement 6.5.3,Requirement 6.5.6","Control Objective 6.1 - Sensitive Data Protection,Control Objective 7 - Use of Cryptography","Control Objective 6.1 - Sensitive Data Protection,Control Objective 7 - Use of Cryptography","Control Objective 6.1 - Sensitive Data Protection,Control Objective 7 - Use of Cryptography",,"APSC-DV-001740 CAT I,APSC-DV-002330 CAT II,APSC-DV-003110 CAT I","APSC-DV-001740 CAT I,APSC-DV-002330 CAT II,APSC-DV-003110 CAT I","APSC-DV-001740 CAT I,APSC-DV-002330 CAT II,APSC-DV-003110 CAT I",Information Leakage (WASC-13)
2026_SSE_mavit,1.0,Password Management: Password in Comment,example_016.php,68,jobs/40df99ae-e5ad-41dc-a710-6bacd5341271/work/Src/Hospital-Management-System/TCPDF/examples/example_016.php,Low,Security Auditor View,Low,false,,,,,false,false,UPDATED,Tue May 26 16:32:50 CEST 2026,,false,false,false,SCA,STATIC,Structural,EBD3CC88-4CF9-440F-9831-0298A2027911,E8998192591C283EE36F94910B7C983E,2.0,0.6,2.0,5.0,Security Features,Password Management: Password in Comment,CWE ID 615,,,"CCI-000196,CCI-001199,CCI-002367",IA,Insufficient Data Protection,,,SC-28 Protection of Information at Rest (P1),SC-28 Protection of Information at Rest,,MASVS-STORAGE-1,M2 Insecure Data Storage,A6 Sensitive Data Exposure,A3 Sensitive Data Exposure,A05 Security Misconfiguration,"Requirement 6.3.1,Requirement 6.5.3,Requirement 8.2.1","Requirement 3.2.1,Requirement 6.2.4,Requirement 6.5.3,Requirement 6.5.6","Control Objective 6.1 - Sensitive Data Protection,Control Objective 7 - Use of Cryptography","Control Objective 6.1 - Sensitive Data Protection,Control Objective 7 - Use of Cryptography","Control Objective 6.1 - Sensitive Data Protection,Control Objective 7 - Use of Cryptography",,"APSC-DV-001740 CAT I,APSC-DV-002330 CAT II,APSC-DV-003110 CAT I","APSC-DV-001740 CAT I,APSC-DV-002330 CAT II,APSC-DV-003110 CAT I","APSC-DV-001740 CAT I,APSC-DV-002330 CAT II,APSC-DV-003110 CAT I",Information Leakage (WASC-13)
2026_SSE_mavit,1.0,Cross-Site Scripting: Self,form-wizard.js,80,jobs/40df99ae-e5ad-41dc-a710-6bacd5341271/work/Src/Hospital-Management-System/assets/js/form-wizard.js,Low,Security Auditor View,Low,false,,,,,false,false,UPDATED,Tue May 26 16:32:50 CEST 2026,,false,false,false,SCA,STATIC,Data Flow,DC3F89AC-789C-4396-AC33-6DB5319196A30,45E4689FADDE79FAE13C5DE59195F41A,1.0,0.184,2.0,4.61,Input Validation and Representation,Cross-Site Scripting: Self,"CWE ID 79,CWE ID 80",[2] CWE ID 079,[2] CWE ID 079,"CCI-001310,CCI-002754",SI,Indirect Access to Sensitive Data,,,SI-10 Information Input Validation (P1),SI-10 Information Input Validation,"5.3.3 Output Encoding and Injection Prevention Requirements (L1 L2 L3),5.3.6 Output Encoding and Injection Prevention Requirements (L1 L2 L3)",MASVS-CODE-4,M7 Client Side Injection,A3 Cross-Site Scripting (XSS),A7 Cross-Site Scripting (XSS),A03 Injection,Requirement 6.5.7,Requirement 6.2.4,Control Objective 4.2 - Critical Asset Protection,"Control Objective 4.2 - Critical Asset Protection,Control Objective B.3.1 - Terminal Software Attack Mitigation,Control Objective B.3.1.1 - Terminal Software Attack Mitigation","Control Objective 4.2 - Critical Asset Protection,Control Objective B.3.1 - Terminal Software Attack Mitigation,Control Objective B.3.1.1 - Terminal Software Attack Mitigation,Control Objective C.3.2 - Web Software Attack Mitigation",Insecure Interaction - CWE ID 079,"APSC-DV-002490 CAT I,APSC-DV-002560 CAT I","APSC-DV-002490 CAT I,APSC-DV-002560 CAT I","APSC-DV-002490 CAT I,APSC-DV-002560 CAT I",Cross-Site Scripting (WASC-08)
2026_SSE_mavit,1.0,Cross-Site Scripting: Self,form-wizard.js,80,jobs/40df99ae-e5ad-41dc-a710-6bacd5341271/work/Src/Hospital-Management-System/assets/js/form-wizard.js,Low,Security Auditor View,Low,false,,,,,false,false,UPDATED,Tue May 26 16:32:50 CEST 2026,,false,false,false,SCA,STATIC,Data Flow,DC3F89AC-789C-4396-AC33-6DB5319196A30,677A6A0CF602163DCDD0FE0D8417AFE0,1.0,0.184,2.0,4.61,Input Validation and Representation,Cross-Site Scripting: Self,"CWE ID 79,CWE ID 80",[2] CWE ID 079,[2] CWE ID 079,"CCI-001310,CCI-002754",SI,Indirect Access to Sensitive Data,,,SI-10 Information Input Validation (P1),SI-10 Information Input Validation,"5.3.3 Output Encoding and Injection Prevention Requirements (L1 L2 L3),5.3.6 Output Encoding and Injection Prevention Requirements (L1 L2 L3)",MASVS-CODE-4,M7 Client Side Injection,A3 Cross-Site Scripting (XSS),A7 Cross-Site Scripting (XSS),A03 Injection,Requirement 6.5.7,Requirement 6.2.4,Control Objective 4.2 - Critical Asset Protection,"Control Objective 4.2 - Critical Asset Protection,Control Objective B.3.1 - Terminal Software Attack Mitigation,Control Objective B.3.1.1 - Terminal Software Attack Mitigation","Control Objective 4.2 - Critical Asset Protection,Control Objective B.3.1 - Terminal Software Attack Mitigation,Control Objective B.3.1.1 - Terminal Software Attack Mitigation,Control Objective C.3.2 - Web Software Attack Mitigation",Insecure Interaction - CWE ID 079,"APSC-DV-002490 CAT I,APSC-DV-002560 CAT I","APSC-DV-002490 CAT I,APSC-DV-002560 CAT I","APSC-DV-002490 CAT I,APSC-DV-002560 CAT I",Cross-Site Scripting (WASC-08)
2026_SSE_mavit,1.0,Cross-Site Request Forgery,fullpage.html,45,jobs/40df99ae-e5ad-41dc-a710-6bacd5341271/work/Src/Hospital-Management-System/vendor/ckeditor/samples/plugins/wysiwygarea/fullpage.html,Low,Security Auditor View,Low,false,,,,,false,false,UPDATED,Tue May 26 16:32:50 CEST 2026,,false,false,false,SCA,STATIC,Content,78E0700E-56FE-45A2-A11B-6A560F730576,D86B76C02A00D690AFABD80844AC58F8,2.0,0.4,2.0,5.0,Encapsulation,Cross-Site Request Forgery,CWE ID 352,[9] CWE ID 352,[9] CWE ID 352,"CCI-001310,CCI-001941,CCI-001942",,Access Violation,,,SC-23 Session Authenticity (P1),SC-23 Session Authenticity,"3.5.3 Token-based Session Management (L2 L3),4.2.2 Operation Level Access Control (L1 L2 L3),13.2.3 RESTful Web Service Verification Requirements (L1 L2 L3)",,M5 Poor Authorization and Authentication,A8 Cross-Site Request Forgery (CSRF),,A01 Broken Access Control,Requirement 6.5.9,Requirement 6.2.4,Control Objective 5.4 - Authentication and Access Control,Control Objective 5.4 - Authentication and Access Control,"Control Objective 5.4 - Authentication and Access Control,Control Objective C.2.3 - Web Software Access Controls",Insecure Interaction - CWE ID 352,"APSC-DV-001620 CAT II,APSC-DV-001630 CAT II,APSC-DV-002500 CAT II","APSC-DV-001620 CAT II,APSC-DV-001630 CAT II,APSC-DV-002500 CAT II","APSC-DV-001620 CAT II,APSC-DV-001630 CAT II,APSC-DV-002500 CAT II",Cross-Site Request Forgery (WASC-09)
2026_SSE_mavit,1.0,Insecure Transport: External Link,fullpage.html,69,jobs/40df99ae-e5ad-41dc-a710-6bacd5341271/work/Src/Hospital-Management-System/vendor/ckeditor/samples/plugins/wysiwygarea/fullpage.html,Medium,Security Auditor View,Medium,false,,,,,false,false,UPDATED,Tue May 26 16:32:50 CEST 2026,,false,false,false,SCA,STATIC,Content,C72A3E77-8324-4FF9-B958-74FCDDF39D17,89A436611F1AC656EC4338ABDDB723C8,2.0,5.0,5.0,5.0,Security Features,Insecure Transport: External Link,CWE ID 297,[14] CWE ID 287,[14] CWE ID 287,"CCI-000068,CCI-001453,CCI-002418,CCI-002420,CCI-002421,CCI-002422,CCI-002890,CCI-003123","CM,SC",Insufficient Data Protection,,,SC-8 Transmission Confidentiality and Integrity (P1),SC-8 Transmission Confidentiality and Integrity,"2.6.3 Look-up Secret Verifier Requirements (L2 L3),2.7.1 Out of Band Verifier Requirements (L1 L2 L3),2.7.2 Out of Band Verifier Requirements (L1 L2 L3),2.7.3 Out of Band Verifier Requirements (L1 L2 L3),2.8.4 Single or Multi Factor One Time Verifier Requirements (L2 L3),2.8.5 Single or Multi Factor One Time Verifier Requirements (L2 L3),3.7.1 Defenses Against Session Management Exploits (L1 L2 L3),6.2.1 Algorithms (L1 L2 L3),9.2.1 Server Communications Security Requirements (L2 L3),9.2.3 Server Communications Security Requirements (L2 L3)","MASVS-NETWORK-1,MASVS-PLATFORM-2",M3 Insufficient Transport Layer Protection,A6 Sensitive Data Exposure,A3 Sensitive Data Exposure,A05 Security Misconfiguration,"Requirement 4.1,Requirement 6.5.4","Requirement 4.2.1,Requirement 6.2.4","Control Objective 3.3 - Sensitive Data Retention,Control Objective 6.2 - Sensitive Data Protection,Control Objective 7 - Use of Cryptography","Control Objective 3.3 - Sensitive Data Retention,Control Objective 6.2 - Sensitive Data Protection,Control Objective 7 - Use of Cryptography,Control Objective B.2.5 - Terminal Software Design","Control Objective 3.3 - Sensitive Data Retention,Control Objective 6.2 - Sensitive Data Protection,Control Objective 7 - Use of Cryptography,Control Objective B.2.5 - Terminal Software Design,Control Objective C.4.1 - Web Software Communications",,"APSC-DV-000160 CAT II,APSC-DV-000170 CAT II,APSC-DV-001940 CAT II,APSC-DV-001950 CAT II,APSC-DV-002440 CAT I,APSC-DV-002450 CAT II,APSC-DV-002460 CAT II,APSC-DV-002470 CAT II","APSC-DV-000160 CAT II,APSC-DV-000170 CAT II,APSC-DV-001940 CAT II,APSC-DV-001950 CAT II,APSC-DV-002440 CAT I,APSC-DV-002450 CAT II,APSC-DV-002460 CAT II,APSC-DV-002470 CAT II","APSC-DV-000160 CAT II,APSC-DV-000170 CAT II,APSC-DV-001940 CAT II,APSC-DV-001950 CAT II,APSC-DV-002440 CAT I,APSC-DV-002450 CAT II,APSC-DV-002460 CAT II,APSC-DV-002470 CAT II",Insufficient Transport Layer Protection (WASC-04)
2026_SSE_mavit,1.0,Insecure Transport: External Link,fullpage.html,72,jobs/40df99ae-e5ad-41dc-a710-6bacd5341271/work/Src/Hospital-Management-System/vendor/ckeditor/samples/plugins/wysiwygarea/fullpage.html,Medium,Security Auditor View,Medium,false,,,,,false,false,UPDATED,Tue May 26 16:32:50 CEST 2026,,false,false,false,SCA,STATIC,Content,C72A3E77-8324-4FF9-B958-74FCDDF39D17,89A436611F1AC656EC4338ABDDB723C9,2.0,5.0,5.0,5.0,Security Features,Insecure Transport: External Link,CWE ID 297,[14] CWE ID 287,[14] CWE ID 287,"CCI-000068,CCI-001453,CCI-002418,CCI-002420,CCI-002421,CCI-002422,CCI-002890,CCI-003123","CM,SC",Insufficient Data Protection,,,SC-8 Transmission Confidentiality and Integrity (P1),SC-8 Transmission Confidentiality and Integrity,"2.6.3 Look-up Secret Verifier Requirements (L2 L3),2.7.1 Out of Band Verifier Requirements (L1 L2 L3),2.7.2 Out of Band Verifier Requirements (L1 L2 L3),2.7.3 Out of Band Verifier Requirements (L1 L2 L3),2.8.4 Single or Multi Factor One Time Verifier Requirements (L2 L3),2.8.5 Single or Multi Factor One Time Verifier Requirements (L2 L3),3.7.1 Defenses Against Session Management Exploits (L1 L2 L3),6.2.1 Algorithms (L1 L2 L3),9.2.1 Server Communications Security Requirements (L2 L3),9.2.3 Server Communications Security Requirements (L2 L3)","MASVS-NETWORK-1,MASVS-PLATFORM-2",M3 Insufficient Transport Layer Protection,A6 Sensitive Data Exposure,A3 Sensitive Data Exposure,A05 Security Misconfiguration,"Requirement 4.1,Requirement 6.5.4","Requirement 4.2.1,Requirement 6.2.4","Control Objective 3.3 - Sensitive Data Retention,Control Objective 6.2 - Sensitive Data Protection,Control Objective 7 - Use of Cryptography","Control Objective 3.3 - Sensitive Data Retention,Control Objective 6.2 - Sensitive Data Protection,Control Objective 7 - Use of Cryptography,Control Objective B.2.5 - Terminal Software Design","Control Objective 3.3 - Sensitive Data Retention,Control Objective 6.2 - Sensitive Data Protection,Control Objective 7 - Use of Cryptography,Control Objective B.2.5 - Terminal Software Design,Control Objective C.4.1 - Web Software Communications",,"APSC-DV-000160 CAT II,APSC-DV-000170 CAT II,APSC-DV-001940 CAT II,APSC-DV-001950 CAT II,APSC-DV-002440 CAT I,APSC-DV-002450 CAT II,APSC-DV-002460 CAT II,APSC-DV-002470 CAT II","APSC-DV-000160 CAT II,APSC-DV-000170 CAT II,APSC-DV-001940 CAT II,APSC-DV-001950 CAT II,APSC-DV-002440 CAT I,APSC-DV-002450 CAT II,APSC-DV-002460 CAT II,APSC-DV-002470 CAT II","APSC-DV-000160 CAT II,APSC-DV-000170 CAT II,APSC-DV-001940 CAT II,APSC-DV-001950 CAT II,APSC-DV-002440 CAT I,APSC-DV-002450 CAT II,APSC-DV-002460 CAT II,APSC-DV-002470 CAT II",Insufficient Transport Layer Protection (WASC-04)
2026_SSE_mavit,1.0,SQL Injection,func.php,8,jobs/40df99ae-e5ad-41dc-a710-6bacd5341271/work/Src/Hospital-Management-System/func.php,Critical,Security Auditor View,Critical,false,,,,,false,false,UPDATED,Tue May 26 16:32:50 CEST 2026,,false,false,false,SCA,STATIC,Data Flow,FF858C20-4BCD-4EBA-8DBA-F1502AB06D2E,06AF53CCFC798E3B03A2509D8FB198F9,5.0,5.0,4.0,5.0,Input Validation and Representation,SQL Injection,CWE ID 89,[6] CWE ID 089,[3] CWE ID 089,"CCI-001310,CCI-002754",SI,Indirect Access to Sensitive Data,Rule 1.3,Rule 0-3-1,SI-10 Information Input Validation (P1),SI-10 Information Input Validation,"5.3.4 Output Encoding and Injection Prevention Requirements (L1 L2 L3),5.3.5 Output Encoding and Injection Prevention Requirements (L1 L2 L3)",MASVS-CODE-4,M7 Client Side Injection,A1 Injection,A1 Injection,A03 Injection,Requirement 6.5.1,Requirement 6.2.4,Control Objective 4.2 - Critical Asset Protection,"Control Objective 4.2 - Critical Asset Protection,Control Objective B.3.1 - Terminal Software Attack Mitigation,Control Objective B.3.1.1 - Terminal Software Attack Mitigation","Control Objective 4.2 - Critical Asset Protection,Control Objective B.3.1 - Terminal Software Attack Mitigation,Control Objective B.3.1.1 - Terminal Software Attack Mitigation,Control Objective C.3.2 - Web Software Attack Mitigation",Insecure Interaction - CWE ID 089,"APSC-DV-002540 CAT I,APSC-DV-002560 CAT I","APSC-DV-002540 CAT I,APSC-DV-002560 CAT I","APSC-DV-002540 CAT I,APSC-DV-002560 CAT I",SQL Injection (WASC-19)
2026_SSE_mavit,1.0,SQL Injection,func.php,8,jobs/40df99ae-e5ad-41dc-a710-6bacd5341271/work/Src/Hospital-Management-System/func.php,Critical,Security Auditor View,Critical,false,,,,,false,false,UPDATED,Tue May 26 16:32:50 CEST 2026,,false,false,false,SCA,STATIC,Data Flow,FF858C20-4BCD-4EBA-8DBA-F1502AB06D2E,D12247836C0B616DC930D32CFC8A7F05,5.0,5.0,4.0,5.0,Input Validation and Representation,SQL Injection,CWE ID 89,[6] CWE ID 089,[3] CWE ID 089,"CCI-001310,CCI-002754",SI,Indirect Access to Sensitive Data,Rule 1.3,Rule 0-3-1,SI-10 Information Input Validation (P1),SI-10 Information Input Validation,"5.3.4 Output Encoding and Injection Prevention Requirements (L1 L2 L3),5.3.5 Output Encoding and Injection Prevention Requirements (L1 L2 L3)",MASVS-CODE-4,M7 Client Side Injection,A1 Injection,A1 Injection,A03 Injection,Requirement 6.5.1,Requirement 6.2.4,Control Objective 4.2 - Critical Asset Protection,"Control Objective 4.2 - Critical Asset Protection,Control Objective B.3.1 - Terminal Software Attack Mitigation,Control Objective B.3.1.1 - Terminal Software Attack Mitigation","Control Objective 4.2 - Critical Asset Protection,Control Objective B.3.1 - Terminal Software Attack Mitigation,Control Objective B.3.1.1 - Terminal Software Attack Mitigation,Control Objective C.3.2 - Web Software Attack Mitigation",Insecure Interaction - CWE ID 089,"APSC-DV-002540 CAT I,APSC-DV-002560 CAT I","APSC-DV-002540 CAT I,APSC-DV-002560 CAT I","APSC-DV-002540 CAT I,APSC-DV-002560 CAT I",SQL Injection (WASC-19)
2026_SSE_mavit,1.0,SQL Injection,func.php,8,jobs/40df99ae-e5ad-41dc-a710-6bacd5341271/work/Src/Hospital-Management-System/func.php,Critical,Security Auditor View,Critical,false,,,,,false,false,UPDATED,Tue May 26 16:32:50 CEST 2026,,false,false,false,SCA,STATIC,Data Flow,FF858C20-4BCD-4EBA-8DBA-F1502AB06D2E,DE565390D1196E75514C63094B07BDD7,5.0,5.0,4.0,5.0,Input Validation and Representation,SQL Injection,CWE ID 89,[6] CWE ID 089,[3] CWE ID 089,"CCI-001310,CCI-002754",SI,Indirect Access to Sensitive Data,Rule 1.3,Rule 0-3-1,SI-10 Information Input Validation (P1),SI-10 Information Input Validation,"5.3.4 Output Encoding and Injection Prevention Requirements (L1 L2 L3),5.3.5 Output Encoding and Injection Prevention Requirements (L1 L2 L3)",MASVS-CODE-4,M7 Client Side Injection,A1 Injection,A1 Injection,A03 Injection,Requirement 6.5.1,Requirement 6.2.4,Control Objective 4.2 - Critical Asset Protection,"Control Objective 4.2 - Critical Asset Protection,Control Objective B.3.1 - Terminal Software Attack Mitigation,Control Objective B.3.1.1 - Terminal Software Attack Mitigation","Control Objective 4.2 - Critical Asset Protection,Control Objective B.3.1 - Terminal Software Attack Mitigation,Control Objective B.3.1.1 - Terminal Software Attack Mitigation,Control Objective C.3.2 - Web Software Attack Mitigation",Insecure Interaction - CWE ID 089,"APSC-DV-002540 CAT I,APSC-DV-002560 CAT I","APSC-DV-002540 CAT I,APSC-DV-002560 CAT I","APSC-DV-002540 CAT I,APSC-DV-002560 CAT I",SQL Injection (WASC-19)
2026_SSE_mavit,1.0,SQL Injection,func.php,8,jobs/40df99ae-e5ad-41dc-a710-6bacd5341271/work/Src/Hospital-Management-System/func.php,Critical,Security Auditor View,Critical,false,,,,,false,false,UPDATED,Tue May 26 16:32:50 CEST 2026,,false,false,false,SCA,STATIC,Data Flow,FF858C20-4BCD-4EBA-8DBA-F1502AB06D2E,F67C3B93385BCBE7674D676A03B3CCB9,5.0,5.0,4.0,5.0,Input Validation and Representation,SQL Injection,CWE ID 89,[6] CWE ID 089,[3] CWE ID 089,"CCI-001310,CCI-002754",SI,Indirect Access to Sensitive Data,Rule 1.3,Rule 0-3-1,SI-10 Information Input Validation (P1),SI-10 Information Input Validation,"5.3.4 Output Encoding and Injection Prevention Requirements (L1 L2 L3),5.3.5 Output Encoding and Injection Prevention Requirements (L1 L2 L3)",MASVS-CODE-4,M7 Client Side Injection,A1 Injection,A1 Injection,A03 Injection,Requirement 6.5.1,Requirement 6.2.4,Control Objective 4.2 - Critical Asset Protection,"Control Objective 4.2 - Critical Asset Protection,Control Objective B.3.1 - Terminal Software Attack Mitigation,Control Objective B.3.1.1 - Terminal Software Attack Mitigation","Control Objective 4.2 - Critical Asset Protection,Control Objective B.3.1 - Terminal Software Attack Mitigation,Control Objective B.3.1.1 - Terminal Software Attack Mitigation,Control Objective C.3.2 - Web Software Attack Mitigation",Insecure Interaction - CWE ID 089,"APSC-DV-002540 CAT I,APSC-DV-002560 CAT I","APSC-DV-002540 CAT I,APSC-DV-002560 CAT I","APSC-DV-002540 CAT I,APSC-DV-002560 CAT I",SQL Injection (WASC-19)
2026_SSE_mavit,1.0,SQL Injection,func.php,34,jobs/40df99ae-e5ad-41dc-a710-6bacd5341271/work/Src/Hospital-Management-System/func.php,Critical,Security Auditor View,Critical,false,,,,,false,false,UPDATED,Tue May 26 16:32:50 CEST 2026,,false,false,false,SCA,STATIC,Data Flow,FF858C20-4BCD-4EBA-8DBA-F1502AB06D2E,72C46FCB9ABD23AB4AA50DB2F26505F9,5.0,5.0,4.0,5.0,Input Validation and Representation,SQL Injection,CWE ID 89,[6] CWE ID 089,[3] CWE ID 089,"CCI-001310,CCI-002754",SI,Indirect Access to Sensitive Data,Rule 1.3,Rule 0-3-1,SI-10 Information Input Validation (P1),SI-10 Information Input Validation,"5.3.4 Output Encoding and Injection Prevention Requirements (L1 L2 L3),5.3.5 Output Encoding and Injection Prevention Requirements (L1 L2 L3)",MASVS-CODE-4,M7 Client Side Injection,A1 Injection,A1 Injection,A03 Injection,Requirement 6.5.1,Requirement 6.2.4,Control Objective 4.2 - Critical Asset Protection,"Control Objective 4.2 - Critical Asset Protection,Control Objective B.3.1 - Terminal Software Attack Mitigation,Control Objective B.3.1.1 - Terminal Software Attack Mitigation","Control Objective 4.2 - Critical Asset Protection,Control Objective B.3.1 - Terminal Software Attack Mitigation,Control Objective B.3.1.1 - Terminal Software Attack Mitigation,Control Objective C.3.2 - Web Software Attack Mitigation",Insecure Interaction - CWE ID 089,"APSC-DV-002540 CAT I,APSC-DV-002560 CAT I","APSC-DV-002540 CAT I,APSC-DV-002560 CAT I","APSC-DV-002540 CAT I,APSC-DV-002560 CAT I",SQL Injection (WASC-19)
2026_SSE_mavit,1.0,SQL Injection,func.php,34,jobs/40df99ae-e5ad-41dc-a710-6bacd5341271/work/Src/Hospital-Management-System/func.php,Critical,Security Auditor View,Critical,false,,,,,false,false,UPDATED,Tue May 26 16:32:50 CEST 2026,,false,false,false,SCA,STATIC,Data Flow,FF858C20-4BCD-4EBA-8DBA-F1502AB06D2E,D6FCA5B56392178E5F6E1EE594261F33,5.0,5.0,4.0,5.0,Input Validation and Representation,SQL Injection,CWE ID 89,[6] CWE ID 089,[3] CWE ID 089,"CCI-001310,CCI-002754",SI,Indirect Access to Sensitive Data,Rule 1.3,Rule 0-3-1,SI-10 Information Input Validation (P1),SI-10 Information Input Validation,"5.3.4 Output Encoding and Injection Prevention Requirements (L1 L2 L3),5.3.5 Output Encoding and Injection Prevention Requirements (L1 L2 L3)",MASVS-CODE-4,M7 Client Side Injection,A1 Injection,A1 Injection,A03 Injection,Requirement 6.5.1,Requirement 6.2.4,Control Objective 4.2 - Critical Asset Protection,"Control Objective 4.2 - Critical Asset Protection,Control Objective B.3.1 - Terminal Software Attack Mitigation,Control Objective B.3.1.1 - Terminal Software Attack Mitigation","Control Objective 4.2 - Critical Asset Protection,Control Objective B.3.1 - Terminal Software Attack Mitigation,Control Objective B.3.1.1 - Terminal Software Attack Mitigation,Control Objective C.3.2 - Web Software Attack Mitigation",Insecure Interaction - CWE ID 089,"APSC-DV-002540 CAT I,APSC-DV-002560 CAT I","APSC-DV-002540 CAT I,APSC-DV-002560 CAT I","APSC-DV-002540 CAT I,APSC-DV-002560 CAT I",SQL Injection (WASC-19)
2026_SSE_mavit,1.0,SQL Injection,func.php,62,jobs/40df99ae-e5ad-41dc-a710-6bacd5341271/work/Src/Hospital-Management-System/func.php,Critical,Security Auditor View,Critical,false,,,,,false,false,UPDATED,Tue May 26 16:32:50 CEST 2026,,false,false,false,SCA,STATIC,Data Flow,FF858C20-4BCD-4EBA-8DBA-F1502AB06D2E,01DBF791CADD47C414BDFA438C9F6CCE,5.0,5.0,4.0,5.0,Input Validation and Representation,SQL Injection,CWE ID 89,[6] CWE ID 089,[3] CWE ID 089,"CCI-001310,CCI-002754",SI,Indirect Access to Sensitive Data,Rule 1.3,Rule 0-3-1,SI-10 Information Input Validation (P1),SI-10 Information Input Validation,"5.3.4 Output Encoding and Injection Prevention Requirements (L1 L2 L3),5.3.5 Output Encoding and Injection Prevention Requirements (L1 L2 L3)",MASVS-CODE-4,M7 Client Side Injection,A1 Injection,A1 Injection,A03 Injection,Requirement 6.5.1,Requirement 6.2.4,Control Objective 4.2 - Critical Asset Protection,"Control Objective 4.2 - Critical Asset Protection,Control Objective B.3.1 - Terminal Software Attack Mitigation,Control Objective B.3.1.1 - Terminal Software Attack Mitigation","Control Objective 4.2 - Critical Asset Protection,Control Objective B.3.1 - Terminal Software Attack Mitigation,Control Objective B.3.1.1 - Terminal Software Attack Mitigation,Control Objective C.3.2 - Web Software Attack Mitigation",Insecure Interaction - CWE ID 089,"APSC-DV-002540 CAT I,APSC-DV-002560 CAT I","APSC-DV-002540 CAT I,APSC-DV-002560 CAT I","APSC-DV-002540 CAT I,APSC-DV-002560 CAT I",SQL Injection (WASC-19)
2026_SSE_mavit,1.0,SQL Injection,func.php,62,jobs/40df99ae-e5ad-41dc-a710-6bacd5341271/work/Src/Hospital-Management-System/func.php,Critical,Security Auditor View,Critical,false,,,,,false,false,UPDATED,Tue May 26 16:32:50 CEST 2026,,false,false,false,SCA,STATIC,Data Flow,FF858C20-4BCD-4EBA-8DBA-F1502AB06D2E,414D7E59C14B048E3B40181D5BF07245,5.0,5.0,4.0,5.0,Input Validation and Representation,SQL Injection,CWE ID 89,[6] CWE ID 089,[3] CWE ID 089,"CCI-001310,CCI-002754",SI,Indirect Access to Sensitive Data,Rule 1.3,Rule 0-3-1,SI-10 Information Input Validation (P1),SI-10 Information Input Validation,"5.3.4 Output Encoding and Injection Prevention Requirements (L1 L2 L3),5.3.5 Output Encoding and Injection Prevention Requirements (L1 L2 L3)",MASVS-CODE-4,M7 Client Side Injection,A1 Injection,A1 Injection,A03 Injection,Requirement 6.5.1,Requirement 6.2.4,Control Objective 4.2 - Critical Asset Protection,"Control Objective 4.2 - Critical Asset Protection,Control Objective B.3.1 - Terminal Software Attack Mitigation,Control Objective B.3.1.1 - Terminal Software Attack Mitigation","Control Objective 4.2 - Critical Asset Protection,Control Objective B.3.1 - Terminal Software Attack Mitigation,Control Objective B.3.1.1 - Terminal Software Attack Mitigation,Control Objective C.3.2 - Web Software Attack Mitigation",Insecure Interaction - CWE ID 089,"APSC-DV-002540 CAT I,APSC-DV-002560 CAT I","APSC-DV-002540 CAT I,APSC-DV-002560 CAT I","APSC-DV-002540 CAT I,APSC-DV-002560 CAT I",SQL Injection (WASC-19)
2026_SSE_mavit,1.0,SQL Injection,func.php,62,jobs/40df99ae-e5ad-41dc-a710-6bacd5341271/work/Src/Hospital-Management-System/func.php,Critical,Security Auditor View,Critical,false,,,,,false,false,UPDATED,Tue May 26 16:32:50 CEST 2026,,false,false,false,SCA,STATIC,Data Flow,FF858C20-4BCD-4EBA-8DBA-F1502AB06D2E,8D3FF468F4653F27851C1DF38213797C,5.0,5.0,4.0,5.0,Input Validation and Representation,SQL Injection,CWE ID 89,[6] CWE ID 089,[3] CWE ID 089,"CCI-001310,CCI-002754",SI,Indirect Access to Sensitive Data,Rule 1.3,Rule 0-3-1,SI-10 Information Input Validation (P1),SI-10 Information Input Validation,"5.3.4 Output Encoding and Injection Prevention Requirements (L1 L2 L3),5.3.5 Output Encoding and Injection Prevention Requirements (L1 L2 L3)",MASVS-CODE-4,M7 Client Side Injection,A1 Injection,A1 Injection,A03 Injection,Requirement 6.5.1,Requirement 6.2.4,Control Objective 4.2 - Critical Asset Protection,"Control Objective 4.2 - Critical Asset Protection,Control Objective B.3.1 - Terminal Software Attack Mitigation,Control Objective B.3.1.1 - Terminal Software Attack Mitigation","Control Objective 4.2 - Critical Asset Protection,Control Objective B.3.1 - Terminal Software Attack Mitigation,Control Objective B.3.1.1 - Terminal Software Attack Mitigation,Control Objective C.3.2 - Web Software Attack Mitigation",Insecure Interaction - CWE ID 089,"APSC-DV-002540 CAT I,APSC-DV-002560 CAT I","APSC-DV-002540 CAT I,APSC-DV-002560 CAT I","APSC-DV-002540 CAT I,APSC-DV-002560 CAT I",SQL Injection (WASC-19)
2026_SSE_mavit,1.0,SQL Injection,func.php,62,jobs/40df99ae-e5ad-41dc-a710-6bacd5341271/work/Src/Hospital-Management-System/func.php,Critical,Security Auditor View,Critical,false,,,,,false,false,UPDATED,Tue May 26 16:32:50 CEST 2026,,false,false,false,SCA,STATIC,Data Flow,FF858C20-4BCD-4EBA-8DBA-F1502AB06D2E,CB813A66B51AE784CD819C084830989E,5.0,5.0,4.0,5.0,Input Validation and Representation,SQL Injection,CWE ID 89,[6] CWE ID 089,[3] CWE ID 089,"CCI-001310,CCI-002754",SI,Indirect Access to Sensitive Data,Rule 1.3,Rule 0-3-1,SI-10 Information Input Validation (P1),SI-10 Information Input Validation,"5.3.4 Output Encoding and Injection Prevention Requirements (L1 L2 L3),5.3.5 Output Encoding and Injection Prevention Requirements (L1 L2 L3)",MASVS-CODE-4,M7 Client Side Injection,A1 Injection,A1 Injection,A03 Injection,Requirement 6.5.1,Requirement 6.2.4,Control Objective 4.2 - Critical Asset Protection,"Control Objective 4.2 - Critical Asset Protection,Control Objective B.3.1 - Terminal Software Attack Mitigation,Control Objective B.3.1.1 - Terminal Software Attack Mitigation","Control Objective 4.2 - Critical Asset Protection,Control Objective B.3.1 - Terminal Software Attack Mitigation,Control Objective B.3.1.1 - Terminal Software Attack Mitigation,Control Objective C.3.2 - Web Software Attack Mitigation",Insecure Interaction - CWE ID 089,"APSC-DV-002540 CAT I,APSC-DV-002560 CAT I","APSC-DV-002540 CAT I,APSC-DV-002560 CAT I","APSC-DV-002540 CAT I,APSC-DV-002560 CAT I",SQL Injection (WASC-19)
2026_SSE_mavit,1.0,SQL Injection,func.php,62,jobs/40df99ae-e5ad-41dc-a710-6bacd5341271/work/Src/Hospital-Management-System/func.php,Critical,Security Auditor View,Critical,false,,,,,false,false,UPDATED,Tue May 26 16:32:50 CEST 2026,,false,false,false,SCA,STATIC,Data Flow,FF858C20-4BCD-4EBA-8DBA-F1502AB06D2E,D54AC8A10D5839C0EAF68DF653755FF5,5.0,5.0,4.0,5.0,Input Validation and Representation,SQL Injection,CWE ID 89,[6] CWE ID 089,[3] CWE ID 089,"CCI-001310,CCI-002754",SI,Indirect Access to Sensitive Data,Rule 1.3,Rule 0-3-1,SI-10 Information Input Validation (P1),SI-10 Information Input Validation,"5.3.4 Output Encoding and Injection Prevention Requirements (L1 L2 L3),5.3.5 Output Encoding and Injection Prevention Requirements (L1 L2 L3)",MASVS-CODE-4,M7 Client Side Injection,A1 Injection,A1 Injection,A03 Injection,Requirement 6.5.1,Requirement 6.2.4,Control Objective 4.2 - Critical Asset Protection,"Control Objective 4.2 - Critical Asset Protection,Control Objective B.3.1 - Terminal Software Attack Mitigation,Control Objective B.3.1.1 - Terminal Software Attack Mitigation","Control Objective 4.2 - Critical Asset Protection,Control Objective B.3.1 - Terminal Software Attack Mitigation,Control Objective B.3.1.1 - Terminal Software Attack Mitigation,Control Objective C.3.2 - Web Software Attack Mitigation",Insecure Interaction - CWE ID 089,"APSC-DV-002540 CAT I,APSC-DV-002560 CAT I","APSC-DV-002540 CAT I,APSC-DV-002560 CAT I","APSC-DV-002540 CAT I,APSC-DV-002560 CAT I",SQL Injection (WASC-19)
2026_SSE_mavit,1.0,SQL Injection,func.php,62,jobs/40df99ae-e5ad-41dc-a710-6bacd5341271/work/Src/Hospital-Management-System/func.php,Critical,Security Auditor View,Critical,false,,,,,false,false,UPDATED,Tue May 26 16:32:50 CEST 2026,,false,false,false,SCA,STATIC,Data Flow,FF858C20-4BCD-4EBA-8DBA-F1502AB06D2E,D7FEADC97B07ACC2AB1900AB0DD5F380,5.0,5.0,4.0,5.0,Input Validation and Representation,SQL Injection,CWE ID 89,[6] CWE ID 089,[3] CWE ID 089,"CCI-001310,CCI-002754",SI,Indirect Access to Sensitive Data,Rule 1.3,Rule 0-3-1,SI-10 Information Input Validation (P1),SI-10 Information Input Validation,"5.3.4 Output Encoding and Injection Prevention Requirements (L1 L2 L3),5.3.5 Output Encoding and Injection Prevention Requirements (L1 L2 L3)",MASVS-CODE-4,M7 Client Side Injection,A1 Injection,A1 Injection,A03 Injection,Requirement 6.5.1,Requirement 6.2.4,Control Objective 4.2 - Critical Asset Protection,"Control Objective 4.2 - Critical Asset Protection,Control Objective B.3.1 - Terminal Software Attack Mitigation,Control Objective B.3.1.1 - Terminal Software Attack Mitigation","Control Objective 4.2 - Critical Asset Protection,Control Objective B.3.1 - Terminal Software Attack Mitigation,Control Objective B.3.1.1 - Terminal Software Attack Mitigation,Control Objective C.3.2 - Web Software Attack Mitigation",Insecure Interaction - CWE ID 089,"APSC-DV-002540 CAT I,APSC-DV-002560 CAT I","APSC-DV-002540 CAT I,APSC-DV-002560 CAT I","APSC-DV-002540 CAT I,APSC-DV-002560 CAT I",SQL Injection (WASC-19)
2026_SSE_mavit,1.0,Cross-Site Request Forgery,func.php,176,jobs/40df99ae-e5ad-41dc-a710-6bacd5341271/work/Src/Hospital-Management-System/func.php,Low,Security Auditor View,Low,false,,,,,false,false,UPDATED,Tue May 26 16:32:50 CEST 2026,,false,false,false,SCA,STATIC,Content,78E0700E-56FE-45A2-A11B-6A560F730576,8AB6F769E3E976138AABAB38310D9C98,2.0,0.4,2.0,5.0,Encapsulation,Cross-Site Request Forgery,CWE ID 352,[9] CWE ID 352,[9] CWE ID 352,"CCI-001310,CCI-001941,CCI-001942",,Access Violation,,,SC-23 Session Authenticity (P1),SC-23 Session Authenticity,"3.5.3 Token-based Session Management (L2 L3),4.2.2 Operation Level Access Control (L1 L2 L3),13.2.3 RESTful Web Service Verification Requirements (L1 L2 L3)",,M5 Poor Authorization and Authentication,A8 Cross-Site Request Forgery (CSRF),,A01 Broken Access Control,Requirement 6.5.9,Requirement 6.2.4,Control Objective 5.4 - Authentication and Access Control,Control Objective 5.4 - Authentication and Access Control,"Control Objective 5.4 - Authentication and Access Control,Control Objective C.2.3 - Web Software Access Controls",Insecure Interaction - CWE ID 352,"APSC-DV-001620 CAT II,APSC-DV-001630 CAT II,APSC-DV-002500 CAT II","APSC-DV-001620 CAT II,APSC-DV-001630 CAT II,APSC-DV-002500 CAT II","APSC-DV-001620 CAT II,APSC-DV-001630 CAT II,APSC-DV-002500 CAT II",Cross-Site Request Forgery (WASC-09)
2026_SSE_mavit,1.0,Cross-Site Request Forgery,func.php,190,jobs/40df99ae-e5ad-41dc-a710-6bacd5341271/work/Src/Hospital-Management-System/func.php,Low,Security Auditor View,Low,false,,,,,false,false,UPDATED,Tue May 26 16:32:50 CEST 2026,,false,false,false,SCA,STATIC,Content,78E0700E-56FE-45A2-A11B-6A560F730576,8AB6F769E3E976138AABAB38310D9C99,2.0,0.4,2.0,5.0,Encapsulation,Cross-Site Request Forgery,CWE ID 352,[9] CWE ID 352,[9] CWE ID 352,"CCI-001310,CCI-001941,CCI-001942",,Access Violation,,,SC-23 Session Authenticity (P1),SC-23 Session Authenticity,"3.5.3 Token-based Session Management (L2 L3),4.2.2 Operation Level Access Control (L1 L2 L3),13.2.3 RESTful Web Service Verification Requirements (L1 L2 L3)",,M5 Poor Authorization and Authentication,A8 Cross-Site Request Forgery (CSRF),,A01 Broken Access Control,Requirement 6.5.9,Requirement 6.2.4,Control Objective 5.4 - Authentication and Access Control,Control Objective 5.4 - Authentication and Access Control,"Control Objective 5.4 - Authentication and Access Control,Control Objective C.2.3 - Web Software Access Controls",Insecure Interaction - CWE ID 352,"APSC-DV-001620 CAT II,APSC-DV-001630 CAT II,APSC-DV-002500 CAT II","APSC-DV-001620 CAT II,APSC-DV-001630 CAT II,APSC-DV-002500 CAT II","APSC-DV-001620 CAT II,APSC-DV-001630 CAT II,APSC-DV-002500 CAT II",Cross-Site Request Forgery (WASC-09)
2026_SSE_mavit,1.0,Hardcoded Domain in HTML,func.php,204,jobs/40df99ae-e5ad-41dc-a710-6bacd5341271/work/Src/Hospital-Management-System/func.php,Low,Security Auditor View,Low,false,,,,,false,false,UPDATED,Tue May 26 16:32:50 CEST 2026,,false,false,false,SCA,STATIC,Content,C01B6A50-1224-4062-AA16-C3683C44502E,754B0A7D77C9AC3C537C792886498022,1.0,0.6,2.0,5.0,Encapsulation,Hardcoded Domain in HTML,"CWE ID 494,CWE ID 829",,,CCI-001167,,Indirect Access to Sensitive Data,,,SC-18 Mobile Code (P2),SC-18 Mobile Code,"1.14.2 Configuration Architectural Requirements (L2 L3),5.3.9 Output Encoding and Injection Prevention Requirements (L1 L2 L3),10.3.2 Deployed Application Integrity Controls (L1 L2 L3),12.3.3 File Execution Requirements (L1 L2 L3),12.3.6 File Execution Requirements (L2 L3),14.2.3 Dependency (L1 L2 L3),14.2.4 Dependency (L2 L3)",MASVS-PLATFORM-2,M7 Client Side Injection,,,,,,,,,,APSC-DV-003300 CAT II,APSC-DV-003300 CAT II,APSC-DV-003300 CAT II,Insufficient Process Validation (WASC-40)
2026_SSE_mavit,1.0,Hardcoded Domain in HTML,func.php,205,jobs/40df99ae-e5ad-41dc-a710-6bacd5341271/work/Src/Hospital-Management-System/func.php,Low,Security Auditor View,Low,false,,,,,false,false,UPDATED,Tue May 26 16:32:50 CEST 2026,,false,false,false,SCA,STATIC,Content,C01B6A50-1224-4062-AA16-C3683C44502E,754B0A7D77C9AC3C537C792886498023,1.0,0.6,2.0,5.0,Encapsulation,Hardcoded Domain in HTML,"CWE ID 494,CWE ID 829",,,CCI-001167,,Indirect Access to Sensitive Data,,,SC-18 Mobile Code (P2),SC-18 Mobile Code,"1.14.2 Configuration Architectural Requirements (L2 L3),5.3.9 Output Encoding and Injection Prevention Requirements (L1 L2 L3),10.3.2 Deployed Application Integrity Controls (L1 L2 L3),12.3.3 File Execution Requirements (L1 L2 L3),12.3.6 File Execution Requirements (L2 L3),14.2.3 Dependency (L1 L2 L3),14.2.4 Dependency (L2 L3)",MASVS-PLATFORM-2,M7 Client Side Injection,,,,,,,,,,APSC-DV-003300 CAT II,APSC-DV-003300 CAT II,APSC-DV-003300 CAT II,Insufficient Process Validation (WASC-40)
2026_SSE_mavit,1.0,Hardcoded Domain in HTML,func.php,206,jobs/40df99ae-e5ad-41dc-a710-6bacd5341271/work/Src/Hospital-Management-System/func.php,Low,Security Auditor View,Low,false,,,,,false,false,UPDATED,Tue May 26 16:32:50 CEST 2026,,false,false,false,SCA,STATIC,Content,C01B6A50-1224-4062-AA16-C3683C44502E,754B0A7D77C9AC3C537C792886498024,1.0,0.6,2.0,5.0,Encapsulation,Hardcoded Domain in HTML,"CWE ID 494,CWE ID 829",,,CCI-001167,,Indirect Access to Sensitive Data,,,SC-18 Mobile Code (P2),SC-18 Mobile Code,"1.14.2 Configuration Architectural Requirements (L2 L3),5.3.9 Output Encoding and Injection Prevention Requirements (L1 L2 L3),10.3.2 Deployed Application Integrity Controls (L1 L2 L3),12.3.3 File Execution Requirements (L1 L2 L3),12.3.6 File Execution Requirements (L2 L3),14.2.3 Dependency (L1 L2 L3),14.2.4 Dependency (L2 L3)",MASVS-PLATFORM-2,M7 Client Side Injection,,,,,,,,,,APSC-DV-003300 CAT II,APSC-DV-003300 CAT II,APSC-DV-003300 CAT II,Insufficient Process Validation (WASC-40)
2026_SSE_mavit,1.0,Hardcoded Domain in HTML,func.php,208,jobs/40df99ae-e5ad-41dc-a710-6bacd5341271/work/Src/Hospital-Management-System/func.php,Low,Security Auditor View,Low,false,,,,,false,false,UPDATED,Tue May 26 16:32:50 CEST 2026,,false,false,false,SCA,STATIC,Content,C01B6A50-1224-4062-AA16-C3683C44502E,754B0A7D77C9AC3C537C792886498025,1.0,0.6,2.0,5.0,Encapsulation,Hardcoded Domain in HTML,"CWE ID 494,CWE ID 829",,,CCI-001167,,Indirect Access to Sensitive Data,,,SC-18 Mobile Code (P2),SC-18 Mobile Code,"1.14.2 Configuration Architectural Requirements (L2 L3),5.3.9 Output Encoding and Injection Prevention Requirements (L1 L2 L3),10.3.2 Deployed Application Integrity Controls (L1 L2 L3),12.3.3 File Execution Requirements (L1 L2 L3),12.3.6 File Execution Requirements (L2 L3),14.2.3 Dependency (L1 L2 L3),14.2.4 Dependency (L2 L3)",MASVS-PLATFORM-2,M7 Client Side Injection,,,,,,,,,,APSC-DV-003300 CAT II,APSC-DV-003300 CAT II,APSC-DV-003300 CAT II,Insufficient Process Validation (WASC-40)
2026_SSE_mavit,1.0,SQL Injection,func1.php,8,jobs/40df99ae-e5ad-41dc-a710-6bacd5341271/work/Src/Hospital-Management-System/func1.php,Critical,Security Auditor View,Critical,false,,,,,false,false,UPDATED,Tue May 26 16:32:50 CEST 2026,,false,false,false,SCA,STATIC,Data Flow,FF858C20-4BCD-4EBA-8DBA-F1502AB06D2E,2C38FF4E5BE19A6429D2F517B2BB1A73,5.0,5.0,4.0,5.0,Input Validation and Representation,SQL Injection,CWE ID 89,[6] CWE ID 089,[3] CWE ID 089,"CCI-001310,CCI-002754",SI,Indirect Access to Sensitive Data,Rule 1.3,Rule 0-3-1,SI-10 Information Input Validation (P1),SI-10 Information Input Validation,"5.3.4 Output Encoding and Injection Prevention Requirements (L1 L2 L3),5.3.5 Output Encoding and Injection Prevention Requirements (L1 L2 L3)",MASVS-CODE-4,M7 Client Side Injection,A1 Injection,A1 Injection,A03 Injection,Requirement 6.5.1,Requirement 6.2.4,Control Objective 4.2 - Critical Asset Protection,"Control Objective 4.2 - Critical Asset Protection,Control Objective B.3.1 - Terminal Software Attack Mitigation,Control Objective B.3.1.1 - Terminal Software Attack Mitigation","Control Objective 4.2 - Critical Asset Protection,Control Objective B.3.1 - Terminal Software Attack Mitigation,Control Objective B.3.1.1 - Terminal Software Attack Mitigation,Control Objective C.3.2 - Web Software Attack Mitigation",Insecure Interaction - CWE ID 089,"APSC-DV-002540 CAT I,APSC-DV-002560 CAT I","APSC-DV-002540 CAT I,APSC-DV-002560 CAT I","APSC-DV-002540 CAT I,APSC-DV-002560 CAT I",SQL Injection (WASC-19)
2026_SSE_mavit,1.0,SQL Injection,func1.php,8,jobs/40df99ae-e5ad-41dc-a710-6bacd5341271/work/Src/Hospital-Management-System/func1.php,Critical,Security Auditor View,Critical,false,,,,,false,false,UPDATED,Tue May 26 16:32:50 CEST 2026,,false,false,false,SCA,STATIC,Data Flow,FF858C20-4BCD-4EBA-8DBA-F1502AB06D2E,E0C0FEA16AA195EEA418B5803178FB58,5.0,5.0,4.0,5.0,Input Validation and Representation,SQL Injection,CWE ID 89,[6] CWE ID 089,[3] CWE ID 089,"CCI-001310,CCI-002754",SI,Indirect Access to Sensitive Data,Rule 1.3,Rule 0-3-1,SI-10 Information Input Validation (P1),SI-10 Information Input Validation,"5.3.4 Output Encoding and Injection Prevention Requirements (L1 L2 L3),5.3.5 Output Encoding and Injection Prevention Requirements (L1 L2 L3)",MASVS-CODE-4,M7 Client Side Injection,A1 Injection,A1 Injection,A03 Injection,Requirement 6.5.1,Requirement 6.2.4,Control Objective 4.2 - Critical Asset Protection,"Control Objective 4.2 - Critical Asset Protection,Control Objective B.3.1 - Terminal Software Attack Mitigation,Control Objective B.3.1.1 - Terminal Software Attack Mitigation","Control Objective 4.2 - Critical Asset Protection,Control Objective B.3.1 - Terminal Software Attack Mitigation,Control Objective B.3.1.1 - Terminal Software Attack Mitigation,Control Objective C.3.2 - Web Software Attack Mitigation",Insecure Interaction - CWE ID 089,"APSC-DV-002540 CAT I,APSC-DV-002560 CAT I","APSC-DV-002540 CAT I,APSC-DV-002560 CAT I","APSC-DV-002540 CAT I,APSC-DV-002560 CAT I",SQL Injection (WASC-19)
2026_SSE_mavit,1.0,SQL Injection,func1.php,8,jobs/40df99ae-e5ad-41dc-a710-6bacd5341271/work/Src/Hospital-Management-System/func1.php,Critical,Security Auditor View,Critical,false,,,,,false,false,UPDATED,Tue May 26 16:32:50 CEST 2026,,false,false,false,SCA,STATIC,Data Flow,FF858C20-4BCD-4EBA-8DBA-F1502AB06D2E,E678F840FAE39AAB5F0B5CC0363A2E0E,5.0,5.0,4.0,5.0,Input Validation and Representation,SQL Injection,CWE ID 89,[6] CWE ID 089,[3] CWE ID 089,"CCI-001310,CCI-002754",SI,Indirect Access to Sensitive Data,Rule 1.3,Rule 0-3-1,SI-10 Information Input Validation (P1),SI-10 Information Input Validation,"5.3.4 Output Encoding and Injection Prevention Requirements (L1 L2 L3),5.3.5 Output Encoding and Injection Prevention Requirements (L1 L2 L3)",MASVS-CODE-4,M7 Client Side Injection,A1 Injection,A1 Injection,A03 Injection,Requirement 6.5.1,Requirement 6.2.4,Control Objective 4.2 - Critical Asset Protection,"Control Objective 4.2 - Critical Asset Protection,Control Objective B.3.1 - Terminal Software Attack Mitigation,Control Objective B.3.1.1 - Terminal Software Attack Mitigation","Control Objective 4.2 - Critical Asset Protection,Control Objective B.3.1 - Terminal Software Attack Mitigation,Control Objective B.3.1.1 - Terminal Software Attack Mitigation,Control Objective C.3.2 - Web Software Attack Mitigation",Insecure Interaction - CWE ID 089,"APSC-DV-002540 CAT I,APSC-DV-002560 CAT I","APSC-DV-002540 CAT I,APSC-DV-002560 CAT I","APSC-DV-002540 CAT I,APSC-DV-002560 CAT I",SQL Injection (WASC-19)
2026_SSE_mavit,1.0,Cross-Site Scripting: Persistent,func1.php,48,jobs/40df99ae-e5ad-41dc-a710-6bacd5341271/work/Src/Hospital-Management-System/func1.php,Critical,Security Auditor View,Critical,false,,,,,false,false,UPDATED,Tue May 26 16:32:50 CEST 2026,,false,false,false,SCA,STATIC,Data Flow,AF6C6C57-CA46-489C-B449-CFE4A5AB7202,873B6CF9A5512DEF8F6EE1D74ECE97E4,5.0,5.0,4.0,5.0,Input Validation and Representation,Cross-Site Scripting: Persistent,"CWE ID 79,CWE ID 80",[2] CWE ID 079,[2] CWE ID 079,"CCI-001310,CCI-002754",SI,Indirect Access to Sensitive Data,,,SI-10 Information Input Validation (P1),SI-10 Information Input Validation,"5.3.3 Output Encoding and Injection Prevention Requirements (L1 L2 L3),5.3.6 Output Encoding and Injection Prevention Requirements (L1 L2 L3)",,M7 Client Side Injection,A3 Cross-Site Scripting (XSS),A7 Cross-Site Scripting (XSS),A03 Injection,Requirement 6.5.7,Requirement 6.2.4,Control Objective 4.2 - Critical Asset Protection,"Control Objective 4.2 - Critical Asset Protection,Control Objective B.3.1 - Terminal Software Attack Mitigation,Control Objective B.3.1.1 - Terminal Software Attack Mitigation","Control Objective 4.2 - Critical Asset Protection,Control Objective B.3.1 - Terminal Software Attack Mitigation,Control Objective B.3.1.1 - Terminal Software Attack Mitigation,Control Objective C.3.2 - Web Software Attack Mitigation",Insecure Interaction - CWE ID 079,"APSC-DV-002490 CAT I,APSC-DV-002560 CAT I","APSC-DV-002490 CAT I,APSC-DV-002560 CAT I","APSC-DV-002490 CAT I,APSC-DV-002560 CAT I",Cross-Site Scripting (WASC-08)
2026_SSE_mavit,1.0,Cross-Site Request Forgery,func1.php,171,jobs/40df99ae-e5ad-41dc-a710-6bacd5341271/work/Src/Hospital-Management-System/func1.php,Low,Security Auditor View,Low,false,,,,,false,false,UPDATED,Tue May 26 16:32:50 CEST 2026,,false,false,false,SCA,STATIC,Content,78E0700E-56FE-45A2-A11B-6A560F730576,ABC6DCAF8558C962B9A65758B625FEDC,2.0,0.4,2.0,5.0,Encapsulation,Cross-Site Request Forgery,CWE ID 352,[9] CWE ID 352,[9] CWE ID 352,"CCI-001310,CCI-001941,CCI-001942",,Access Violation,,,SC-23 Session Authenticity (P1),SC-23 Session Authenticity,"3.5.3 Token-based Session Management (L2 L3),4.2.2 Operation Level Access Control (L1 L2 L3),13.2.3 RESTful Web Service Verification Requirements (L1 L2 L3)",,M5 Poor Authorization and Authentication,A8 Cross-Site Request Forgery (CSRF),,A01 Broken Access Control,Requirement 6.5.9,Requirement 6.2.4,Control Objective 5.4 - Authentication and Access Control,Control Objective 5.4 - Authentication and Access Control,"Control Objective 5.4 - Authentication and Access Control,Control Objective C.2.3 - Web Software Access Controls",Insecure Interaction - CWE ID 352,"APSC-DV-001620 CAT II,APSC-DV-001630 CAT II,APSC-DV-002500 CAT II","APSC-DV-001620 CAT II,APSC-DV-001630 CAT II,APSC-DV-002500 CAT II","APSC-DV-001620 CAT II,APSC-DV-001630 CAT II,APSC-DV-002500 CAT II",Cross-Site Request Forgery (WASC-09)
2026_SSE_mavit,1.0,Cross-Site Request Forgery,func1.php,185,jobs/40df99ae-e5ad-41dc-a710-6bacd5341271/work/Src/Hospital-Management-System/func1.php,Low,Security Auditor View,Low,false,,,,,false,false,UPDATED,Tue May 26 16:32:50 CEST 2026,,false,false,false,SCA,STATIC,Content,78E0700E-56FE-45A2-A11B-6A560F730576,ABC6DCAF8558C962B9A65758B625FEDD,2.0,0.4,2.0,5.0,Encapsulation,Cross-Site Request Forgery,CWE ID 352,[9] CWE ID 352,[9] CWE ID 352,"CCI-001310,CCI-001941,CCI-001942",,Access Violation,,,SC-23 Session Authenticity (P1),SC-23 Session Authenticity,"3.5.3 Token-based Session Management (L2 L3),4.2.2 Operation Level Access Control (L1 L2 L3),13.2.3 RESTful Web Service Verification Requirements (L1 L2 L3)",,M5 Poor Authorization and Authentication,A8 Cross-Site Request Forgery (CSRF),,A01 Broken Access Control,Requirement 6.5.9,Requirement 6.2.4,Control Objective 5.4 - Authentication and Access Control,Control Objective 5.4 - Authentication and Access Control,"Control Objective 5.4 - Authentication and Access Control,Control Objective C.2.3 - Web Software Access Controls",Insecure Interaction - CWE ID 352,"APSC-DV-001620 CAT II,APSC-DV-001630 CAT II,APSC-DV-002500 CAT II","APSC-DV-001620 CAT II,APSC-DV-001630 CAT II,APSC-DV-002500 CAT II","APSC-DV-001620 CAT II,APSC-DV-001630 CAT II,APSC-DV-002500 CAT II",Cross-Site Request Forgery (WASC-09)
2026_SSE_mavit,1.0,Hardcoded Domain in HTML,func1.php,199,jobs/40df99ae-e5ad-41dc-a710-6bacd5341271/work/Src/Hospital-Management-System/func1.php,Low,Security Auditor View,Low,false,,,,,false,false,UPDATED,Tue May 26 16:32:50 CEST 2026,,false,false,false,SCA,STATIC,Content,C01B6A50-1224-4062-AA16-C3683C44502E,0C162873502B77375A87744FB1F5C25A,1.0,0.6,2.0,5.0,Encapsulation,Hardcoded Domain in HTML,"CWE ID 494,CWE ID 829",,,CCI-001167,,Indirect Access to Sensitive Data,,,SC-18 Mobile Code (P2),SC-18 Mobile Code,"1.14.2 Configuration Architectural Requirements (L2 L3),5.3.9 Output Encoding and Injection Prevention Requirements (L1 L2 L3),10.3.2 Deployed Application Integrity Controls (L1 L2 L3),12.3.3 File Execution Requirements (L1 L2 L3),12.3.6 File Execution Requirements (L2 L3),14.2.3 Dependency (L1 L2 L3),14.2.4 Dependency (L2 L3)",MASVS-PLATFORM-2,M7 Client Side Injection,,,,,,,,,,APSC-DV-003300 CAT II,APSC-DV-003300 CAT II,APSC-DV-003300 CAT II,Insufficient Process Validation (WASC-40)
2026_SSE_mavit,1.0,Hardcoded Domain in HTML,func1.php,200,jobs/40df99ae-e5ad-41dc-a710-6bacd5341271/work/Src/Hospital-Management-System/func1.php,Low,Security Auditor View,Low,false,,,,,false,false,UPDATED,Tue May 26 16:32:50 CEST 2026,,false,false,false,SCA,STATIC,Content,C01B6A50-1224-4062-AA16-C3683C44502E,0C162873502B77375A87744FB1F5C25B,1.0,0.6,2.0,5.0,Encapsulation,Hardcoded Domain in HTML,"CWE ID 494,CWE ID 829",,,CCI-001167,,Indirect Access to Sensitive Data,,,SC-18 Mobile Code (P2),SC-18 Mobile Code,"1.14.2 Configuration Architectural Requirements (L2 L3),5.3.9 Output Encoding and Injection Prevention Requirements (L1 L2 L3),10.3.2 Deployed Application Integrity Controls (L1 L2 L3),12.3.3 File Execution Requirements (L1 L2 L3),12.3.6 File Execution Requirements (L2 L3),14.2.3 Dependency (L1 L2 L3),14.2.4 Dependency (L2 L3)",MASVS-PLATFORM-2,M7 Client Side Injection,,,,,,,,,,APSC-DV-003300 CAT II,APSC-DV-003300 CAT II,APSC-DV-003300 CAT II,Insufficient Process Validation (WASC-40)
2026_SSE_mavit,1.0,Hardcoded Domain in HTML,func1.php,201,jobs/40df99ae-e5ad-41dc-a710-6bacd5341271/work/Src/Hospital-Management-System/func1.php,Low,Security Auditor View,Low,false,,,,,false,false,UPDATED,Tue May 26 16:32:50 CEST 2026,,false,false,false,SCA,STATIC,Content,C01B6A50-1224-4062-AA16-C3683C44502E,0C162873502B77375A87744FB1F5C25C,1.0,0.6,2.0,5.0,Encapsulation,Hardcoded Domain in HTML,"CWE ID 494,CWE ID 829",,,CCI-001167,,Indirect Access to Sensitive Data,,,SC-18 Mobile Code (P2),SC-18 Mobile Code,"1.14.2 Configuration Architectural Requirements (L2 L3),5.3.9 Output Encoding and Injection Prevention Requirements (L1 L2 L3),10.3.2 Deployed Application Integrity Controls (L1 L2 L3),12.3.3 File Execution Requirements (L1 L2 L3),12.3.6 File Execution Requirements (L2 L3),14.2.3 Dependency (L1 L2 L3),14.2.4 Dependency (L2 L3)",MASVS-PLATFORM-2,M7 Client Side Injection,,,,,,,,,,APSC-DV-003300 CAT II,APSC-DV-003300 CAT II,APSC-DV-003300 CAT II,Insufficient Process Validation (WASC-40)
2026_SSE_mavit,1.0,Hardcoded Domain in HTML,func1.php,203,jobs/40df99ae-e5ad-41dc-a710-6bacd5341271/work/Src/Hospital-Management-System/func1.php,Low,Security Auditor View,Low,false,,,,,false,false,UPDATED,Tue May 26 16:32:50 CEST 2026,,false,false,false,SCA,STATIC,Content,C01B6A50-1224-4062-AA16-C3683C44502E,0C162873502B77375A87744FB1F5C25D,1.0,0.6,2.0,5.0,Encapsulation,Hardcoded Domain in HTML,"CWE ID 494,CWE ID 829",,,CCI-001167,,Indirect Access to Sensitive Data,,,SC-18 Mobile Code (P2),SC-18 Mobile Code,"1.14.2 Configuration Architectural Requirements (L2 L3),5.3.9 Output Encoding and Injection Prevention Requirements (L1 L2 L3),10.3.2 Deployed Application Integrity Controls (L1 L2 L3),12.3.3 File Execution Requirements (L1 L2 L3),12.3.6 File Execution Requirements (L2 L3),14.2.3 Dependency (L1 L2 L3),14.2.4 Dependency (L2 L3)",MASVS-PLATFORM-2,M7 Client Side Injection,,,,,,,,,,APSC-DV-003300 CAT II,APSC-DV-003300 CAT II,APSC-DV-003300 CAT II,Insufficient Process Validation (WASC-40)
2026_SSE_mavit,1.0,SQL Injection,func2.php,14,jobs/40df99ae-e5ad-41dc-a710-6bacd5341271/work/Src/Hospital-Management-System/func2.php,Critical,Security Auditor View,Critical,false,,,,,false,false,UPDATED,Tue May 26 16:32:50 CEST 2026,,false,false,false,SCA,STATIC,Data Flow,FF858C20-4BCD-4EBA-8DBA-F1502AB06D2E,1428805BBBE63A2335C73DDE9766CDD4,5.0,5.0,4.0,5.0,Input Validation and Representation,SQL Injection,CWE ID 89,[6] CWE ID 089,[3] CWE ID 089,"CCI-001310,CCI-002754",SI,Indirect Access to Sensitive Data,Rule 1.3,Rule 0-3-1,SI-10 Information Input Validation (P1),SI-10 Information Input Validation,"5.3.4 Output Encoding and Injection Prevention Requirements (L1 L2 L3),5.3.5 Output Encoding and Injection Prevention Requirements (L1 L2 L3)",MASVS-CODE-4,M7 Client Side Injection,A1 Injection,A1 Injection,A03 Injection,Requirement 6.5.1,Requirement 6.2.4,Control Objective 4.2 - Critical Asset Protection,"Control Objective 4.2 - Critical Asset Protection,Control Objective B.3.1 - Terminal Software Attack Mitigation,Control Objective B.3.1.1 - Terminal Software Attack Mitigation","Control Objective 4.2 - Critical Asset Protection,Control Objective B.3.1 - Terminal Software Attack Mitigation,Control Objective B.3.1.1 - Terminal Software Attack Mitigation,Control Objective C.3.2 - Web Software Attack Mitigation",Insecure Interaction - CWE ID 089,"APSC-DV-002540 CAT I,APSC-DV-002560 CAT I","APSC-DV-002540 CAT I,APSC-DV-002560 CAT I","APSC-DV-002540 CAT I,APSC-DV-002560 CAT I",SQL Injection (WASC-19)
2026_SSE_mavit,1.0,SQL Injection,func2.php,14,jobs/40df99ae-e5ad-41dc-a710-6bacd5341271/work/Src/Hospital-Management-System/func2.php,Critical,Security Auditor View,Critical,false,,,,,false,false,UPDATED,Tue May 26 16:32:50 CEST 2026,,false,false,false,SCA,STATIC,Data Flow,FF858C20-4BCD-4EBA-8DBA-F1502AB06D2E,3EBDEBF55AFA85A2AB03F2EB1161D878,5.0,5.0,4.0,5.0,Input Validation and Representation,SQL Injection,CWE ID 89,[6] CWE ID 089,[3] CWE ID 089,"CCI-001310,CCI-002754",SI,Indirect Access to Sensitive Data,Rule 1.3,Rule 0-3-1,SI-10 Information Input Validation (P1),SI-10 Information Input Validation,"5.3.4 Output Encoding and Injection Prevention Requirements (L1 L2 L3),5.3.5 Output Encoding and Injection Prevention Requirements (L1 L2 L3)",MASVS-CODE-4,M7 Client Side Injection,A1 Injection,A1 Injection,A03 Injection,Requirement 6.5.1,Requirement 6.2.4,Control Objective 4.2 - Critical Asset Protection,"Control Objective 4.2 - Critical Asset Protection,Control Objective B.3.1 - Terminal Software Attack Mitigation,Control Objective B.3.1.1 - Terminal Software Attack Mitigation","Control Objective 4.2 - Critical Asset Protection,Control Objective B.3.1 - Terminal Software Attack Mitigation,Control Objective B.3.1.1 - Terminal Software Attack Mitigation,Control Objective C.3.2 - Web Software Attack Mitigation",Insecure Interaction - CWE ID 089,"APSC-DV-002540 CAT I,APSC-DV-002560 CAT I","APSC-DV-002540 CAT I,APSC-DV-002560 CAT I","APSC-DV-002540 CAT I,APSC-DV-002560 CAT I",SQL Injection (WASC-19)
2026_SSE_mavit,1.0,SQL Injection,func2.php,14,jobs/40df99ae-e5ad-41dc-a710-6bacd5341271/work/Src/Hospital-Management-System/func2.php,Critical,Security Auditor View,Critical,false,,,,,false,false,UPDATED,Tue May 26 16:32:50 CEST 2026,,false,false,false,SCA,STATIC,Data Flow,FF858C20-4BCD-4EBA-8DBA-F1502AB06D2E,500603033AEBC9D01271826DC01531F8,5.0,5.0,4.0,5.0,Input Validation and Representation,SQL Injection,CWE ID 89,[6] CWE ID 089,[3] CWE ID 089,"CCI-001310,CCI-002754",SI,Indirect Access to Sensitive Data,Rule 1.3,Rule 0-3-1,SI-10 Information Input Validation (P1),SI-10 Information Input Validation,"5.3.4 Output Encoding and Injection Prevention Requirements (L1 L2 L3),5.3.5 Output Encoding and Injection Prevention Requirements (L1 L2 L3)",MASVS-CODE-4,M7 Client Side Injection,A1 Injection,A1 Injection,A03 Injection,Requirement 6.5.1,Requirement 6.2.4,Control Objective 4.2 - Critical Asset Protection,"Control Objective 4.2 - Critical Asset Protection,Control Objective B.3.1 - Terminal Software Attack Mitigation,Control Objective B.3.1.1 - Terminal Software Attack Mitigation","Control Objective 4.2 - Critical Asset Protection,Control Objective B.3.1 - Terminal Software Attack Mitigation,Control Objective B.3.1.1 - Terminal Software Attack Mitigation,Control Objective C.3.2 - Web Software Attack Mitigation",Insecure Interaction - CWE ID 089,"APSC-DV-002540 CAT I,APSC-DV-002560 CAT I","APSC-DV-002540 CAT I,APSC-DV-002560 CAT I","APSC-DV-002540 CAT I,APSC-DV-002560 CAT I",SQL Injection (WASC-19)
2026_SSE_mavit,1.0,SQL Injection,func2.php,14,jobs/40df99ae-e5ad-41dc-a710-6bacd5341271/work/Src/Hospital-Management-System/func2.php,Critical,Security Auditor View,Critical,false,,,,,false,false,UPDATED,Tue May 26 16:32:50 CEST 2026,,false,false,false,SCA,STATIC,Data Flow,FF858C20-4BCD-4EBA-8DBA-F1502AB06D2E,53B053BEF095A9FB8495C1BA435BBFB4,5.0,5.0,4.0,5.0,Input Validation and Representation,SQL Injection,CWE ID 89,[6] CWE ID 089,[3] CWE ID 089,"CCI-001310,CCI-002754",SI,Indirect Access to Sensitive Data,Rule 1.3,Rule 0-3-1,SI-10 Information Input Validation (P1),SI-10 Information Input Validation,"5.3.4 Output Encoding and Injection Prevention Requirements (L1 L2 L3),5.3.5 Output Encoding and Injection Prevention Requirements (L1 L2 L3)",MASVS-CODE-4,M7 Client Side Injection,A1 Injection,A1 Injection,A03 Injection,Requirement 6.5.1,Requirement 6.2.4,Control Objective 4.2 - Critical Asset Protection,"Control Objective 4.2 - Critical Asset Protection,Control Objective B.3.1 - Terminal Software Attack Mitigation,Control Objective B.3.1.1 - Terminal Software Attack Mitigation","Control Objective 4.2 - Critical Asset Protection,Control Objective B.3.1 - Terminal Software Attack Mitigation,Control Objective B.3.1.1 - Terminal Software Attack Mitigation,Control Objective C.3.2 - Web Software Attack Mitigation",Insecure Interaction - CWE ID 089,"APSC-DV-002540 CAT I,APSC-DV-002560 CAT I","APSC-DV-002540 CAT I,APSC-DV-002560 CAT I","APSC-DV-002540 CAT I,APSC-DV-002560 CAT I",SQL Injection (WASC-19)
2026_SSE_mavit,1.0,SQL Injection,func2.php,14,jobs/40df99ae-e5ad-41dc-a710-6bacd5341271/work/Src/Hospital-Management-System/func2.php,Critical,Security Auditor View,Critical,false,,,,,false,false,UPDATED,Tue May 26 16:32:50 CEST 2026,,false,false,false,SCA,STATIC,Data Flow,FF858C20-4BCD-4EBA-8DBA-F1502AB06D2E,5F81AE25DD30C3EF659C0CB315247139,5.0,5.0,4.0,5.0,Input Validation and Representation,SQL Injection,CWE ID 89,[6] CWE ID 089,[3] CWE ID 089,"CCI-001310,CCI-002754",SI,Indirect Access to Sensitive Data,Rule 1.3,Rule 0-3-1,SI-10 Information Input Validation (P1),SI-10 Information Input Validation,"5.3.4 Output Encoding and Injection Prevention Requirements (L1 L2 L3),5.3.5 Output Encoding and Injection Prevention Requirements (L1 L2 L3)",MASVS-CODE-4,M7 Client Side Injection,A1 Injection,A1 Injection,A03 Injection,Requirement 6.5.1,Requirement 6.2.4,Control Objective 4.2 - Critical Asset Protection,"Control Objective 4.2 - Critical Asset Protection,Control Objective B.3.1 - Terminal Software Attack Mitigation,Control Objective B.3.1.1 - Terminal Software Attack Mitigation","Control Objective 4.2 - Critical Asset Protection,Control Objective B.3.1 - Terminal Software Attack Mitigation,Control Objective B.3.1.1 - Terminal Software Attack Mitigation,Control Objective C.3.2 - Web Software Attack Mitigation",Insecure Interaction - CWE ID 089,"APSC-DV-002540 CAT I,APSC-DV-002560 CAT I","APSC-DV-002540 CAT I,APSC-DV-002560 CAT I","APSC-DV-002540 CAT I,APSC-DV-002560 CAT I",SQL Injection (WASC-19)
2026_SSE_mavit,1.0,SQL Injection,func2.php,14,jobs/40df99ae-e5ad-41dc-a710-6bacd5341271/work/Src/Hospital-Management-System/func2.php,Critical,Security Auditor View,Critical,false,,,,,false,false,UPDATED,Tue May 26 16:32:50 CEST 2026,,false,false,false,SCA,STATIC,Data Flow,FF858C20-4BCD-4EBA-8DBA-F1502AB06D2E,7FBB045E7C8D21DEE517FDD57A84A8D3,5.0,5.0,4.0,5.0,Input Validation and Representation,SQL Injection,CWE ID 89,[6] CWE ID 089,[3] CWE ID 089,"CCI-001310,CCI-002754",SI,Indirect Access to Sensitive Data,Rule 1.3,Rule 0-3-1,SI-10 Information Input Validation (P1),SI-10 Information Input Validation,"5.3.4 Output Encoding and Injection Prevention Requirements (L1 L2 L3),5.3.5 Output Encoding and Injection Prevention Requirements (L1 L2 L3)",MASVS-CODE-4,M7 Client Side Injection,A1 Injection,A1 Injection,A03 Injection,Requirement 6.5.1,Requirement 6.2.4,Control Objective 4.2 - Critical Asset Protection,"Control Objective 4.2 - Critical Asset Protection,Control Objective B.3.1 - Terminal Software Attack Mitigation,Control Objective B.3.1.1 - Terminal Software Attack Mitigation","Control Objective 4.2 - Critical Asset Protection,Control Objective B.3.1 - Terminal Software Attack Mitigation,Control Objective B.3.1.1 - Terminal Software Attack Mitigation,Control Objective C.3.2 - Web Software Attack Mitigation",Insecure Interaction - CWE ID 089,"APSC-DV-002540 CAT I,APSC-DV-002560 CAT I","APSC-DV-002540 CAT I,APSC-DV-002560 CAT I","APSC-DV-002540 CAT I,APSC-DV-002560 CAT I",SQL Injection (WASC-19)
2026_SSE_mavit,1.0,SQL Injection,func2.php,14,jobs/40df99ae-e5ad-41dc-a710-6bacd5341271/work/Src/Hospital-Management-System/func2.php,Critical,Security Auditor View,Critical,false,,,,,false,false,UPDATED,Tue May 26 16:32:50 CEST 2026,,false,false,false,SCA,STATIC,Data Flow,FF858C20-4BCD-4EBA-8DBA-F1502AB06D2E,CEBCBA48AE87F19804028C8DDFF554A1,5.0,5.0,4.0,5.0,Input Validation and Representation,SQL Injection,CWE ID 89,[6] CWE ID 089,[3] CWE ID 089,"CCI-001310,CCI-002754",SI,Indirect Access to Sensitive Data,Rule 1.3,Rule 0-3-1,SI-10 Information Input Validation (P1),SI-10 Information Input Validation,"5.3.4 Output Encoding and Injection Prevention Requirements (L1 L2 L3),5.3.5 Output Encoding and Injection Prevention Requirements (L1 L2 L3)",MASVS-CODE-4,M7 Client Side Injection,A1 Injection,A1 Injection,A03 Injection,Requirement 6.5.1,Requirement 6.2.4,Control Objective 4.2 - Critical Asset Protection,"Control Objective 4.2 - Critical Asset Protection,Control Objective B.3.1 - Terminal Software Attack Mitigation,Control Objective B.3.1.1 - Terminal Software Attack Mitigation","Control Objective 4.2 - Critical Asset Protection,Control Objective B.3.1 - Terminal Software Attack Mitigation,Control Objective B.3.1.1 - Terminal Software Attack Mitigation,Control Objective C.3.2 - Web Software Attack Mitigation",Insecure Interaction - CWE ID 089,"APSC-DV-002540 CAT I,APSC-DV-002560 CAT I","APSC-DV-002540 CAT I,APSC-DV-002560 CAT I","APSC-DV-002540 CAT I,APSC-DV-002560 CAT I",SQL Injection (WASC-19)
2026_SSE_mavit,1.0,SQL Injection,func2.php,14,jobs/40df99ae-e5ad-41dc-a710-6bacd5341271/work/Src/Hospital-Management-System/func2.php,Critical,Security Auditor View,Critical,false,,,,,false,false,UPDATED,Tue May 26 16:32:50 CEST 2026,,false,false,false,SCA,STATIC,Data Flow,FF858C20-4BCD-4EBA-8DBA-F1502AB06D2E,D5164CFE76287E56CFD920724723A934,5.0,5.0,4.0,5.0,Input Validation and Representation,SQL Injection,CWE ID 89,[6] CWE ID 089,[3] CWE ID 089,"CCI-001310,CCI-002754",SI,Indirect Access to Sensitive Data,Rule 1.3,Rule 0-3-1,SI-10 Information Input Validation (P1),SI-10 Information Input Validation,"5.3.4 Output Encoding and Injection Prevention Requirements (L1 L2 L3),5.3.5 Output Encoding and Injection Prevention Requirements (L1 L2 L3)",MASVS-CODE-4,M7 Client Side Injection,A1 Injection,A1 Injection,A03 Injection,Requirement 6.5.1,Requirement 6.2.4,Control Objective 4.2 - Critical Asset Protection,"Control Objective 4.2 - Critical Asset Protection,Control Objective B.3.1 - Terminal Software Attack Mitigation,Control Objective B.3.1.1 - Terminal Software Attack Mitigation","Control Objective 4.2 - Critical Asset Protection,Control Objective B.3.1 - Terminal Software Attack Mitigation,Control Objective B.3.1.1 - Terminal Software Attack Mitigation,Control Objective C.3.2 - Web Software Attack Mitigation",Insecure Interaction - CWE ID 089,"APSC-DV-002540 CAT I,APSC-DV-002560 CAT I","APSC-DV-002540 CAT I,APSC-DV-002560 CAT I","APSC-DV-002540 CAT I,APSC-DV-002560 CAT I",SQL Injection (WASC-19)
2026_SSE_mavit,1.0,SQL Injection,func2.php,14,jobs/40df99ae-e5ad-41dc-a710-6bacd5341271/work/Src/Hospital-Management-System/func2.php,Critical,Security Auditor View,Critical,false,,,,,false,false,UPDATED,Tue May 26 16:32:50 CEST 2026,,false,false,false,SCA,STATIC,Data Flow,FF858C20-4BCD-4EBA-8DBA-F1502AB06D2E,F3B2FD32D8D097DDCCDD22EDF32CEC2E,5.0,5.0,4.0,5.0,Input Validation and Representation,SQL Injection,CWE ID 89,[6] CWE ID 089,[3] CWE ID 089,"CCI-001310,CCI-002754",SI,Indirect Access to Sensitive Data,Rule 1.3,Rule 0-3-1,SI-10 Information Input Validation (P1),SI-10 Information Input Validation,"5.3.4 Output Encoding and Injection Prevention Requirements (L1 L2 L3),5.3.5 Output Encoding and Injection Prevention Requirements (L1 L2 L3)",MASVS-CODE-4,M7 Client Side Injection,A1 Injection,A1 Injection,A03 Injection,Requirement 6.5.1,Requirement 6.2.4,Control Objective 4.2 - Critical Asset Protection,"Control Objective 4.2 - Critical Asset Protection,Control Objective B.3.1 - Terminal Software Attack Mitigation,Control Objective B.3.1.1 - Terminal Software Attack Mitigation","Control Objective 4.2 - Critical Asset Protection,Control Objective B.3.1 - Terminal Software Attack Mitigation,Control Objective B.3.1.1 - Terminal Software Attack Mitigation,Control Objective C.3.2 - Web Software Attack Mitigation",Insecure Interaction - CWE ID 089,"APSC-DV-002540 CAT I,APSC-DV-002560 CAT I","APSC-DV-002540 CAT I,APSC-DV-002560 CAT I","APSC-DV-002540 CAT I,APSC-DV-002560 CAT I",SQL Injection (WASC-19)
2026_SSE_mavit,1.0,SQL Injection,func2.php,14,jobs/40df99ae-e5ad-41dc-a710-6bacd5341271/work/Src/Hospital-Management-System/func2.php,Critical,Security Auditor View,Critical,false,,,,,false,false,UPDATED,Tue May 26 16:32:50 CEST 2026,,false,false,false,SCA,STATIC,Data Flow,FF858C20-4BCD-4EBA-8DBA-F1502AB06D2E,FEAF242132508A2E9DBFB32E5F08485B,5.0,5.0,4.0,5.0,Input Validation and Representation,SQL Injection,CWE ID 89,[6] CWE ID 089,[3] CWE ID 089,"CCI-001310,CCI-002754",SI,Indirect Access to Sensitive Data,Rule 1.3,Rule 0-3-1,SI-10 Information Input Validation (P1),SI-10 Information Input Validation,"5.3.4 Output Encoding and Injection Prevention Requirements (L1 L2 L3),5.3.5 Output Encoding and Injection Prevention Requirements (L1 L2 L3)",MASVS-CODE-4,M7 Client Side Injection,A1 Injection,A1 Injection,A03 Injection,Requirement 6.5.1,Requirement 6.2.4,Control Objective 4.2 - Critical Asset Protection,"Control Objective 4.2 - Critical Asset Protection,Control Objective B.3.1 - Terminal Software Attack Mitigation,Control Objective B.3.1.1 - Terminal Software Attack Mitigation","Control Objective 4.2 - Critical Asset Protection,Control Objective B.3.1 - Terminal Software Attack Mitigation,Control Objective B.3.1.1 - Terminal Software Attack Mitigation,Control Objective C.3.2 - Web Software Attack Mitigation",Insecure Interaction - CWE ID 089,"APSC-DV-002540 CAT I,APSC-DV-002560 CAT I","APSC-DV-002540 CAT I,APSC-DV-002560 CAT I","APSC-DV-002540 CAT I,APSC-DV-002560 CAT I",SQL Injection (WASC-19)
2026_SSE_mavit,1.0,SQL Injection,func2.php,14,jobs/40df99ae-e5ad-41dc-a710-6bacd5341271/work/Src/Hospital-Management-System/func2.php,Critical,Security Auditor View,Critical,false,,,,,false,false,UPDATED,Tue May 26 16:32:50 CEST 2026,,false,false,false,SCA,STATIC,Data Flow,FF858C20-4BCD-4EBA-8DBA-F1502AB06D2E,FFC941317E9208864CCB0EDFBA5FB2FD,5.0,5.0,4.0,5.0,Input Validation and Representation,SQL Injection,CWE ID 89,[6] CWE ID 089,[3] CWE ID 089,"CCI-001310,CCI-002754",SI,Indirect Access to Sensitive Data,Rule 1.3,Rule 0-3-1,SI-10 Information Input Validation (P1),SI-10 Information Input Validation,"5.3.4 Output Encoding and Injection Prevention Requirements (L1 L2 L3),5.3.5 Output Encoding and Injection Prevention Requirements (L1 L2 L3)",MASVS-CODE-4,M7 Client Side Injection,A1 Injection,A1 Injection,A03 Injection,Requirement 6.5.1,Requirement 6.2.4,Control Objective 4.2 - Critical Asset Protection,"Control Objective 4.2 - Critical Asset Protection,Control Objective B.3.1 - Terminal Software Attack Mitigation,Control Objective B.3.1.1 - Terminal Software Attack Mitigation","Control Objective 4.2 - Critical Asset Protection,Control Objective B.3.1 - Terminal Software Attack Mitigation,Control Objective B.3.1.1 - Terminal Software Attack Mitigation,Control Objective C.3.2 - Web Software Attack Mitigation",Insecure Interaction - CWE ID 089,"APSC-DV-002540 CAT I,APSC-DV-002560 CAT I","APSC-DV-002540 CAT I,APSC-DV-002560 CAT I","APSC-DV-002540 CAT I,APSC-DV-002560 CAT I",SQL Injection (WASC-19)
2026_SSE_mavit,1.0,SQL Injection,func2.php,41,jobs/40df99ae-e5ad-41dc-a710-6bacd5341271/work/Src/Hospital-Management-System/func2.php,Critical,Security Auditor View,Critical,false,,,,,false,false,UPDATED,Tue May 26 16:32:50 CEST 2026,,false,false,false,SCA,STATIC,Data Flow,FF858C20-4BCD-4EBA-8DBA-F1502AB06D2E,3EBDEBF55AFA85A2AB03F2EB1161D879,5.0,5.0,4.0,5.0,Input Validation and Representation,SQL Injection,CWE ID 89,[6] CWE ID 089,[3] CWE ID 089,"CCI-001310,CCI-002754",SI,Indirect Access to Sensitive Data,Rule 1.3,Rule 0-3-1,SI-10 Information Input Validation (P1),SI-10 Information Input Validation,"5.3.4 Output Encoding and Injection Prevention Requirements (L1 L2 L3),5.3.5 Output Encoding and Injection Prevention Requirements (L1 L2 L3)",MASVS-CODE-4,M7 Client Side Injection,A1 Injection,A1 Injection,A03 Injection,Requirement 6.5.1,Requirement 6.2.4,Control Objective 4.2 - Critical Asset Protection,"Control Objective 4.2 - Critical Asset Protection,Control Objective B.3.1 - Terminal Software Attack Mitigation,Control Objective B.3.1.1 - Terminal Software Attack Mitigation","Control Objective 4.2 - Critical Asset Protection,Control Objective B.3.1 - Terminal Software Attack Mitigation,Control Objective B.3.1.1 - Terminal Software Attack Mitigation,Control Objective C.3.2 - Web Software Attack Mitigation",Insecure Interaction - CWE ID 089,"APSC-DV-002540 CAT I,APSC-DV-002560 CAT I","APSC-DV-002540 CAT I,APSC-DV-002560 CAT I","APSC-DV-002540 CAT I,APSC-DV-002560 CAT I",SQL Injection (WASC-19)
2026_SSE_mavit,1.0,SQL Injection,func2.php,41,jobs/40df99ae-e5ad-41dc-a710-6bacd5341271/work/Src/Hospital-Management-System/func2.php,Critical,Security Auditor View,Critical,false,,,,,false,false,UPDATED,Tue May 26 16:32:50 CEST 2026,,false,false,false,SCA,STATIC,Data Flow,FF858C20-4BCD-4EBA-8DBA-F1502AB06D2E,9541F7AA2707D5EEA744B5CA10D35463,5.0,5.0,4.0,5.0,Input Validation and Representation,SQL Injection,CWE ID 89,[6] CWE ID 089,[3] CWE ID 089,"CCI-001310,CCI-002754",SI,Indirect Access to Sensitive Data,Rule 1.3,Rule 0-3-1,SI-10 Information Input Validation (P1),SI-10 Information Input Validation,"5.3.4 Output Encoding and Injection Prevention Requirements (L1 L2 L3),5.3.5 Output Encoding and Injection Prevention Requirements (L1 L2 L3)",MASVS-CODE-4,M7 Client Side Injection,A1 Injection,A1 Injection,A03 Injection,Requirement 6.5.1,Requirement 6.2.4,Control Objective 4.2 - Critical Asset Protection,"Control Objective 4.2 - Critical Asset Protection,Control Objective B.3.1 - Terminal Software Attack Mitigation,Control Objective B.3.1.1 - Terminal Software Attack Mitigation","Control Objective 4.2 - Critical Asset Protection,Control Objective B.3.1 - Terminal Software Attack Mitigation,Control Objective B.3.1.1 - Terminal Software Attack Mitigation,Control Objective C.3.2 - Web Software Attack Mitigation",Insecure Interaction - CWE ID 089,"APSC-DV-002540 CAT I,APSC-DV-002560 CAT I","APSC-DV-002540 CAT I,APSC-DV-002560 CAT I","APSC-DV-002540 CAT I,APSC-DV-002560 CAT I",SQL Injection (WASC-19)
2026_SSE_mavit,1.0,SQL Injection,func2.php,66,jobs/40df99ae-e5ad-41dc-a710-6bacd5341271/work/Src/Hospital-Management-System/func2.php,Critical,Security Auditor View,Critical,false,,,,,false,false,UPDATED,Tue May 26 16:32:50 CEST 2026,,false,false,false,SCA,STATIC,Data Flow,FF858C20-4BCD-4EBA-8DBA-F1502AB06D2E,F3E55E4DA9F4E18354E09EDEBD53008A,5.0,5.0,4.0,5.0,Input Validation and Representation,SQL Injection,CWE ID 89,[6] CWE ID 089,[3] CWE ID 089,"CCI-001310,CCI-002754",SI,Indirect Access to Sensitive Data,Rule 1.3,Rule 0-3-1,SI-10 Information Input Validation (P1),SI-10 Information Input Validation,"5.3.4 Output Encoding and Injection Prevention Requirements (L1 L2 L3),5.3.5 Output Encoding and Injection Prevention Requirements (L1 L2 L3)",MASVS-CODE-4,M7 Client Side Injection,A1 Injection,A1 Injection,A03 Injection,Requirement 6.5.1,Requirement 6.2.4,Control Objective 4.2 - Critical Asset Protection,"Control Objective 4.2 - Critical Asset Protection,Control Objective B.3.1 - Terminal Software Attack Mitigation,Control Objective B.3.1.1 - Terminal Software Attack Mitigation","Control Objective 4.2 - Critical Asset Protection,Control Objective B.3.1 - Terminal Software Attack Mitigation,Control Objective B.3.1.1 - Terminal Software Attack Mitigation,Control Objective C.3.2 - Web Software Attack Mitigation",Insecure Interaction - CWE ID 089,"APSC-DV-002540 CAT I,APSC-DV-002560 CAT I","APSC-DV-002540 CAT I,APSC-DV-002560 CAT I","APSC-DV-002540 CAT I,APSC-DV-002560 CAT I",SQL Injection (WASC-19)
2026_SSE_mavit,1.0,Cross-Site Request Forgery,func2.php,180,jobs/40df99ae-e5ad-41dc-a710-6bacd5341271/work/Src/Hospital-Management-System/func2.php,Low,Security Auditor View,Low,false,,,,,false,false,UPDATED,Tue May 26 16:32:50 CEST 2026,,false,false,false,SCA,STATIC,Content,78E0700E-56FE-45A2-A11B-6A560F730576,553F5CD766088C02CC32D02AABD19E7D,2.0,0.4,2.0,5.0,Encapsulation,Cross-Site Request Forgery,CWE ID 352,[9] CWE ID 352,[9] CWE ID 352,"CCI-001310,CCI-001941,CCI-001942",,Access Violation,,,SC-23 Session Authenticity (P1),SC-23 Session Authenticity,"3.5.3 Token-based Session Management (L2 L3),4.2.2 Operation Level Access Control (L1 L2 L3),13.2.3 RESTful Web Service Verification Requirements (L1 L2 L3)",,M5 Poor Authorization and Authentication,A8 Cross-Site Request Forgery (CSRF),,A01 Broken Access Control,Requirement 6.5.9,Requirement 6.2.4,Control Objective 5.4 - Authentication and Access Control,Control Objective 5.4 - Authentication and Access Control,"Control Objective 5.4 - Authentication and Access Control,Control Objective C.2.3 - Web Software Access Controls",Insecure Interaction - CWE ID 352,"APSC-DV-001620 CAT II,APSC-DV-001630 CAT II,APSC-DV-002500 CAT II","APSC-DV-001620 CAT II,APSC-DV-001630 CAT II,APSC-DV-002500 CAT II","APSC-DV-001620 CAT II,APSC-DV-001630 CAT II,APSC-DV-002500 CAT II",Cross-Site Request Forgery (WASC-09)
2026_SSE_mavit,1.0,Cross-Site Request Forgery,func2.php,194,jobs/40df99ae-e5ad-41dc-a710-6bacd5341271/work/Src/Hospital-Management-System/func2.php,Low,Security Auditor View,Low,false,,,,,false,false,UPDATED,Tue May 26 16:32:50 CEST 2026,,false,false,false,SCA,STATIC,Content,78E0700E-56FE-45A2-A11B-6A560F730576,553F5CD766088C02CC32D02AABD19E7E,2.0,0.4,2.0,5.0,Encapsulation,Cross-Site Request Forgery,CWE ID 352,[9] CWE ID 352,[9] CWE ID 352,"CCI-001310,CCI-001941,CCI-001942",,Access Violation,,,SC-23 Session Authenticity (P1),SC-23 Session Authenticity,"3.5.3 Token-based Session Management (L2 L3),4.2.2 Operation Level Access Control (L1 L2 L3),13.2.3 RESTful Web Service Verification Requirements (L1 L2 L3)",,M5 Poor Authorization and Authentication,A8 Cross-Site Request Forgery (CSRF),,A01 Broken Access Control,Requirement 6.5.9,Requirement 6.2.4,Control Objective 5.4 - Authentication and Access Control,Control Objective 5.4 - Authentication and Access Control,"Control Objective 5.4 - Authentication and Access Control,Control Objective C.2.3 - Web Software Access Controls",Insecure Interaction - CWE ID 352,"APSC-DV-001620 CAT II,APSC-DV-001630 CAT II,APSC-DV-002500 CAT II","APSC-DV-001620 CAT II,APSC-DV-001630 CAT II,APSC-DV-002500 CAT II","APSC-DV-001620 CAT II,APSC-DV-001630 CAT II,APSC-DV-002500 CAT II",Cross-Site Request Forgery (WASC-09)
2026_SSE_mavit,1.0,Hardcoded Domain in HTML,func2.php,208,jobs/40df99ae-e5ad-41dc-a710-6bacd5341271/work/Src/Hospital-Management-System/func2.php,Low,Security Auditor View,Low,false,,,,,false,false,UPDATED,Tue May 26 16:32:50 CEST 2026,,false,false,false,SCA,STATIC,Content,C01B6A50-1224-4062-AA16-C3683C44502E,59E11270A93F301FF0CCC489300CBBC1,1.0,0.6,2.0,5.0,Encapsulation,Hardcoded Domain in HTML,"CWE ID 494,CWE ID 829",,,CCI-001167,,Indirect Access to Sensitive Data,,,SC-18 Mobile Code (P2),SC-18 Mobile Code,"1.14.2 Configuration Architectural Requirements (L2 L3),5.3.9 Output Encoding and Injection Prevention Requirements (L1 L2 L3),10.3.2 Deployed Application Integrity Controls (L1 L2 L3),12.3.3 File Execution Requirements (L1 L2 L3),12.3.6 File Execution Requirements (L2 L3),14.2.3 Dependency (L1 L2 L3),14.2.4 Dependency (L2 L3)",MASVS-PLATFORM-2,M7 Client Side Injection,,,,,,,,,,APSC-DV-003300 CAT II,APSC-DV-003300 CAT II,APSC-DV-003300 CAT II,Insufficient Process Validation (WASC-40)
2026_SSE_mavit,1.0,Hardcoded Domain in HTML,func2.php,209,jobs/40df99ae-e5ad-41dc-a710-6bacd5341271/work/Src/Hospital-Management-System/func2.php,Low,Security Auditor View,Low,false,,,,,false,false,UPDATED,Tue May 26 16:32:50 CEST 2026,,false,false,false,SCA,STATIC,Content,C01B6A50-1224-4062-AA16-C3683C44502E,59E11270A93F301FF0CCC489300CBBC2,1.0,0.6,2.0,5.0,Encapsulation,Hardcoded Domain in HTML,"CWE ID 494,CWE ID 829",,,CCI-001167,,Indirect Access to Sensitive Data,,,SC-18 Mobile Code (P2),SC-18 Mobile Code,"1.14.2 Configuration Architectural Requirements (L2 L3),5.3.9 Output Encoding and Injection Prevention Requirements (L1 L2 L3),10.3.2 Deployed Application Integrity Controls (L1 L2 L3),12.3.3 File Execution Requirements (L1 L2 L3),12.3.6 File Execution Requirements (L2 L3),14.2.3 Dependency (L1 L2 L3),14.2.4 Dependency (L2 L3)",MASVS-PLATFORM-2,M7 Client Side Injection,,,,,,,,,,APSC-DV-003300 CAT II,APSC-DV-003300 CAT II,APSC-DV-003300 CAT II,Insufficient Process Validation (WASC-40)
2026_SSE_mavit,1.0,Hardcoded Domain in HTML,func2.php,210,jobs/40df99ae-e5ad-41dc-a710-6bacd5341271/work/Src/Hospital-Management-System/func2.php,Low,Security Auditor View,Low,false,,,,,false,false,UPDATED,Tue May 26 16:32:50 CEST 2026,,false,false,false,SCA,STATIC,Content,C01B6A50-1224-4062-AA16-C3683C44502E,59E11270A93F301FF0CCC489300CBBC3,1.0,0.6,2.0,5.0,Encapsulation,Hardcoded Domain in HTML,"CWE ID 494,CWE ID 829",,,CCI-001167,,Indirect Access to Sensitive Data,,,SC-18 Mobile Code (P2),SC-18 Mobile Code,"1.14.2 Configuration Architectural Requirements (L2 L3),5.3.9 Output Encoding and Injection Prevention Requirements (L1 L2 L3),10.3.2 Deployed Application Integrity Controls (L1 L2 L3),12.3.3 File Execution Requirements (L1 L2 L3),12.3.6 File Execution Requirements (L2 L3),14.2.3 Dependency (L1 L2 L3),14.2.4 Dependency (L2 L3)",MASVS-PLATFORM-2,M7 Client Side Injection,,,,,,,,,,APSC-DV-003300 CAT II,APSC-DV-003300 CAT II,APSC-DV-003300 CAT II,Insufficient Process Validation (WASC-40)
2026_SSE_mavit,1.0,Hardcoded Domain in HTML,func2.php,212,jobs/40df99ae-e5ad-41dc-a710-6bacd5341271/work/Src/Hospital-Management-System/func2.php,Low,Security Auditor View,Low,false,,,,,false,false,UPDATED,Tue May 26 16:32:50 CEST 2026,,false,false,false,SCA,STATIC,Content,C01B6A50-1224-4062-AA16-C3683C44502E,59E11270A93F301FF0CCC489300CBBC4,1.0,0.6,2.0,5.0,Encapsulation,Hardcoded Domain in HTML,"CWE ID 494,CWE ID 829",,,CCI-001167,,Indirect Access to Sensitive Data,,,SC-18 Mobile Code (P2),SC-18 Mobile Code,"1.14.2 Configuration Architectural Requirements (L2 L3),5.3.9 Output Encoding and Injection Prevention Requirements (L1 L2 L3),10.3.2 Deployed Application Integrity Controls (L1 L2 L3),12.3.3 File Execution Requirements (L1 L2 L3),12.3.6 File Execution Requirements (L2 L3),14.2.3 Dependency (L1 L2 L3),14.2.4 Dependency (L2 L3)",MASVS-PLATFORM-2,M7 Client Side Injection,,,,,,,,,,APSC-DV-003300 CAT II,APSC-DV-003300 CAT II,APSC-DV-003300 CAT II,Insufficient Process Validation (WASC-40)
2026_SSE_mavit,1.0,SQL Injection,func3.php,8,jobs/40df99ae-e5ad-41dc-a710-6bacd5341271/work/Src/Hospital-Management-System/func3.php,Critical,Security Auditor View,Critical,false,,,,,false,false,UPDATED,Tue May 26 16:32:50 CEST 2026,,false,false,false,SCA,STATIC,Data Flow,FF858C20-4BCD-4EBA-8DBA-F1502AB06D2E,0B19A50FB94D42B8366955F711CA7305,5.0,5.0,4.0,5.0,Input Validation and Representation,SQL Injection,CWE ID 89,[6] CWE ID 089,[3] CWE ID 089,"CCI-001310,CCI-002754",SI,Indirect Access to Sensitive Data,Rule 1.3,Rule 0-3-1,SI-10 Information Input Validation (P1),SI-10 Information Input Validation,"5.3.4 Output Encoding and Injection Prevention Requirements (L1 L2 L3),5.3.5 Output Encoding and Injection Prevention Requirements (L1 L2 L3)",MASVS-CODE-4,M7 Client Side Injection,A1 Injection,A1 Injection,A03 Injection,Requirement 6.5.1,Requirement 6.2.4,Control Objective 4.2 - Critical Asset Protection,"Control Objective 4.2 - Critical Asset Protection,Control Objective B.3.1 - Terminal Software Attack Mitigation,Control Objective B.3.1.1 - Terminal Software Attack Mitigation","Control Objective 4.2 - Critical Asset Protection,Control Objective B.3.1 - Terminal Software Attack Mitigation,Control Objective B.3.1.1 - Terminal Software Attack Mitigation,Control Objective C.3.2 - Web Software Attack Mitigation",Insecure Interaction - CWE ID 089,"APSC-DV-002540 CAT I,APSC-DV-002560 CAT I","APSC-DV-002540 CAT I,APSC-DV-002560 CAT I","APSC-DV-002540 CAT I,APSC-DV-002560 CAT I",SQL Injection (WASC-19)
2026_SSE_mavit,1.0,SQL Injection,func3.php,8,jobs/40df99ae-e5ad-41dc-a710-6bacd5341271/work/Src/Hospital-Management-System/func3.php,Critical,Security Auditor View,Critical,false,,,,,false,false,UPDATED,Tue May 26 16:32:50 CEST 2026,,false,false,false,SCA,STATIC,Data Flow,FF858C20-4BCD-4EBA-8DBA-F1502AB06D2E,59C68E75CF8D87FA93C23E5C0D0934DA,5.0,5.0,4.0,5.0,Input Validation and Representation,SQL Injection,CWE ID 89,[6] CWE ID 089,[3] CWE ID 089,"CCI-001310,CCI-002754",SI,Indirect Access to Sensitive Data,Rule 1.3,Rule 0-3-1,SI-10 Information Input Validation (P1),SI-10 Information Input Validation,"5.3.4 Output Encoding and Injection Prevention Requirements (L1 L2 L3),5.3.5 Output Encoding and Injection Prevention Requirements (L1 L2 L3)",MASVS-CODE-4,M7 Client Side Injection,A1 Injection,A1 Injection,A03 Injection,Requirement 6.5.1,Requirement 6.2.4,Control Objective 4.2 - Critical Asset Protection,"Control Objective 4.2 - Critical Asset Protection,Control Objective B.3.1 - Terminal Software Attack Mitigation,Control Objective B.3.1.1 - Terminal Software Attack Mitigation","Control Objective 4.2 - Critical Asset Protection,Control Objective B.3.1 - Terminal Software Attack Mitigation,Control Objective B.3.1.1 - Terminal Software Attack Mitigation,Control Objective C.3.2 - Web Software Attack Mitigation",Insecure Interaction - CWE ID 089,"APSC-DV-002540 CAT I,APSC-DV-002560 CAT I","APSC-DV-002540 CAT I,APSC-DV-002560 CAT I","APSC-DV-002540 CAT I,APSC-DV-002560 CAT I",SQL Injection (WASC-19)
2026_SSE_mavit,1.0,SQL Injection,func3.php,8,jobs/40df99ae-e5ad-41dc-a710-6bacd5341271/work/Src/Hospital-Management-System/func3.php,Critical,Security Auditor View,Critical,false,,,,,false,false,UPDATED,Tue May 26 16:32:50 CEST 2026,,false,false,false,SCA,STATIC,Data Flow,FF858C20-4BCD-4EBA-8DBA-F1502AB06D2E,A346733446D3D269C700AF852A8B73B3,5.0,5.0,4.0,5.0,Input Validation and Representation,SQL Injection,CWE ID 89,[6] CWE ID 089,[3] CWE ID 089,"CCI-001310,CCI-002754",SI,Indirect Access to Sensitive Data,Rule 1.3,Rule 0-3-1,SI-10 Information Input Validation (P1),SI-10 Information Input Validation,"5.3.4 Output Encoding and Injection Prevention Requirements (L1 L2 L3),5.3.5 Output Encoding and Injection Prevention Requirements (L1 L2 L3)",MASVS-CODE-4,M7 Client Side Injection,A1 Injection,A1 Injection,A03 Injection,Requirement 6.5.1,Requirement 6.2.4,Control Objective 4.2 - Critical Asset Protection,"Control Objective 4.2 - Critical Asset Protection,Control Objective B.3.1 - Terminal Software Attack Mitigation,Control Objective B.3.1.1 - Terminal Software Attack Mitigation","Control Objective 4.2 - Critical Asset Protection,Control Objective B.3.1 - Terminal Software Attack Mitigation,Control Objective B.3.1.1 - Terminal Software Attack Mitigation,Control Objective C.3.2 - Web Software Attack Mitigation",Insecure Interaction - CWE ID 089,"APSC-DV-002540 CAT I,APSC-DV-002560 CAT I","APSC-DV-002540 CAT I,APSC-DV-002560 CAT I","APSC-DV-002540 CAT I,APSC-DV-002560 CAT I",SQL Injection (WASC-19)
2026_SSE_mavit,1.0,SQL Injection,func3.php,8,jobs/40df99ae-e5ad-41dc-a710-6bacd5341271/work/Src/Hospital-Management-System/func3.php,Critical,Security Auditor View,Critical,false,,,,,false,false,UPDATED,Tue May 26 16:32:50 CEST 2026,,false,false,false,SCA,STATIC,Data Flow,FF858C20-4BCD-4EBA-8DBA-F1502AB06D2E,E6EF8D4E90DAC00E75977B3028E3E337,5.0,5.0,4.0,5.0,Input Validation and Representation,SQL Injection,CWE ID 89,[6] CWE ID 089,[3] CWE ID 089,"CCI-001310,CCI-002754",SI,Indirect Access to Sensitive Data,Rule 1.3,Rule 0-3-1,SI-10 Information Input Validation (P1),SI-10 Information Input Validation,"5.3.4 Output Encoding and Injection Prevention Requirements (L1 L2 L3),5.3.5 Output Encoding and Injection Prevention Requirements (L1 L2 L3)",MASVS-CODE-4,M7 Client Side Injection,A1 Injection,A1 Injection,A03 Injection,Requirement 6.5.1,Requirement 6.2.4,Control Objective 4.2 - Critical Asset Protection,"Control Objective 4.2 - Critical Asset Protection,Control Objective B.3.1 - Terminal Software Attack Mitigation,Control Objective B.3.1.1 - Terminal Software Attack Mitigation","Control Objective 4.2 - Critical Asset Protection,Control Objective B.3.1 - Terminal Software Attack Mitigation,Control Objective B.3.1.1 - Terminal Software Attack Mitigation,Control Objective C.3.2 - Web Software Attack Mitigation",Insecure Interaction - CWE ID 089,"APSC-DV-002540 CAT I,APSC-DV-002560 CAT I","APSC-DV-002540 CAT I,APSC-DV-002560 CAT I","APSC-DV-002540 CAT I,APSC-DV-002560 CAT I",SQL Injection (WASC-19)
2026_SSE_mavit,1.0,SQL Injection,func3.php,24,jobs/40df99ae-e5ad-41dc-a710-6bacd5341271/work/Src/Hospital-Management-System/func3.php,Critical,Security Auditor View,Critical,false,,,,,false,false,UPDATED,Tue May 26 16:32:50 CEST 2026,,false,false,false,SCA,STATIC,Data Flow,FF858C20-4BCD-4EBA-8DBA-F1502AB06D2E,1C8E819E731E79960E6B068A0E251239,5.0,5.0,4.0,5.0,Input Validation and Representation,SQL Injection,CWE ID 89,[6] CWE ID 089,[3] CWE ID 089,"CCI-001310,CCI-002754",SI,Indirect Access to Sensitive Data,Rule 1.3,Rule 0-3-1,SI-10 Information Input Validation (P1),SI-10 Information Input Validation,"5.3.4 Output Encoding and Injection Prevention Requirements (L1 L2 L3),5.3.5 Output Encoding and Injection Prevention Requirements (L1 L2 L3)",MASVS-CODE-4,M7 Client Side Injection,A1 Injection,A1 Injection,A03 Injection,Requirement 6.5.1,Requirement 6.2.4,Control Objective 4.2 - Critical Asset Protection,"Control Objective 4.2 - Critical Asset Protection,Control Objective B.3.1 - Terminal Software Attack Mitigation,Control Objective B.3.1.1 - Terminal Software Attack Mitigation","Control Objective 4.2 - Critical Asset Protection,Control Objective B.3.1 - Terminal Software Attack Mitigation,Control Objective B.3.1.1 - Terminal Software Attack Mitigation,Control Objective C.3.2 - Web Software Attack Mitigation",Insecure Interaction - CWE ID 089,"APSC-DV-002540 CAT I,APSC-DV-002560 CAT I","APSC-DV-002540 CAT I,APSC-DV-002560 CAT I","APSC-DV-002540 CAT I,APSC-DV-002560 CAT I",SQL Injection (WASC-19)
2026_SSE_mavit,1.0,SQL Injection,func3.php,24,jobs/40df99ae-e5ad-41dc-a710-6bacd5341271/work/Src/Hospital-Management-System/func3.php,Critical,Security Auditor View,Critical,false,,,,,false,false,UPDATED,Tue May 26 16:32:50 CEST 2026,,false,false,false,SCA,STATIC,Data Flow,FF858C20-4BCD-4EBA-8DBA-F1502AB06D2E,64F20C59DB640E997DCD2979EC650FEB,5.0,5.0,4.0,5.0,Input Validation and Representation,SQL Injection,CWE ID 89,[6] CWE ID 089,[3] CWE ID 089,"CCI-001310,CCI-002754",SI,Indirect Access to Sensitive Data,Rule 1.3,Rule 0-3-1,SI-10 Information Input Validation (P1),SI-10 Information Input Validation,"5.3.4 Output Encoding and Injection Prevention Requirements (L1 L2 L3),5.3.5 Output Encoding and Injection Prevention Requirements (L1 L2 L3)",MASVS-CODE-4,M7 Client Side Injection,A1 Injection,A1 Injection,A03 Injection,Requirement 6.5.1,Requirement 6.2.4,Control Objective 4.2 - Critical Asset Protection,"Control Objective 4.2 - Critical Asset Protection,Control Objective B.3.1 - Terminal Software Attack Mitigation,Control Objective B.3.1.1 - Terminal Software Attack Mitigation","Control Objective 4.2 - Critical Asset Protection,Control Objective B.3.1 - Terminal Software Attack Mitigation,Control Objective B.3.1.1 - Terminal Software Attack Mitigation,Control Objective C.3.2 - Web Software Attack Mitigation",Insecure Interaction - CWE ID 089,"APSC-DV-002540 CAT I,APSC-DV-002560 CAT I","APSC-DV-002540 CAT I,APSC-DV-002560 CAT I","APSC-DV-002540 CAT I,APSC-DV-002560 CAT I",SQL Injection (WASC-19)
2026_SSE_mavit,1.0,Cross-Site Scripting: Persistent,func3.php,41,jobs/40df99ae-e5ad-41dc-a710-6bacd5341271/work/Src/Hospital-Management-System/func3.php,Critical,Security Auditor View,Critical,false,,,,,false,false,UPDATED,Tue May 26 16:32:50 CEST 2026,,false,false,false,SCA,STATIC,Data Flow,AF6C6C57-CA46-489C-B449-CFE4A5AB7202,873B6CF9A5512DEF8F6EE1D74ECE97E5,5.0,5.0,4.0,5.0,Input Validation and Representation,Cross-Site Scripting: Persistent,"CWE ID 79,CWE ID 80",[2] CWE ID 079,[2] CWE ID 079,"CCI-001310,CCI-002754",SI,Indirect Access to Sensitive Data,,,SI-10 Information Input Validation (P1),SI-10 Information Input Validation,"5.3.3 Output Encoding and Injection Prevention Requirements (L1 L2 L3),5.3.6 Output Encoding and Injection Prevention Requirements (L1 L2 L3)",,M7 Client Side Injection,A3 Cross-Site Scripting (XSS),A7 Cross-Site Scripting (XSS),A03 Injection,Requirement 6.5.7,Requirement 6.2.4,Control Objective 4.2 - Critical Asset Protection,"Control Objective 4.2 - Critical Asset Protection,Control Objective B.3.1 - Terminal Software Attack Mitigation,Control Objective B.3.1.1 - Terminal Software Attack Mitigation","Control Objective 4.2 - Critical Asset Protection,Control Objective B.3.1 - Terminal Software Attack Mitigation,Control Objective B.3.1.1 - Terminal Software Attack Mitigation,Control Objective C.3.2 - Web Software Attack Mitigation",Insecure Interaction - CWE ID 079,"APSC-DV-002490 CAT I,APSC-DV-002560 CAT I","APSC-DV-002490 CAT I,APSC-DV-002560 CAT I","APSC-DV-002490 CAT I,APSC-DV-002560 CAT I",Cross-Site Scripting (WASC-08)
2026_SSE_mavit,1.0,SQL Injection,func3.php,49,jobs/40df99ae-e5ad-41dc-a710-6bacd5341271/work/Src/Hospital-Management-System/func3.php,Critical,Security Auditor View,Critical,false,,,,,false,false,UPDATED,Tue May 26 16:32:50 CEST 2026,,false,false,false,SCA,STATIC,Data Flow,FF858C20-4BCD-4EBA-8DBA-F1502AB06D2E,75529CEAB330C338663835D0E855E5A0,5.0,5.0,4.0,5.0,Input Validation and Representation,SQL Injection,CWE ID 89,[6] CWE ID 089,[3] CWE ID 089,"CCI-001310,CCI-002754",SI,Indirect Access to Sensitive Data,Rule 1.3,Rule 0-3-1,SI-10 Information Input Validation (P1),SI-10 Information Input Validation,"5.3.4 Output Encoding and Injection Prevention Requirements (L1 L2 L3),5.3.5 Output Encoding and Injection Prevention Requirements (L1 L2 L3)",MASVS-CODE-4,M7 Client Side Injection,A1 Injection,A1 Injection,A03 Injection,Requirement 6.5.1,Requirement 6.2.4,Control Objective 4.2 - Critical Asset Protection,"Control Objective 4.2 - Critical Asset Protection,Control Objective B.3.1 - Terminal Software Attack Mitigation,Control Objective B.3.1.1 - Terminal Software Attack Mitigation","Control Objective 4.2 - Critical Asset Protection,Control Objective B.3.1 - Terminal Software Attack Mitigation,Control Objective B.3.1.1 - Terminal Software Attack Mitigation,Control Objective C.3.2 - Web Software Attack Mitigation",Insecure Interaction - CWE ID 089,"APSC-DV-002540 CAT I,APSC-DV-002560 CAT I","APSC-DV-002540 CAT I,APSC-DV-002560 CAT I","APSC-DV-002540 CAT I,APSC-DV-002560 CAT I",SQL Injection (WASC-19)
2026_SSE_mavit,1.0,SQL Injection,header.php,35,jobs/40df99ae-e5ad-41dc-a710-6bacd5341271/work/Src/Hospital-Management-System/include/header.php,Low,Security Auditor View,Low,false,,,,,false,false,UPDATED,Tue May 26 16:32:50 CEST 2026,,false,false,false,SCA,STATIC,Semantic,547E7A53-4768-40A1-929A-3B2C57B9EE79,56C713745D830FE4D75870E3B15BA015,1.0,1.0,2.0,5.0,Input Validation and Representation,SQL Injection,CWE ID 89,[6] CWE ID 089,[3] CWE ID 089,"CCI-001310,CCI-002754",SI,Indirect Access to Sensitive Data,Rule 1.3,Rule 0-3-1,SI-10 Information Input Validation (P1),SI-10 Information Input Validation,"5.3.4 Output Encoding and Injection Prevention Requirements (L1 L2 L3),5.3.5 Output Encoding and Injection Prevention Requirements (L1 L2 L3)",MASVS-CODE-4,M7 Client Side Injection,A1 Injection,A1 Injection,A03 Injection,Requirement 6.5.1,Requirement 6.2.4,Control Objective 4.2 - Critical Asset Protection,"Control Objective 4.2 - Critical Asset Protection,Control Objective B.3.1 - Terminal Software Attack Mitigation,Control Objective B.3.1.1 - Terminal Software Attack Mitigation","Control Objective 4.2 - Critical Asset Protection,Control Objective B.3.1 - Terminal Software Attack Mitigation,Control Objective B.3.1.1 - Terminal Software Attack Mitigation,Control Objective C.3.2 - Web Software Attack Mitigation",Insecure Interaction - CWE ID 089,"APSC-DV-002540 CAT I,APSC-DV-002560 CAT I","APSC-DV-002540 CAT I,APSC-DV-002560 CAT I","APSC-DV-002540 CAT I,APSC-DV-002560 CAT I",SQL Injection (WASC-19)
2026_SSE_mavit,1.0,Cross-Site Scripting: Persistent,header.php,38,jobs/40df99ae-e5ad-41dc-a710-6bacd5341271/work/Src/Hospital-Management-System/include/header.php,Critical,Security Auditor View,Critical,false,,,,,false,false,UPDATED,Tue May 26 16:32:50 CEST 2026,,false,false,false,SCA,STATIC,Data Flow,AF6C6C57-CA46-489C-B449-CFE4A5AB7202,87D4A8AAFB3D28EB77DD1507EF00BCB6,5.0,5.0,4.0,5.0,Input Validation and Representation,Cross-Site Scripting: Persistent,"CWE ID 79,CWE ID 80",[2] CWE ID 079,[2] CWE ID 079,"CCI-001310,CCI-002754",SI,Indirect Access to Sensitive Data,,,SI-10 Information Input Validation (P1),SI-10 Information Input Validation,"5.3.3 Output Encoding and Injection Prevention Requirements (L1 L2 L3),5.3.6 Output Encoding and Injection Prevention Requirements (L1 L2 L3)",,M7 Client Side Injection,A3 Cross-Site Scripting (XSS),A7 Cross-Site Scripting (XSS),A03 Injection,Requirement 6.5.7,Requirement 6.2.4,Control Objective 4.2 - Critical Asset Protection,"Control Objective 4.2 - Critical Asset Protection,Control Objective B.3.1 - Terminal Software Attack Mitigation,Control Objective B.3.1.1 - Terminal Software Attack Mitigation","Control Objective 4.2 - Critical Asset Protection,Control Objective B.3.1 - Terminal Software Attack Mitigation,Control Objective B.3.1.1 - Terminal Software Attack Mitigation,Control Objective C.3.2 - Web Software Attack Mitigation",Insecure Interaction - CWE ID 079,"APSC-DV-002490 CAT I,APSC-DV-002560 CAT I","APSC-DV-002490 CAT I,APSC-DV-002560 CAT I","APSC-DV-002490 CAT I,APSC-DV-002560 CAT I",Cross-Site Scripting (WASC-08)
2026_SSE_mavit,1.0,Insecure Transport: External Link,index.html,121,jobs/40df99ae-e5ad-41dc-a710-6bacd5341271/work/Src/Hospital-Management-System/vendor/ckeditor/samples/index.html,Medium,Security Auditor View,Medium,false,,,,,false,false,UPDATED,Tue May 26 16:32:50 CEST 2026,,false,false,false,SCA,STATIC,Content,C72A3E77-8324-4FF9-B958-74FCDDF39D17,B6611C5DE5B15B1D3A33512C11DF6661,2.0,5.0,5.0,5.0,Security Features,Insecure Transport: External Link,CWE ID 297,[14] CWE ID 287,[14] CWE ID 287,"CCI-000068,CCI-001453,CCI-002418,CCI-002420,CCI-002421,CCI-002422,CCI-002890,CCI-003123","CM,SC",Insufficient Data Protection,,,SC-8 Transmission Confidentiality and Integrity (P1),SC-8 Transmission Confidentiality and Integrity,"2.6.3 Look-up Secret Verifier Requirements (L2 L3),2.7.1 Out of Band Verifier Requirements (L1 L2 L3),2.7.2 Out of Band Verifier Requirements (L1 L2 L3),2.7.3 Out of Band Verifier Requirements (L1 L2 L3),2.8.4 Single or Multi Factor One Time Verifier Requirements (L2 L3),2.8.5 Single or Multi Factor One Time Verifier Requirements (L2 L3),3.7.1 Defenses Against Session Management Exploits (L1 L2 L3),6.2.1 Algorithms (L1 L2 L3),9.2.1 Server Communications Security Requirements (L2 L3),9.2.3 Server Communications Security Requirements (L2 L3)","MASVS-NETWORK-1,MASVS-PLATFORM-2",M3 Insufficient Transport Layer Protection,A6 Sensitive Data Exposure,A3 Sensitive Data Exposure,A05 Security Misconfiguration,"Requirement 4.1,Requirement 6.5.4","Requirement 4.2.1,Requirement 6.2.4","Control Objective 3.3 - Sensitive Data Retention,Control Objective 6.2 - Sensitive Data Protection,Control Objective 7 - Use of Cryptography","Control Objective 3.3 - Sensitive Data Retention,Control Objective 6.2 - Sensitive Data Protection,Control Objective 7 - Use of Cryptography,Control Objective B.2.5 - Terminal Software Design","Control Objective 3.3 - Sensitive Data Retention,Control Objective 6.2 - Sensitive Data Protection,Control Objective 7 - Use of Cryptography,Control Objective B.2.5 - Terminal Software Design,Control Objective C.4.1 - Web Software Communications",,"APSC-DV-000160 CAT II,APSC-DV-000170 CAT II,APSC-DV-001940 CAT II,APSC-DV-001950 CAT II,APSC-DV-002440 CAT I,APSC-DV-002450 CAT II,APSC-DV-002460 CAT II,APSC-DV-002470 CAT II","APSC-DV-000160 CAT II,APSC-DV-000170 CAT II,APSC-DV-001940 CAT II,APSC-DV-001950 CAT II,APSC-DV-002440 CAT I,APSC-DV-002450 CAT II,APSC-DV-002460 CAT II,APSC-DV-002470 CAT II","APSC-DV-000160 CAT II,APSC-DV-000170 CAT II,APSC-DV-001940 CAT II,APSC-DV-001950 CAT II,APSC-DV-002440 CAT I,APSC-DV-002450 CAT II,APSC-DV-002460 CAT II,APSC-DV-002470 CAT II",Insufficient Transport Layer Protection (WASC-04)
2026_SSE_mavit,1.0,Insecure Transport: External Link,index.html,124,jobs/40df99ae-e5ad-41dc-a710-6bacd5341271/work/Src/Hospital-Management-System/vendor/ckeditor/samples/index.html,Medium,Security Auditor View,Medium,false,,,,,false,false,UPDATED,Tue May 26 16:32:50 CEST 2026,,false,false,false,SCA,STATIC,Content,C72A3E77-8324-4FF9-B958-74FCDDF39D17,B6611C5DE5B15B1D3A33512C11DF6662,2.0,5.0,5.0,5.0,Security Features,Insecure Transport: External Link,CWE ID 297,[14] CWE ID 287,[14] CWE ID 287,"CCI-000068,CCI-001453,CCI-002418,CCI-002420,CCI-002421,CCI-002422,CCI-002890,CCI-003123","CM,SC",Insufficient Data Protection,,,SC-8 Transmission Confidentiality and Integrity (P1),SC-8 Transmission Confidentiality and Integrity,"2.6.3 Look-up Secret Verifier Requirements (L2 L3),2.7.1 Out of Band Verifier Requirements (L1 L2 L3),2.7.2 Out of Band Verifier Requirements (L1 L2 L3),2.7.3 Out of Band Verifier Requirements (L1 L2 L3),2.8.4 Single or Multi Factor One Time Verifier Requirements (L2 L3),2.8.5 Single or Multi Factor One Time Verifier Requirements (L2 L3),3.7.1 Defenses Against Session Management Exploits (L1 L2 L3),6.2.1 Algorithms (L1 L2 L3),9.2.1 Server Communications Security Requirements (L2 L3),9.2.3 Server Communications Security Requirements (L2 L3)","MASVS-NETWORK-1,MASVS-PLATFORM-2",M3 Insufficient Transport Layer Protection,A6 Sensitive Data Exposure,A3 Sensitive Data Exposure,A05 Security Misconfiguration,"Requirement 4.1,Requirement 6.5.4","Requirement 4.2.1,Requirement 6.2.4","Control Objective 3.3 - Sensitive Data Retention,Control Objective 6.2 - Sensitive Data Protection,Control Objective 7 - Use of Cryptography","Control Objective 3.3 - Sensitive Data Retention,Control Objective 6.2 - Sensitive Data Protection,Control Objective 7 - Use of Cryptography,Control Objective B.2.5 - Terminal Software Design","Control Objective 3.3 - Sensitive Data Retention,Control Objective 6.2 - Sensitive Data Protection,Control Objective 7 - Use of Cryptography,Control Objective B.2.5 - Terminal Software Design,Control Objective C.4.1 - Web Software Communications",,"APSC-DV-000160 CAT II,APSC-DV-000170 CAT II,APSC-DV-001940 CAT II,APSC-DV-001950 CAT II,APSC-DV-002440 CAT I,APSC-DV-002450 CAT II,APSC-DV-002460 CAT II,APSC-DV-002470 CAT II","APSC-DV-000160 CAT II,APSC-DV-000170 CAT II,APSC-DV-001940 CAT II,APSC-DV-001950 CAT II,APSC-DV-002440 CAT I,APSC-DV-002450 CAT II,APSC-DV-002460 CAT II,APSC-DV-002470 CAT II","APSC-DV-000160 CAT II,APSC-DV-000170 CAT II,APSC-DV-001940 CAT II,APSC-DV-001950 CAT II,APSC-DV-002440 CAT I,APSC-DV-002450 CAT II,APSC-DV-002460 CAT II,APSC-DV-002470 CAT II",Insufficient Transport Layer Protection (WASC-04)
2026_SSE_mavit,1.0,Cross-Site Request Forgery,index.php,101,jobs/40df99ae-e5ad-41dc-a710-6bacd5341271/work/Src/Hospital-Management-System/index.php,Low,Security Auditor View,Low,false,,,,,false,false,UPDATED,Tue May 26 16:32:50 CEST 2026,,false,false,false,SCA,STATIC,Content,78E0700E-56FE-45A2-A11B-6A560F730576,013ACC4D5C3D33157EEFB108A865A97A,2.0,0.4,2.0,5.0,Encapsulation,Cross-Site Request Forgery,CWE ID 352,[9] CWE ID 352,[9] CWE ID 352,"CCI-001310,CCI-001941,CCI-001942",,Access Violation,,,SC-23 Session Authenticity (P1),SC-23 Session Authenticity,"3.5.3 Token-based Session Management (L2 L3),4.2.2 Operation Level Access Control (L1 L2 L3),13.2.3 RESTful Web Service Verification Requirements (L1 L2 L3)",,M5 Poor Authorization and Authentication,A8 Cross-Site Request Forgery (CSRF),,A01 Broken Access Control,Requirement 6.5.9,Requirement 6.2.4,Control Objective 5.4 - Authentication and Access Control,Control Objective 5.4 - Authentication and Access Control,"Control Objective 5.4 - Authentication and Access Control,Control Objective C.2.3 - Web Software Access Controls",Insecure Interaction - CWE ID 352,"APSC-DV-001620 CAT II,APSC-DV-001630 CAT II,APSC-DV-002500 CAT II","APSC-DV-001620 CAT II,APSC-DV-001630 CAT II,APSC-DV-002500 CAT II","APSC-DV-001620 CAT II,APSC-DV-001630 CAT II,APSC-DV-002500 CAT II",Cross-Site Request Forgery (WASC-09)
2026_SSE_mavit,1.0,Privacy Violation: Autocomplete,index.php,112,jobs/40df99ae-e5ad-41dc-a710-6bacd5341271/work/Src/Hospital-Management-System/index.php,High,Security Auditor View,High,false,,,,,false,false,UPDATED,Tue May 26 16:32:50 CEST 2026,,false,false,false,SCA,STATIC,Content,2FC7D1FF-11E4-468E-B7AB-F127828F4016,E7B853D248F7654C15F57CA6AF93F02D,4.0,1.6,3.0,5.0,Security Features,Privacy Violation: Autocomplete,CWE ID 525,,,"CCI-000196,CCI-002361",,Privacy Violation,,,AC-4 Information Flow Enforcement (P1),AC-4 Information Flow Enforcement,"8.1.1 General Data Protection (L2 L3),8.1.2 General Data Protection (L2 L3),8.2.1 Client-side Data Protection (L1 L2 L3)","MASVS-STORAGE-2,MASVS-PLATFORM-3",M4 Unintended Data Leakage,A6 Sensitive Data Exposure,A3 Sensitive Data Exposure,A04 Insecure Design,Requirement 3.2,Requirement 3.3.1,"Control Objective 3.3 - Sensitive Data Retention,Control Objective 6.1 - Sensitive Data Protection","Control Objective 3.3 - Sensitive Data Retention,Control Objective 6.1 - Sensitive Data Protection","Control Objective 3.3 - Sensitive Data Retention,Control Objective 6.1 - Sensitive Data Protection",,"APSC-DV-000060 CAT II,APSC-DV-001740 CAT I","APSC-DV-000060 CAT II,APSC-DV-001740 CAT I","APSC-DV-000060 CAT II,APSC-DV-001740 CAT I",Information Leakage (WASC-13)
2026_SSE_mavit,1.0,Privacy Violation: Autocomplete,index.php,139,jobs/40df99ae-e5ad-41dc-a710-6bacd5341271/work/Src/Hospital-Management-System/index.php,High,Security Auditor View,High,false,,,,,false,false,UPDATED,Tue May 26 16:32:50 CEST 2026,,false,false,false,SCA,STATIC,Content,2FC7D1FF-11E4-468E-B7AB-F127828F4016,E7B853D248F7654C15F57CA6AF93F02E,4.0,1.6,3.0,5.0,Security Features,Privacy Violation: Autocomplete,CWE ID 525,,,"CCI-000196,CCI-002361",,Privacy Violation,,,AC-4 Information Flow Enforcement (P1),AC-4 Information Flow Enforcement,"8.1.1 General Data Protection (L2 L3),8.1.2 General Data Protection (L2 L3),8.2.1 Client-side Data Protection (L1 L2 L3)","MASVS-STORAGE-2,MASVS-PLATFORM-3",M4 Unintended Data Leakage,A6 Sensitive Data Exposure,A3 Sensitive Data Exposure,A04 Insecure Design,Requirement 3.2,Requirement 3.3.1,"Control Objective 3.3 - Sensitive Data Retention,Control Objective 6.1 - Sensitive Data Protection","Control Objective 3.3 - Sensitive Data Retention,Control Objective 6.1 - Sensitive Data Protection","Control Objective 3.3 - Sensitive Data Retention,Control Objective 6.1 - Sensitive Data Protection",,"APSC-DV-000060 CAT II,APSC-DV-001740 CAT I","APSC-DV-000060 CAT II,APSC-DV-001740 CAT I","APSC-DV-000060 CAT II,APSC-DV-001740 CAT I",Information Leakage (WASC-13)
2026_SSE_mavit,1.0,Cross-Site Request Forgery,index.php,151,jobs/40df99ae-e5ad-41dc-a710-6bacd5341271/work/Src/Hospital-Management-System/index.php,Low,Security Auditor View,Low,false,,,,,false,false,UPDATED,Tue May 26 16:32:50 CEST 2026,,false,false,false,SCA,STATIC,Content,78E0700E-56FE-45A2-A11B-6A560F730576,013ACC4D5C3D33157EEFB108A865A97B,2.0,0.4,2.0,5.0,Encapsulation,Cross-Site Request Forgery,CWE ID 352,[9] CWE ID 352,[9] CWE ID 352,"CCI-001310,CCI-001941,CCI-001942",,Access Violation,,,SC-23 Session Authenticity (P1),SC-23 Session Authenticity,"3.5.3 Token-based Session Management (L2 L3),4.2.2 Operation Level Access Control (L1 L2 L3),13.2.3 RESTful Web Service Verification Requirements (L1 L2 L3)",,M5 Poor Authorization and Authentication,A8 Cross-Site Request Forgery (CSRF),,A01 Broken Access Control,Requirement 6.5.9,Requirement 6.2.4,Control Objective 5.4 - Authentication and Access Control,Control Objective 5.4 - Authentication and Access Control,"Control Objective 5.4 - Authentication and Access Control,Control Objective C.2.3 - Web Software Access Controls",Insecure Interaction - CWE ID 352,"APSC-DV-001620 CAT II,APSC-DV-001630 CAT II,APSC-DV-002500 CAT II","APSC-DV-001620 CAT II,APSC-DV-001630 CAT II,APSC-DV-002500 CAT II","APSC-DV-001620 CAT II,APSC-DV-001630 CAT II,APSC-DV-002500 CAT II",Cross-Site Request Forgery (WASC-09)
2026_SSE_mavit,1.0,Privacy Violation: Autocomplete,index.php,160,jobs/40df99ae-e5ad-41dc-a710-6bacd5341271/work/Src/Hospital-Management-System/index.php,High,Security Auditor View,High,false,,,,,false,false,UPDATED,Tue May 26 16:32:50 CEST 2026,,false,false,false,SCA,STATIC,Content,2FC7D1FF-11E4-468E-B7AB-F127828F4016,E7B853D248F7654C15F57CA6AF93F02F,4.0,1.6,3.0,5.0,Security Features,Privacy Violation: Autocomplete,CWE ID 525,,,"CCI-000196,CCI-002361",,Privacy Violation,,,AC-4 Information Flow Enforcement (P1),AC-4 Information Flow Enforcement,"8.1.1 General Data Protection (L2 L3),8.1.2 General Data Protection (L2 L3),8.2.1 Client-side Data Protection (L1 L2 L3)","MASVS-STORAGE-2,MASVS-PLATFORM-3",M4 Unintended Data Leakage,A6 Sensitive Data Exposure,A3 Sensitive Data Exposure,A04 Insecure Design,Requirement 3.2,Requirement 3.3.1,"Control Objective 3.3 - Sensitive Data Retention,Control Objective 6.1 - Sensitive Data Protection","Control Objective 3.3 - Sensitive Data Retention,Control Objective 6.1 - Sensitive Data Protection","Control Objective 3.3 - Sensitive Data Retention,Control Objective 6.1 - Sensitive Data Protection",,"APSC-DV-000060 CAT II,APSC-DV-001740 CAT I","APSC-DV-000060 CAT II,APSC-DV-001740 CAT I","APSC-DV-000060 CAT II,APSC-DV-001740 CAT I",Information Leakage (WASC-13)
2026_SSE_mavit,1.0,Cross-Site Request Forgery,index.php,172,jobs/40df99ae-e5ad-41dc-a710-6bacd5341271/work/Src/Hospital-Management-System/index.php,Low,Security Auditor View,Low,false,,,,,false,false,UPDATED,Tue May 26 16:32:50 CEST 2026,,false,false,false,SCA,STATIC,Content,78E0700E-56FE-45A2-A11B-6A560F730576,013ACC4D5C3D33157EEFB108A865A97C,2.0,0.4,2.0,5.0,Encapsulation,Cross-Site Request Forgery,CWE ID 352,[9] CWE ID 352,[9] CWE ID 352,"CCI-001310,CCI-001941,CCI-001942",,Access Violation,,,SC-23 Session Authenticity (P1),SC-23 Session Authenticity,"3.5.3 Token-based Session Management (L2 L3),4.2.2 Operation Level Access Control (L1 L2 L3),13.2.3 RESTful Web Service Verification Requirements (L1 L2 L3)",,M5 Poor Authorization and Authentication,A8 Cross-Site Request Forgery (CSRF),,A01 Broken Access Control,Requirement 6.5.9,Requirement 6.2.4,Control Objective 5.4 - Authentication and Access Control,Control Objective 5.4 - Authentication and Access Control,"Control Objective 5.4 - Authentication and Access Control,Control Objective C.2.3 - Web Software Access Controls",Insecure Interaction - CWE ID 352,"APSC-DV-001620 CAT II,APSC-DV-001630 CAT II,APSC-DV-002500 CAT II","APSC-DV-001620 CAT II,APSC-DV-001630 CAT II,APSC-DV-002500 CAT II","APSC-DV-001620 CAT II,APSC-DV-001630 CAT II,APSC-DV-002500 CAT II",Cross-Site Request Forgery (WASC-09)
2026_SSE_mavit,1.0,Privacy Violation: Autocomplete,index.php,184,jobs/40df99ae-e5ad-41dc-a710-6bacd5341271/work/Src/Hospital-Management-System/index.php,High,Security Auditor View,High,false,,,,,false,false,UPDATED,Tue May 26 16:32:50 CEST 2026,,false,false,false,SCA,STATIC,Content,2FC7D1FF-11E4-468E-B7AB-F127828F4016,E7B853D248F7654C15F57CA6AF93F030,4.0,1.6,3.0,5.0,Security Features,Privacy Violation: Autocomplete,CWE ID 525,,,"CCI-000196,CCI-002361",,Privacy Violation,,,AC-4 Information Flow Enforcement (P1),AC-4 Information Flow Enforcement,"8.1.1 General Data Protection (L2 L3),8.1.2 General Data Protection (L2 L3),8.2.1 Client-side Data Protection (L1 L2 L3)","MASVS-STORAGE-2,MASVS-PLATFORM-3",M4 Unintended Data Leakage,A6 Sensitive Data Exposure,A3 Sensitive Data Exposure,A04 Insecure Design,Requirement 3.2,Requirement 3.3.1,"Control Objective 3.3 - Sensitive Data Retention,Control Objective 6.1 - Sensitive Data Protection","Control Objective 3.3 - Sensitive Data Retention,Control Objective 6.1 - Sensitive Data Protection","Control Objective 3.3 - Sensitive Data Retention,Control Objective 6.1 - Sensitive Data Protection",,"APSC-DV-000060 CAT II,APSC-DV-001740 CAT I","APSC-DV-000060 CAT II,APSC-DV-001740 CAT I","APSC-DV-000060 CAT II,APSC-DV-001740 CAT I",Information Leakage (WASC-13)
2026_SSE_mavit,1.0,Hardcoded Domain in HTML,index.php,200,jobs/40df99ae-e5ad-41dc-a710-6bacd5341271/work/Src/Hospital-Management-System/index.php,Low,Security Auditor View,Low,false,,,,,false,false,UPDATED,Tue May 26 16:32:50 CEST 2026,,false,false,false,SCA,STATIC,Content,C01B6A50-1224-4062-AA16-C3683C44502E,2790303A4CF49558BDEB544760761A3F,1.0,0.6,2.0,5.0,Encapsulation,Hardcoded Domain in HTML,"CWE ID 494,CWE ID 829",,,CCI-001167,,Indirect Access to Sensitive Data,,,SC-18 Mobile Code (P2),SC-18 Mobile Code,"1.14.2 Configuration Architectural Requirements (L2 L3),5.3.9 Output Encoding and Injection Prevention Requirements (L1 L2 L3),10.3.2 Deployed Application Integrity Controls (L1 L2 L3),12.3.3 File Execution Requirements (L1 L2 L3),12.3.6 File Execution Requirements (L2 L3),14.2.3 Dependency (L1 L2 L3),14.2.4 Dependency (L2 L3)",MASVS-PLATFORM-2,M7 Client Side Injection,,,,,,,,,,APSC-DV-003300 CAT II,APSC-DV-003300 CAT II,APSC-DV-003300 CAT II,Insufficient Process Validation (WASC-40)
2026_SSE_mavit,1.0,Hardcoded Domain in HTML,index.php,201,jobs/40df99ae-e5ad-41dc-a710-6bacd5341271/work/Src/Hospital-Management-System/index.php,Low,Security Auditor View,Low,false,,,,,false,false,UPDATED,Tue May 26 16:32:50 CEST 2026,,false,false,false,SCA,STATIC,Content,C01B6A50-1224-4062-AA16-C3683C44502E,2790303A4CF49558BDEB544760761A40,1.0,0.6,2.0,5.0,Encapsulation,Hardcoded Domain in HTML,"CWE ID 494,CWE ID 829",,,CCI-001167,,Indirect Access to Sensitive Data,,,SC-18 Mobile Code (P2),SC-18 Mobile Code,"1.14.2 Configuration Architectural Requirements (L2 L3),5.3.9 Output Encoding and Injection Prevention Requirements (L1 L2 L3),10.3.2 Deployed Application Integrity Controls (L1 L2 L3),12.3.3 File Execution Requirements (L1 L2 L3),12.3.6 File Execution Requirements (L2 L3),14.2.3 Dependency (L1 L2 L3),14.2.4 Dependency (L2 L3)",MASVS-PLATFORM-2,M7 Client Side Injection,,,,,,,,,,APSC-DV-003300 CAT II,APSC-DV-003300 CAT II,APSC-DV-003300 CAT II,Insufficient Process Validation (WASC-40)
2026_SSE_mavit,1.0,Hardcoded Domain in HTML,index.php,202,jobs/40df99ae-e5ad-41dc-a710-6bacd5341271/work/Src/Hospital-Management-System/index.php,Low,Security Auditor View,Low,false,,,,,false,false,UPDATED,Tue May 26 16:32:50 CEST 2026,,false,false,false,SCA,STATIC,Content,C01B6A50-1224-4062-AA16-C3683C44502E,2790303A4CF49558BDEB544760761A41,1.0,0.6,2.0,5.0,Encapsulation,Hardcoded Domain in HTML,"CWE ID 494,CWE ID 829",,,CCI-001167,,Indirect Access to Sensitive Data,,,SC-18 Mobile Code (P2),SC-18 Mobile Code,"1.14.2 Configuration Architectural Requirements (L2 L3),5.3.9 Output Encoding and Injection Prevention Requirements (L1 L2 L3),10.3.2 Deployed Application Integrity Controls (L1 L2 L3),12.3.3 File Execution Requirements (L1 L2 L3),12.3.6 File Execution Requirements (L2 L3),14.2.3 Dependency (L1 L2 L3),14.2.4 Dependency (L2 L3)",MASVS-PLATFORM-2,M7 Client Side Injection,,,,,,,,,,APSC-DV-003300 CAT II,APSC-DV-003300 CAT II,APSC-DV-003300 CAT II,Insufficient Process Validation (WASC-40)
2026_SSE_mavit,1.0,Hardcoded Domain in HTML,index.php,204,jobs/40df99ae-e5ad-41dc-a710-6bacd5341271/work/Src/Hospital-Management-System/index.php,Low,Security Auditor View,Low,false,,,,,false,false,UPDATED,Tue May 26 16:32:50 CEST 2026,,false,false,false,SCA,STATIC,Content,C01B6A50-1224-4062-AA16-C3683C44502E,2790303A4CF49558BDEB544760761A42,1.0,0.6,2.0,5.0,Encapsulation,Hardcoded Domain in HTML,"CWE ID 494,CWE ID 829",,,CCI-001167,,Indirect Access to Sensitive Data,,,SC-18 Mobile Code (P2),SC-18 Mobile Code,"1.14.2 Configuration Architectural Requirements (L2 L3),5.3.9 Output Encoding and Injection Prevention Requirements (L1 L2 L3),10.3.2 Deployed Application Integrity Controls (L1 L2 L3),12.3.3 File Execution Requirements (L1 L2 L3),12.3.6 File Execution Requirements (L2 L3),14.2.3 Dependency (L1 L2 L3),14.2.4 Dependency (L2 L3)",MASVS-PLATFORM-2,M7 Client Side Injection,,,,,,,,,,APSC-DV-003300 CAT II,APSC-DV-003300 CAT II,APSC-DV-003300 CAT II,Insufficient Process Validation (WASC-40)
2026_SSE_mavit,1.0,System Information Leak: External,index.php,13,jobs/40df99ae-e5ad-41dc-a710-6bacd5341271/work/Src/Hospital-Management-System/vendor/jquery-file-upload/server/php/index.php,Low,Security Auditor View,Low,false,,,,,false,false,UPDATED,Tue May 26 16:32:50 CEST 2026,,false,false,false,SCA,STATIC,Semantic,4C36222E-0455-451f-9D51-7B15E2B713FA,750E8BC37BD09557149AFE3FD9A9835F,2.0,0.8,3.0,5.0,Encapsulation,System Information Leak: External,"CWE ID 215,CWE ID 489,CWE ID 497",[20] CWE ID 200,,"CCI-001312,CCI-001314,CCI-002420",,Indirect Access to Sensitive Data,,,AC-4 Information Flow Enforcement (P1),AC-4 Information Flow Enforcement,"8.3.4 Sensitive Private Data (L1 L2 L3),14.2.2 Dependency (L1 L2 L3),14.3.2 Unintended Security Disclosure Requirements (L1 L2 L3),14.3.3 Unintended Security Disclosure Requirements (L1 L2 L3)","MASVS-STORAGE-1,MASVS-PLATFORM-2",M2 Insecure Data Storage,,,A05 Security Misconfiguration,Requirement 6.5.5,Requirement 6.2.4,Control Objective 3.6 - Sensitive Data Retention,Control Objective 3.6 - Sensitive Data Retention,Control Objective 3.6 - Sensitive Data Retention,,"APSC-DV-002480 CAT II,APSC-DV-002570 CAT II,APSC-DV-002580 CAT II","APSC-DV-002480 CAT II,APSC-DV-002570 CAT II,APSC-DV-002580 CAT II","APSC-DV-002480 CAT II,APSC-DV-002570 CAT II,APSC-DV-002580 CAT II",Information Leakage (WASC-13)
2026_SSE_mavit,1.0,Cross-Site Request Forgery,index1.php,85,jobs/40df99ae-e5ad-41dc-a710-6bacd5341271/work/Src/Hospital-Management-System/index1.php,Low,Security Auditor View,Low,false,,,,,false,false,UPDATED,Tue May 26 16:32:50 CEST 2026,,false,false,false,SCA,STATIC,Content,78E0700E-56FE-45A2-A11B-6A560F730576,0E5B3406029F9B3BCB47D6193120C9B1,2.0,0.4,2.0,5.0,Encapsulation,Cross-Site Request Forgery,CWE ID 352,[9] CWE ID 352,[9] CWE ID 352,"CCI-001310,CCI-001941,CCI-001942",,Access Violation,,,SC-23 Session Authenticity (P1),SC-23 Session Authenticity,"3.5.3 Token-based Session Management (L2 L3),4.2.2 Operation Level Access Control (L1 L2 L3),13.2.3 RESTful Web Service Verification Requirements (L1 L2 L3)",,M5 Poor Authorization and Authentication,A8 Cross-Site Request Forgery (CSRF),,A01 Broken Access Control,Requirement 6.5.9,Requirement 6.2.4,Control Objective 5.4 - Authentication and Access Control,Control Objective 5.4 - Authentication and Access Control,"Control Objective 5.4 - Authentication and Access Control,Control Objective C.2.3 - Web Software Access Controls",Insecure Interaction - CWE ID 352,"APSC-DV-001620 CAT II,APSC-DV-001630 CAT II,APSC-DV-002500 CAT II","APSC-DV-001620 CAT II,APSC-DV-001630 CAT II,APSC-DV-002500 CAT II","APSC-DV-001620 CAT II,APSC-DV-001630 CAT II,APSC-DV-002500 CAT II",Cross-Site Request Forgery (WASC-09)
2026_SSE_mavit,1.0,Privacy Violation: Autocomplete,index1.php,90,jobs/40df99ae-e5ad-41dc-a710-6bacd5341271/work/Src/Hospital-Management-System/index1.php,High,Security Auditor View,High,false,,,,,false,false,UPDATED,Tue May 26 16:32:50 CEST 2026,,false,false,false,SCA,STATIC,Content,2FC7D1FF-11E4-468E-B7AB-F127828F4016,9E000BA5D2B59F091978FF8DE934B169,4.0,1.6,3.0,5.0,Security Features,Privacy Violation: Autocomplete,CWE ID 525,,,"CCI-000196,CCI-002361",,Privacy Violation,,,AC-4 Information Flow Enforcement (P1),AC-4 Information Flow Enforcement,"8.1.1 General Data Protection (L2 L3),8.1.2 General Data Protection (L2 L3),8.2.1 Client-side Data Protection (L1 L2 L3)","MASVS-STORAGE-2,MASVS-PLATFORM-3",M4 Unintended Data Leakage,A6 Sensitive Data Exposure,A3 Sensitive Data Exposure,A04 Insecure Design,Requirement 3.2,Requirement 3.3.1,"Control Objective 3.3 - Sensitive Data Retention,Control Objective 6.1 - Sensitive Data Protection","Control Objective 3.3 - Sensitive Data Retention,Control Objective 6.1 - Sensitive Data Protection","Control Objective 3.3 - Sensitive Data Retention,Control Objective 6.1 - Sensitive Data Protection",,"APSC-DV-000060 CAT II,APSC-DV-001740 CAT I","APSC-DV-000060 CAT II,APSC-DV-001740 CAT I","APSC-DV-000060 CAT II,APSC-DV-001740 CAT I",Information Leakage (WASC-13)
2026_SSE_mavit,1.0,Hardcoded Domain in HTML,index1.php,114,jobs/40df99ae-e5ad-41dc-a710-6bacd5341271/work/Src/Hospital-Management-System/index1.php,Low,Security Auditor View,Low,false,,,,,false,false,UPDATED,Tue May 26 16:32:50 CEST 2026,,false,false,false,SCA,STATIC,Content,C01B6A50-1224-4062-AA16-C3683C44502E,A934F45EBB5A44475EF5D3F3DE96EEFC,1.0,0.6,2.0,5.0,Encapsulation,Hardcoded Domain in HTML,"CWE ID 494,CWE ID 829",,,CCI-001167,,Indirect Access to Sensitive Data,,,SC-18 Mobile Code (P2),SC-18 Mobile Code,"1.14.2 Configuration Architectural Requirements (L2 L3),5.3.9 Output Encoding and Injection Prevention Requirements (L1 L2 L3),10.3.2 Deployed Application Integrity Controls (L1 L2 L3),12.3.3 File Execution Requirements (L1 L2 L3),12.3.6 File Execution Requirements (L2 L3),14.2.3 Dependency (L1 L2 L3),14.2.4 Dependency (L2 L3)",MASVS-PLATFORM-2,M7 Client Side Injection,,,,,,,,,,APSC-DV-003300 CAT II,APSC-DV-003300 CAT II,APSC-DV-003300 CAT II,Insufficient Process Validation (WASC-40)
2026_SSE_mavit,1.0,Hardcoded Domain in HTML,index1.php,115,jobs/40df99ae-e5ad-41dc-a710-6bacd5341271/work/Src/Hospital-Management-System/index1.php,Low,Security Auditor View,Low,false,,,,,false,false,UPDATED,Tue May 26 16:32:50 CEST 2026,,false,false,false,SCA,STATIC,Content,C01B6A50-1224-4062-AA16-C3683C44502E,A934F45EBB5A44475EF5D3F3DE96EEFD,1.0,0.6,2.0,5.0,Encapsulation,Hardcoded Domain in HTML,"CWE ID 494,CWE ID 829",,,CCI-001167,,Indirect Access to Sensitive Data,,,SC-18 Mobile Code (P2),SC-18 Mobile Code,"1.14.2 Configuration Architectural Requirements (L2 L3),5.3.9 Output Encoding and Injection Prevention Requirements (L1 L2 L3),10.3.2 Deployed Application Integrity Controls (L1 L2 L3),12.3.3 File Execution Requirements (L1 L2 L3),12.3.6 File Execution Requirements (L2 L3),14.2.3 Dependency (L1 L2 L3),14.2.4 Dependency (L2 L3)",MASVS-PLATFORM-2,M7 Client Side Injection,,,,,,,,,,APSC-DV-003300 CAT II,APSC-DV-003300 CAT II,APSC-DV-003300 CAT II,Insufficient Process Validation (WASC-40)
2026_SSE_mavit,1.0,Hardcoded Domain in HTML,index1.php,116,jobs/40df99ae-e5ad-41dc-a710-6bacd5341271/work/Src/Hospital-Management-System/index1.php,Low,Security Auditor View,Low,false,,,,,false,false,UPDATED,Tue May 26 16:32:50 CEST 2026,,false,false,false,SCA,STATIC,Content,C01B6A50-1224-4062-AA16-C3683C44502E,A934F45EBB5A44475EF5D3F3DE96EEFE,1.0,0.6,2.0,5.0,Encapsulation,Hardcoded Domain in HTML,"CWE ID 494,CWE ID 829",,,CCI-001167,,Indirect Access to Sensitive Data,,,SC-18 Mobile Code (P2),SC-18 Mobile Code,"1.14.2 Configuration Architectural Requirements (L2 L3),5.3.9 Output Encoding and Injection Prevention Requirements (L1 L2 L3),10.3.2 Deployed Application Integrity Controls (L1 L2 L3),12.3.3 File Execution Requirements (L1 L2 L3),12.3.6 File Execution Requirements (L2 L3),14.2.3 Dependency (L1 L2 L3),14.2.4 Dependency (L2 L3)",MASVS-PLATFORM-2,M7 Client Side Injection,,,,,,,,,,APSC-DV-003300 CAT II,APSC-DV-003300 CAT II,APSC-DV-003300 CAT II,Insufficient Process Validation (WASC-40)
2026_SSE_mavit,1.0,Insecure Transport: External Link,inlineall.html,235,jobs/40df99ae-e5ad-41dc-a710-6bacd5341271/work/Src/Hospital-Management-System/vendor/ckeditor/samples/inlineall.html,Medium,Security Auditor View,Medium,false,,,,,false,false,UPDATED,Tue May 26 16:32:50 CEST 2026,,false,false,false,SCA,STATIC,Content,C72A3E77-8324-4FF9-B958-74FCDDF39D17,38F4373798BEC8CDE9DC4BFFC58EF261,2.0,5.0,5.0,5.0,Security Features,Insecure Transport: External Link,CWE ID 297,[14] CWE ID 287,[14] CWE ID 287,"CCI-000068,CCI-001453,CCI-002418,CCI-002420,CCI-002421,CCI-002422,CCI-002890,CCI-003123","CM,SC",Insufficient Data Protection,,,SC-8 Transmission Confidentiality and Integrity (P1),SC-8 Transmission Confidentiality and Integrity,"2.6.3 Look-up Secret Verifier Requirements (L2 L3),2.7.1 Out of Band Verifier Requirements (L1 L2 L3),2.7.2 Out of Band Verifier Requirements (L1 L2 L3),2.7.3 Out of Band Verifier Requirements (L1 L2 L3),2.8.4 Single or Multi Factor One Time Verifier Requirements (L2 L3),2.8.5 Single or Multi Factor One Time Verifier Requirements (L2 L3),3.7.1 Defenses Against Session Management Exploits (L1 L2 L3),6.2.1 Algorithms (L1 L2 L3),9.2.1 Server Communications Security Requirements (L2 L3),9.2.3 Server Communications Security Requirements (L2 L3)","MASVS-NETWORK-1,MASVS-PLATFORM-2",M3 Insufficient Transport Layer Protection,A6 Sensitive Data Exposure,A3 Sensitive Data Exposure,A05 Security Misconfiguration,"Requirement 4.1,Requirement 6.5.4","Requirement 4.2.1,Requirement 6.2.4","Control Objective 3.3 - Sensitive Data Retention,Control Objective 6.2 - Sensitive Data Protection,Control Objective 7 - Use of Cryptography","Control Objective 3.3 - Sensitive Data Retention,Control Objective 6.2 - Sensitive Data Protection,Control Objective 7 - Use of Cryptography,Control Objective B.2.5 - Terminal Software Design","Control Objective 3.3 - Sensitive Data Retention,Control Objective 6.2 - Sensitive Data Protection,Control Objective 7 - Use of Cryptography,Control Objective B.2.5 - Terminal Software Design,Control Objective C.4.1 - Web Software Communications",,"APSC-DV-000160 CAT II,APSC-DV-000170 CAT II,APSC-DV-001940 CAT II,APSC-DV-001950 CAT II,APSC-DV-002440 CAT I,APSC-DV-002450 CAT II,APSC-DV-002460 CAT II,APSC-DV-002470 CAT II","APSC-DV-000160 CAT II,APSC-DV-000170 CAT II,APSC-DV-001940 CAT II,APSC-DV-001950 CAT II,APSC-DV-002440 CAT I,APSC-DV-002450 CAT II,APSC-DV-002460 CAT II,APSC-DV-002470 CAT II","APSC-DV-000160 CAT II,APSC-DV-000170 CAT II,APSC-DV-001940 CAT II,APSC-DV-001950 CAT II,APSC-DV-002440 CAT I,APSC-DV-002450 CAT II,APSC-DV-002460 CAT II,APSC-DV-002470 CAT II",Insufficient Transport Layer Protection (WASC-04)
2026_SSE_mavit,1.0,Insecure Transport: External Link,inlineall.html,259,jobs/40df99ae-e5ad-41dc-a710-6bacd5341271/work/Src/Hospital-Management-System/vendor/ckeditor/samples/inlineall.html,Medium,Security Auditor View,Medium,false,,,,,false,false,UPDATED,Tue May 26 16:32:50 CEST 2026,,false,false,false,SCA,STATIC,Content,C72A3E77-8324-4FF9-B958-74FCDDF39D17,38F4373798BEC8CDE9DC4BFFC58EF262,2.0,5.0,5.0,5.0,Security Features,Insecure Transport: External Link,CWE ID 297,[14] CWE ID 287,[14] CWE ID 287,"CCI-000068,CCI-001453,CCI-002418,CCI-002420,CCI-002421,CCI-002422,CCI-002890,CCI-003123","CM,SC",Insufficient Data Protection,,,SC-8 Transmission Confidentiality and Integrity (P1),SC-8 Transmission Confidentiality and Integrity,"2.6.3 Look-up Secret Verifier Requirements (L2 L3),2.7.1 Out of Band Verifier Requirements (L1 L2 L3),2.7.2 Out of Band Verifier Requirements (L1 L2 L3),2.7.3 Out of Band Verifier Requirements (L1 L2 L3),2.8.4 Single or Multi Factor One Time Verifier Requirements (L2 L3),2.8.5 Single or Multi Factor One Time Verifier Requirements (L2 L3),3.7.1 Defenses Against Session Management Exploits (L1 L2 L3),6.2.1 Algorithms (L1 L2 L3),9.2.1 Server Communications Security Requirements (L2 L3),9.2.3 Server Communications Security Requirements (L2 L3)","MASVS-NETWORK-1,MASVS-PLATFORM-2",M3 Insufficient Transport Layer Protection,A6 Sensitive Data Exposure,A3 Sensitive Data Exposure,A05 Security Misconfiguration,"Requirement 4.1,Requirement 6.5.4","Requirement 4.2.1,Requirement 6.2.4","Control Objective 3.3 - Sensitive Data Retention,Control Objective 6.2 - Sensitive Data Protection,Control Objective 7 - Use of Cryptography","Control Objective 3.3 - Sensitive Data Retention,Control Objective 6.2 - Sensitive Data Protection,Control Objective 7 - Use of Cryptography,Control Objective B.2.5 - Terminal Software Design","Control Objective 3.3 - Sensitive Data Retention,Control Objective 6.2 - Sensitive Data Protection,Control Objective 7 - Use of Cryptography,Control Objective B.2.5 - Terminal Software Design,Control Objective C.4.1 - Web Software Communications",,"APSC-DV-000160 CAT II,APSC-DV-000170 CAT II,APSC-DV-001940 CAT II,APSC-DV-001950 CAT II,APSC-DV-002440 CAT I,APSC-DV-002450 CAT II,APSC-DV-002460 CAT II,APSC-DV-002470 CAT II","APSC-DV-000160 CAT II,APSC-DV-000170 CAT II,APSC-DV-001940 CAT II,APSC-DV-001950 CAT II,APSC-DV-002440 CAT I,APSC-DV-002450 CAT II,APSC-DV-002460 CAT II,APSC-DV-002470 CAT II","APSC-DV-000160 CAT II,APSC-DV-000170 CAT II,APSC-DV-001940 CAT II,APSC-DV-001950 CAT II,APSC-DV-002440 CAT I,APSC-DV-002450 CAT II,APSC-DV-002460 CAT II,APSC-DV-002470 CAT II",Insufficient Transport Layer Protection (WASC-04)
2026_SSE_mavit,1.0,Insecure Transport: External Link,inlineall.html,268,jobs/40df99ae-e5ad-41dc-a710-6bacd5341271/work/Src/Hospital-Management-System/vendor/ckeditor/samples/inlineall.html,Medium,Security Auditor View,Medium,false,,,,,false,false,UPDATED,Tue May 26 16:32:50 CEST 2026,,false,false,false,SCA,STATIC,Content,C72A3E77-8324-4FF9-B958-74FCDDF39D17,38F4373798BEC8CDE9DC4BFFC58EF263,2.0,5.0,5.0,5.0,Security Features,Insecure Transport: External Link,CWE ID 297,[14] CWE ID 287,[14] CWE ID 287,"CCI-000068,CCI-001453,CCI-002418,CCI-002420,CCI-002421,CCI-002422,CCI-002890,CCI-003123","CM,SC",Insufficient Data Protection,,,SC-8 Transmission Confidentiality and Integrity (P1),SC-8 Transmission Confidentiality and Integrity,"2.6.3 Look-up Secret Verifier Requirements (L2 L3),2.7.1 Out of Band Verifier Requirements (L1 L2 L3),2.7.2 Out of Band Verifier Requirements (L1 L2 L3),2.7.3 Out of Band Verifier Requirements (L1 L2 L3),2.8.4 Single or Multi Factor One Time Verifier Requirements (L2 L3),2.8.5 Single or Multi Factor One Time Verifier Requirements (L2 L3),3.7.1 Defenses Against Session Management Exploits (L1 L2 L3),6.2.1 Algorithms (L1 L2 L3),9.2.1 Server Communications Security Requirements (L2 L3),9.2.3 Server Communications Security Requirements (L2 L3)","MASVS-NETWORK-1,MASVS-PLATFORM-2",M3 Insufficient Transport Layer Protection,A6 Sensitive Data Exposure,A3 Sensitive Data Exposure,A05 Security Misconfiguration,"Requirement 4.1,Requirement 6.5.4","Requirement 4.2.1,Requirement 6.2.4","Control Objective 3.3 - Sensitive Data Retention,Control Objective 6.2 - Sensitive Data Protection,Control Objective 7 - Use of Cryptography","Control Objective 3.3 - Sensitive Data Retention,Control Objective 6.2 - Sensitive Data Protection,Control Objective 7 - Use of Cryptography,Control Objective B.2.5 - Terminal Software Design","Control Objective 3.3 - Sensitive Data Retention,Control Objective 6.2 - Sensitive Data Protection,Control Objective 7 - Use of Cryptography,Control Objective B.2.5 - Terminal Software Design,Control Objective C.4.1 - Web Software Communications",,"APSC-DV-000160 CAT II,APSC-DV-000170 CAT II,APSC-DV-001940 CAT II,APSC-DV-001950 CAT II,APSC-DV-002440 CAT I,APSC-DV-002450 CAT II,APSC-DV-002460 CAT II,APSC-DV-002470 CAT II","APSC-DV-000160 CAT II,APSC-DV-000170 CAT II,APSC-DV-001940 CAT II,APSC-DV-001950 CAT II,APSC-DV-002440 CAT I,APSC-DV-002450 CAT II,APSC-DV-002460 CAT II,APSC-DV-002470 CAT II","APSC-DV-000160 CAT II,APSC-DV-000170 CAT II,APSC-DV-001940 CAT II,APSC-DV-001950 CAT II,APSC-DV-002440 CAT I,APSC-DV-002450 CAT II,APSC-DV-002460 CAT II,APSC-DV-002470 CAT II",Insufficient Transport Layer Protection (WASC-04)
2026_SSE_mavit,1.0,Insecure Transport: External Link,inlineall.html,286,jobs/40df99ae-e5ad-41dc-a710-6bacd5341271/work/Src/Hospital-Management-System/vendor/ckeditor/samples/inlineall.html,Medium,Security Auditor View,Medium,false,,,,,false,false,UPDATED,Tue May 26 16:32:50 CEST 2026,,false,false,false,SCA,STATIC,Content,C72A3E77-8324-4FF9-B958-74FCDDF39D17,38F4373798BEC8CDE9DC4BFFC58EF264,2.0,5.0,5.0,5.0,Security Features,Insecure Transport: External Link,CWE ID 297,[14] CWE ID 287,[14] CWE ID 287,"CCI-000068,CCI-001453,CCI-002418,CCI-002420,CCI-002421,CCI-002422,CCI-002890,CCI-003123","CM,SC",Insufficient Data Protection,,,SC-8 Transmission Confidentiality and Integrity (P1),SC-8 Transmission Confidentiality and Integrity,"2.6.3 Look-up Secret Verifier Requirements (L2 L3),2.7.1 Out of Band Verifier Requirements (L1 L2 L3),2.7.2 Out of Band Verifier Requirements (L1 L2 L3),2.7.3 Out of Band Verifier Requirements (L1 L2 L3),2.8.4 Single or Multi Factor One Time Verifier Requirements (L2 L3),2.8.5 Single or Multi Factor One Time Verifier Requirements (L2 L3),3.7.1 Defenses Against Session Management Exploits (L1 L2 L3),6.2.1 Algorithms (L1 L2 L3),9.2.1 Server Communications Security Requirements (L2 L3),9.2.3 Server Communications Security Requirements (L2 L3)","MASVS-NETWORK-1,MASVS-PLATFORM-2",M3 Insufficient Transport Layer Protection,A6 Sensitive Data Exposure,A3 Sensitive Data Exposure,A05 Security Misconfiguration,"Requirement 4.1,Requirement 6.5.4","Requirement 4.2.1,Requirement 6.2.4","Control Objective 3.3 - Sensitive Data Retention,Control Objective 6.2 - Sensitive Data Protection,Control Objective 7 - Use of Cryptography","Control Objective 3.3 - Sensitive Data Retention,Control Objective 6.2 - Sensitive Data Protection,Control Objective 7 - Use of Cryptography,Control Objective B.2.5 - Terminal Software Design","Control Objective 3.3 - Sensitive Data Retention,Control Objective 6.2 - Sensitive Data Protection,Control Objective 7 - Use of Cryptography,Control Objective B.2.5 - Terminal Software Design,Control Objective C.4.1 - Web Software Communications",,"APSC-DV-000160 CAT II,APSC-DV-000170 CAT II,APSC-DV-001940 CAT II,APSC-DV-001950 CAT II,APSC-DV-002440 CAT I,APSC-DV-002450 CAT II,APSC-DV-002460 CAT II,APSC-DV-002470 CAT II","APSC-DV-000160 CAT II,APSC-DV-000170 CAT II,APSC-DV-001940 CAT II,APSC-DV-001950 CAT II,APSC-DV-002440 CAT I,APSC-DV-002450 CAT II,APSC-DV-002460 CAT II,APSC-DV-002470 CAT II","APSC-DV-000160 CAT II,APSC-DV-000170 CAT II,APSC-DV-001940 CAT II,APSC-DV-001950 CAT II,APSC-DV-002440 CAT I,APSC-DV-002450 CAT II,APSC-DV-002460 CAT II,APSC-DV-002470 CAT II",Insufficient Transport Layer Protection (WASC-04)
2026_SSE_mavit,1.0,Insecure Transport: External Link,inlineall.html,302,jobs/40df99ae-e5ad-41dc-a710-6bacd5341271/work/Src/Hospital-Management-System/vendor/ckeditor/samples/inlineall.html,Medium,Security Auditor View,Medium,false,,,,,false,false,UPDATED,Tue May 26 16:32:50 CEST 2026,,false,false,false,SCA,STATIC,Content,C72A3E77-8324-4FF9-B958-74FCDDF39D17,38F4373798BEC8CDE9DC4BFFC58EF265,2.0,5.0,5.0,5.0,Security Features,Insecure Transport: External Link,CWE ID 297,[14] CWE ID 287,[14] CWE ID 287,"CCI-000068,CCI-001453,CCI-002418,CCI-002420,CCI-002421,CCI-002422,CCI-002890,CCI-003123","CM,SC",Insufficient Data Protection,,,SC-8 Transmission Confidentiality and Integrity (P1),SC-8 Transmission Confidentiality and Integrity,"2.6.3 Look-up Secret Verifier Requirements (L2 L3),2.7.1 Out of Band Verifier Requirements (L1 L2 L3),2.7.2 Out of Band Verifier Requirements (L1 L2 L3),2.7.3 Out of Band Verifier Requirements (L1 L2 L3),2.8.4 Single or Multi Factor One Time Verifier Requirements (L2 L3),2.8.5 Single or Multi Factor One Time Verifier Requirements (L2 L3),3.7.1 Defenses Against Session Management Exploits (L1 L2 L3),6.2.1 Algorithms (L1 L2 L3),9.2.1 Server Communications Security Requirements (L2 L3),9.2.3 Server Communications Security Requirements (L2 L3)","MASVS-NETWORK-1,MASVS-PLATFORM-2",M3 Insufficient Transport Layer Protection,A6 Sensitive Data Exposure,A3 Sensitive Data Exposure,A05 Security Misconfiguration,"Requirement 4.1,Requirement 6.5.4","Requirement 4.2.1,Requirement 6.2.4","Control Objective 3.3 - Sensitive Data Retention,Control Objective 6.2 - Sensitive Data Protection,Control Objective 7 - Use of Cryptography","Control Objective 3.3 - Sensitive Data Retention,Control Objective 6.2 - Sensitive Data Protection,Control Objective 7 - Use of Cryptography,Control Objective B.2.5 - Terminal Software Design","Control Objective 3.3 - Sensitive Data Retention,Control Objective 6.2 - Sensitive Data Protection,Control Objective 7 - Use of Cryptography,Control Objective B.2.5 - Terminal Software Design,Control Objective C.4.1 - Web Software Communications",,"APSC-DV-000160 CAT II,APSC-DV-000170 CAT II,APSC-DV-001940 CAT II,APSC-DV-001950 CAT II,APSC-DV-002440 CAT I,APSC-DV-002450 CAT II,APSC-DV-002460 CAT II,APSC-DV-002470 CAT II","APSC-DV-000160 CAT II,APSC-DV-000170 CAT II,APSC-DV-001940 CAT II,APSC-DV-001950 CAT II,APSC-DV-002440 CAT I,APSC-DV-002450 CAT II,APSC-DV-002460 CAT II,APSC-DV-002470 CAT II","APSC-DV-000160 CAT II,APSC-DV-000170 CAT II,APSC-DV-001940 CAT II,APSC-DV-001950 CAT II,APSC-DV-002440 CAT I,APSC-DV-002450 CAT II,APSC-DV-002460 CAT II,APSC-DV-002470 CAT II",Insufficient Transport Layer Protection (WASC-04)
2026_SSE_mavit,1.0,Insecure Transport: External Link,inlineall.html,306,jobs/40df99ae-e5ad-41dc-a710-6bacd5341271/work/Src/Hospital-Management-System/vendor/ckeditor/samples/inlineall.html,Medium,Security Auditor View,Medium,false,,,,,false,false,UPDATED,Tue May 26 16:32:50 CEST 2026,,false,false,false,SCA,STATIC,Content,C72A3E77-8324-4FF9-B958-74FCDDF39D17,38F4373798BEC8CDE9DC4BFFC58EF266,2.0,5.0,5.0,5.0,Security Features,Insecure Transport: External Link,CWE ID 297,[14] CWE ID 287,[14] CWE ID 287,"CCI-000068,CCI-001453,CCI-002418,CCI-002420,CCI-002421,CCI-002422,CCI-002890,CCI-003123","CM,SC",Insufficient Data Protection,,,SC-8 Transmission Confidentiality and Integrity (P1),SC-8 Transmission Confidentiality and Integrity,"2.6.3 Look-up Secret Verifier Requirements (L2 L3),2.7.1 Out of Band Verifier Requirements (L1 L2 L3),2.7.2 Out of Band Verifier Requirements (L1 L2 L3),2.7.3 Out of Band Verifier Requirements (L1 L2 L3),2.8.4 Single or Multi Factor One Time Verifier Requirements (L2 L3),2.8.5 Single or Multi Factor One Time Verifier Requirements (L2 L3),3.7.1 Defenses Against Session Management Exploits (L1 L2 L3),6.2.1 Algorithms (L1 L2 L3),9.2.1 Server Communications Security Requirements (L2 L3),9.2.3 Server Communications Security Requirements (L2 L3)","MASVS-NETWORK-1,MASVS-PLATFORM-2",M3 Insufficient Transport Layer Protection,A6 Sensitive Data Exposure,A3 Sensitive Data Exposure,A05 Security Misconfiguration,"Requirement 4.1,Requirement 6.5.4","Requirement 4.2.1,Requirement 6.2.4","Control Objective 3.3 - Sensitive Data Retention,Control Objective 6.2 - Sensitive Data Protection,Control Objective 7 - Use of Cryptography","Control Objective 3.3 - Sensitive Data Retention,Control Objective 6.2 - Sensitive Data Protection,Control Objective 7 - Use of Cryptography,Control Objective B.2.5 - Terminal Software Design","Control Objective 3.3 - Sensitive Data Retention,Control Objective 6.2 - Sensitive Data Protection,Control Objective 7 - Use of Cryptography,Control Objective B.2.5 - Terminal Software Design,Control Objective C.4.1 - Web Software Communications",,"APSC-DV-000160 CAT II,APSC-DV-000170 CAT II,APSC-DV-001940 CAT II,APSC-DV-001950 CAT II,APSC-DV-002440 CAT I,APSC-DV-002450 CAT II,APSC-DV-002460 CAT II,APSC-DV-002470 CAT II","APSC-DV-000160 CAT II,APSC-DV-000170 CAT II,APSC-DV-001940 CAT II,APSC-DV-001950 CAT II,APSC-DV-002440 CAT I,APSC-DV-002450 CAT II,APSC-DV-002460 CAT II,APSC-DV-002470 CAT II","APSC-DV-000160 CAT II,APSC-DV-000170 CAT II,APSC-DV-001940 CAT II,APSC-DV-001950 CAT II,APSC-DV-002440 CAT I,APSC-DV-002450 CAT II,APSC-DV-002460 CAT II,APSC-DV-002470 CAT II",Insufficient Transport Layer Protection (WASC-04)
2026_SSE_mavit,1.0,Insecure Transport: External Link,inlinebycode.html,45,jobs/40df99ae-e5ad-41dc-a710-6bacd5341271/work/Src/Hospital-Management-System/vendor/ckeditor/samples/inlinebycode.html,Medium,Security Auditor View,Medium,false,,,,,false,false,UPDATED,Tue May 26 16:32:50 CEST 2026,,false,false,false,SCA,STATIC,Content,C72A3E77-8324-4FF9-B958-74FCDDF39D17,334647328C1F005B65E98DE99FA61F72,2.0,5.0,5.0,5.0,Security Features,Insecure Transport: External Link,CWE ID 297,[14] CWE ID 287,[14] CWE ID 287,"CCI-000068,CCI-001453,CCI-002418,CCI-002420,CCI-002421,CCI-002422,CCI-002890,CCI-003123","CM,SC",Insufficient Data Protection,,,SC-8 Transmission Confidentiality and Integrity (P1),SC-8 Transmission Confidentiality and Integrity,"2.6.3 Look-up Secret Verifier Requirements (L2 L3),2.7.1 Out of Band Verifier Requirements (L1 L2 L3),2.7.2 Out of Band Verifier Requirements (L1 L2 L3),2.7.3 Out of Band Verifier Requirements (L1 L2 L3),2.8.4 Single or Multi Factor One Time Verifier Requirements (L2 L3),2.8.5 Single or Multi Factor One Time Verifier Requirements (L2 L3),3.7.1 Defenses Against Session Management Exploits (L1 L2 L3),6.2.1 Algorithms (L1 L2 L3),9.2.1 Server Communications Security Requirements (L2 L3),9.2.3 Server Communications Security Requirements (L2 L3)","MASVS-NETWORK-1,MASVS-PLATFORM-2",M3 Insufficient Transport Layer Protection,A6 Sensitive Data Exposure,A3 Sensitive Data Exposure,A05 Security Misconfiguration,"Requirement 4.1,Requirement 6.5.4","Requirement 4.2.1,Requirement 6.2.4","Control Objective 3.3 - Sensitive Data Retention,Control Objective 6.2 - Sensitive Data Protection,Control Objective 7 - Use of Cryptography","Control Objective 3.3 - Sensitive Data Retention,Control Objective 6.2 - Sensitive Data Protection,Control Objective 7 - Use of Cryptography,Control Objective B.2.5 - Terminal Software Design","Control Objective 3.3 - Sensitive Data Retention,Control Objective 6.2 - Sensitive Data Protection,Control Objective 7 - Use of Cryptography,Control Objective B.2.5 - Terminal Software Design,Control Objective C.4.1 - Web Software Communications",,"APSC-DV-000160 CAT II,APSC-DV-000170 CAT II,APSC-DV-001940 CAT II,APSC-DV-001950 CAT II,APSC-DV-002440 CAT I,APSC-DV-002450 CAT II,APSC-DV-002460 CAT II,APSC-DV-002470 CAT II","APSC-DV-000160 CAT II,APSC-DV-000170 CAT II,APSC-DV-001940 CAT II,APSC-DV-001950 CAT II,APSC-DV-002440 CAT I,APSC-DV-002450 CAT II,APSC-DV-002460 CAT II,APSC-DV-002470 CAT II","APSC-DV-000160 CAT II,APSC-DV-000170 CAT II,APSC-DV-001940 CAT II,APSC-DV-001950 CAT II,APSC-DV-002440 CAT I,APSC-DV-002450 CAT II,APSC-DV-002460 CAT II,APSC-DV-002470 CAT II",Insufficient Transport Layer Protection (WASC-04)
2026_SSE_mavit,1.0,Insecure Transport: External Link,inlinebycode.html,45,jobs/40df99ae-e5ad-41dc-a710-6bacd5341271/work/Src/Hospital-Management-System/vendor/ckeditor/samples/inlinebycode.html,Medium,Security Auditor View,Medium,false,,,,,false,false,UPDATED,Tue May 26 16:32:50 CEST 2026,,false,false,false,SCA,STATIC,Content,C72A3E77-8324-4FF9-B958-74FCDDF39D17,334647328C1F005B65E98DE99FA61F73,2.0,5.0,5.0,5.0,Security Features,Insecure Transport: External Link,CWE ID 297,[14] CWE ID 287,[14] CWE ID 287,"CCI-000068,CCI-001453,CCI-002418,CCI-002420,CCI-002421,CCI-002422,CCI-002890,CCI-003123","CM,SC",Insufficient Data Protection,,,SC-8 Transmission Confidentiality and Integrity (P1),SC-8 Transmission Confidentiality and Integrity,"2.6.3 Look-up Secret Verifier Requirements (L2 L3),2.7.1 Out of Band Verifier Requirements (L1 L2 L3),2.7.2 Out of Band Verifier Requirements (L1 L2 L3),2.7.3 Out of Band Verifier Requirements (L1 L2 L3),2.8.4 Single or Multi Factor One Time Verifier Requirements (L2 L3),2.8.5 Single or Multi Factor One Time Verifier Requirements (L2 L3),3.7.1 Defenses Against Session Management Exploits (L1 L2 L3),6.2.1 Algorithms (L1 L2 L3),9.2.1 Server Communications Security Requirements (L2 L3),9.2.3 Server Communications Security Requirements (L2 L3)","MASVS-NETWORK-1,MASVS-PLATFORM-2",M3 Insufficient Transport Layer Protection,A6 Sensitive Data Exposure,A3 Sensitive Data Exposure,A05 Security Misconfiguration,"Requirement 4.1,Requirement 6.5.4","Requirement 4.2.1,Requirement 6.2.4","Control Objective 3.3 - Sensitive Data Retention,Control Objective 6.2 - Sensitive Data Protection,Control Objective 7 - Use of Cryptography","Control Objective 3.3 - Sensitive Data Retention,Control Objective 6.2 - Sensitive Data Protection,Control Objective 7 - Use of Cryptography,Control Objective B.2.5 - Terminal Software Design","Control Objective 3.3 - Sensitive Data Retention,Control Objective 6.2 - Sensitive Data Protection,Control Objective 7 - Use of Cryptography,Control Objective B.2.5 - Terminal Software Design,Control Objective C.4.1 - Web Software Communications",,"APSC-DV-000160 CAT II,APSC-DV-000170 CAT II,APSC-DV-001940 CAT II,APSC-DV-001950 CAT II,APSC-DV-002440 CAT I,APSC-DV-002450 CAT II,APSC-DV-002460 CAT II,APSC-DV-002470 CAT II","APSC-DV-000160 CAT II,APSC-DV-000170 CAT II,APSC-DV-001940 CAT II,APSC-DV-001950 CAT II,APSC-DV-002440 CAT I,APSC-DV-002450 CAT II,APSC-DV-002460 CAT II,APSC-DV-002470 CAT II","APSC-DV-000160 CAT II,APSC-DV-000170 CAT II,APSC-DV-001940 CAT II,APSC-DV-001950 CAT II,APSC-DV-002440 CAT I,APSC-DV-002450 CAT II,APSC-DV-002460 CAT II,APSC-DV-002470 CAT II",Insufficient Transport Layer Protection (WASC-04)
2026_SSE_mavit,1.0,Insecure Transport: External Link,inlinebycode.html,47,jobs/40df99ae-e5ad-41dc-a710-6bacd5341271/work/Src/Hospital-Management-System/vendor/ckeditor/samples/inlinebycode.html,Medium,Security Auditor View,Medium,false,,,,,false,false,UPDATED,Tue May 26 16:32:50 CEST 2026,,false,false,false,SCA,STATIC,Content,C72A3E77-8324-4FF9-B958-74FCDDF39D17,334647328C1F005B65E98DE99FA61F74,2.0,5.0,5.0,5.0,Security Features,Insecure Transport: External Link,CWE ID 297,[14] CWE ID 287,[14] CWE ID 287,"CCI-000068,CCI-001453,CCI-002418,CCI-002420,CCI-002421,CCI-002422,CCI-002890,CCI-003123","CM,SC",Insufficient Data Protection,,,SC-8 Transmission Confidentiality and Integrity (P1),SC-8 Transmission Confidentiality and Integrity,"2.6.3 Look-up Secret Verifier Requirements (L2 L3),2.7.1 Out of Band Verifier Requirements (L1 L2 L3),2.7.2 Out of Band Verifier Requirements (L1 L2 L3),2.7.3 Out of Band Verifier Requirements (L1 L2 L3),2.8.4 Single or Multi Factor One Time Verifier Requirements (L2 L3),2.8.5 Single or Multi Factor One Time Verifier Requirements (L2 L3),3.7.1 Defenses Against Session Management Exploits (L1 L2 L3),6.2.1 Algorithms (L1 L2 L3),9.2.1 Server Communications Security Requirements (L2 L3),9.2.3 Server Communications Security Requirements (L2 L3)","MASVS-NETWORK-1,MASVS-PLATFORM-2",M3 Insufficient Transport Layer Protection,A6 Sensitive Data Exposure,A3 Sensitive Data Exposure,A05 Security Misconfiguration,"Requirement 4.1,Requirement 6.5.4","Requirement 4.2.1,Requirement 6.2.4","Control Objective 3.3 - Sensitive Data Retention,Control Objective 6.2 - Sensitive Data Protection,Control Objective 7 - Use of Cryptography","Control Objective 3.3 - Sensitive Data Retention,Control Objective 6.2 - Sensitive Data Protection,Control Objective 7 - Use of Cryptography,Control Objective B.2.5 - Terminal Software Design","Control Objective 3.3 - Sensitive Data Retention,Control Objective 6.2 - Sensitive Data Protection,Control Objective 7 - Use of Cryptography,Control Objective B.2.5 - Terminal Software Design,Control Objective C.4.1 - Web Software Communications",,"APSC-DV-000160 CAT II,APSC-DV-000170 CAT II,APSC-DV-001940 CAT II,APSC-DV-001950 CAT II,APSC-DV-002440 CAT I,APSC-DV-002450 CAT II,APSC-DV-002460 CAT II,APSC-DV-002470 CAT II","APSC-DV-000160 CAT II,APSC-DV-000170 CAT II,APSC-DV-001940 CAT II,APSC-DV-001950 CAT II,APSC-DV-002440 CAT I,APSC-DV-002450 CAT II,APSC-DV-002460 CAT II,APSC-DV-002470 CAT II","APSC-DV-000160 CAT II,APSC-DV-000170 CAT II,APSC-DV-001940 CAT II,APSC-DV-001950 CAT II,APSC-DV-002440 CAT I,APSC-DV-002450 CAT II,APSC-DV-002460 CAT II,APSC-DV-002470 CAT II",Insufficient Transport Layer Protection (WASC-04)
2026_SSE_mavit,1.0,Insecure Transport: External Link,inlinebycode.html,47,jobs/40df99ae-e5ad-41dc-a710-6bacd5341271/work/Src/Hospital-Management-System/vendor/ckeditor/samples/inlinebycode.html,Medium,Security Auditor View,Medium,false,,,,,false,false,UPDATED,Tue May 26 16:32:50 CEST 2026,,false,false,false,SCA,STATIC,Content,C72A3E77-8324-4FF9-B958-74FCDDF39D17,334647328C1F005B65E98DE99FA61F75,2.0,5.0,5.0,5.0,Security Features,Insecure Transport: External Link,CWE ID 297,[14] CWE ID 287,[14] CWE ID 287,"CCI-000068,CCI-001453,CCI-002418,CCI-002420,CCI-002421,CCI-002422,CCI-002890,CCI-003123","CM,SC",Insufficient Data Protection,,,SC-8 Transmission Confidentiality and Integrity (P1),SC-8 Transmission Confidentiality and Integrity,"2.6.3 Look-up Secret Verifier Requirements (L2 L3),2.7.1 Out of Band Verifier Requirements (L1 L2 L3),2.7.2 Out of Band Verifier Requirements (L1 L2 L3),2.7.3 Out of Band Verifier Requirements (L1 L2 L3),2.8.4 Single or Multi Factor One Time Verifier Requirements (L2 L3),2.8.5 Single or Multi Factor One Time Verifier Requirements (L2 L3),3.7.1 Defenses Against Session Management Exploits (L1 L2 L3),6.2.1 Algorithms (L1 L2 L3),9.2.1 Server Communications Security Requirements (L2 L3),9.2.3 Server Communications Security Requirements (L2 L3)","MASVS-NETWORK-1,MASVS-PLATFORM-2",M3 Insufficient Transport Layer Protection,A6 Sensitive Data Exposure,A3 Sensitive Data Exposure,A05 Security Misconfiguration,"Requirement 4.1,Requirement 6.5.4","Requirement 4.2.1,Requirement 6.2.4","Control Objective 3.3 - Sensitive Data Retention,Control Objective 6.2 - Sensitive Data Protection,Control Objective 7 - Use of Cryptography","Control Objective 3.3 - Sensitive Data Retention,Control Objective 6.2 - Sensitive Data Protection,Control Objective 7 - Use of Cryptography,Control Objective B.2.5 - Terminal Software Design","Control Objective 3.3 - Sensitive Data Retention,Control Objective 6.2 - Sensitive Data Protection,Control Objective 7 - Use of Cryptography,Control Objective B.2.5 - Terminal Software Design,Control Objective C.4.1 - Web Software Communications",,"APSC-DV-000160 CAT II,APSC-DV-000170 CAT II,APSC-DV-001940 CAT II,APSC-DV-001950 CAT II,APSC-DV-002440 CAT I,APSC-DV-002450 CAT II,APSC-DV-002460 CAT II,APSC-DV-002470 CAT II","APSC-DV-000160 CAT II,APSC-DV-000170 CAT II,APSC-DV-001940 CAT II,APSC-DV-001950 CAT II,APSC-DV-002440 CAT I,APSC-DV-002450 CAT II,APSC-DV-002460 CAT II,APSC-DV-002470 CAT II","APSC-DV-000160 CAT II,APSC-DV-000170 CAT II,APSC-DV-001940 CAT II,APSC-DV-001950 CAT II,APSC-DV-002440 CAT I,APSC-DV-002450 CAT II,APSC-DV-002460 CAT II,APSC-DV-002470 CAT II",Insufficient Transport Layer Protection (WASC-04)
2026_SSE_mavit,1.0,Insecure Transport: External Link,inlinebycode.html,57,jobs/40df99ae-e5ad-41dc-a710-6bacd5341271/work/Src/Hospital-Management-System/vendor/ckeditor/samples/inlinebycode.html,Medium,Security Auditor View,Medium,false,,,,,false,false,UPDATED,Tue May 26 16:32:50 CEST 2026,,false,false,false,SCA,STATIC,Content,C72A3E77-8324-4FF9-B958-74FCDDF39D17,334647328C1F005B65E98DE99FA61F76,2.0,5.0,5.0,5.0,Security Features,Insecure Transport: External Link,CWE ID 297,[14] CWE ID 287,[14] CWE ID 287,"CCI-000068,CCI-001453,CCI-002418,CCI-002420,CCI-002421,CCI-002422,CCI-002890,CCI-003123","CM,SC",Insufficient Data Protection,,,SC-8 Transmission Confidentiality and Integrity (P1),SC-8 Transmission Confidentiality and Integrity,"2.6.3 Look-up Secret Verifier Requirements (L2 L3),2.7.1 Out of Band Verifier Requirements (L1 L2 L3),2.7.2 Out of Band Verifier Requirements (L1 L2 L3),2.7.3 Out of Band Verifier Requirements (L1 L2 L3),2.8.4 Single or Multi Factor One Time Verifier Requirements (L2 L3),2.8.5 Single or Multi Factor One Time Verifier Requirements (L2 L3),3.7.1 Defenses Against Session Management Exploits (L1 L2 L3),6.2.1 Algorithms (L1 L2 L3),9.2.1 Server Communications Security Requirements (L2 L3),9.2.3 Server Communications Security Requirements (L2 L3)","MASVS-NETWORK-1,MASVS-PLATFORM-2",M3 Insufficient Transport Layer Protection,A6 Sensitive Data Exposure,A3 Sensitive Data Exposure,A05 Security Misconfiguration,"Requirement 4.1,Requirement 6.5.4","Requirement 4.2.1,Requirement 6.2.4","Control Objective 3.3 - Sensitive Data Retention,Control Objective 6.2 - Sensitive Data Protection,Control Objective 7 - Use of Cryptography","Control Objective 3.3 - Sensitive Data Retention,Control Objective 6.2 - Sensitive Data Protection,Control Objective 7 - Use of Cryptography,Control Objective B.2.5 - Terminal Software Design","Control Objective 3.3 - Sensitive Data Retention,Control Objective 6.2 - Sensitive Data Protection,Control Objective 7 - Use of Cryptography,Control Objective B.2.5 - Terminal Software Design,Control Objective C.4.1 - Web Software Communications",,"APSC-DV-000160 CAT II,APSC-DV-000170 CAT II,APSC-DV-001940 CAT II,APSC-DV-001950 CAT II,APSC-DV-002440 CAT I,APSC-DV-002450 CAT II,APSC-DV-002460 CAT II,APSC-DV-002470 CAT II","APSC-DV-000160 CAT II,APSC-DV-000170 CAT II,APSC-DV-001940 CAT II,APSC-DV-001950 CAT II,APSC-DV-002440 CAT I,APSC-DV-002450 CAT II,APSC-DV-002460 CAT II,APSC-DV-002470 CAT II","APSC-DV-000160 CAT II,APSC-DV-000170 CAT II,APSC-DV-001940 CAT II,APSC-DV-001950 CAT II,APSC-DV-002440 CAT I,APSC-DV-002450 CAT II,APSC-DV-002460 CAT II,APSC-DV-002470 CAT II",Insufficient Transport Layer Protection (WASC-04)
2026_SSE_mavit,1.0,Insecure Transport: External Link,inlinebycode.html,57,jobs/40df99ae-e5ad-41dc-a710-6bacd5341271/work/Src/Hospital-Management-System/vendor/ckeditor/samples/inlinebycode.html,Medium,Security Auditor View,Medium,false,,,,,false,false,UPDATED,Tue May 26 16:32:50 CEST 2026,,false,false,false,SCA,STATIC,Content,C72A3E77-8324-4FF9-B958-74FCDDF39D17,334647328C1F005B65E98DE99FA61F77,2.0,5.0,5.0,5.0,Security Features,Insecure Transport: External Link,CWE ID 297,[14] CWE ID 287,[14] CWE ID 287,"CCI-000068,CCI-001453,CCI-002418,CCI-002420,CCI-002421,CCI-002422,CCI-002890,CCI-003123","CM,SC",Insufficient Data Protection,,,SC-8 Transmission Confidentiality and Integrity (P1),SC-8 Transmission Confidentiality and Integrity,"2.6.3 Look-up Secret Verifier Requirements (L2 L3),2.7.1 Out of Band Verifier Requirements (L1 L2 L3),2.7.2 Out of Band Verifier Requirements (L1 L2 L3),2.7.3 Out of Band Verifier Requirements (L1 L2 L3),2.8.4 Single or Multi Factor One Time Verifier Requirements (L2 L3),2.8.5 Single or Multi Factor One Time Verifier Requirements (L2 L3),3.7.1 Defenses Against Session Management Exploits (L1 L2 L3),6.2.1 Algorithms (L1 L2 L3),9.2.1 Server Communications Security Requirements (L2 L3),9.2.3 Server Communications Security Requirements (L2 L3)","MASVS-NETWORK-1,MASVS-PLATFORM-2",M3 Insufficient Transport Layer Protection,A6 Sensitive Data Exposure,A3 Sensitive Data Exposure,A05 Security Misconfiguration,"Requirement 4.1,Requirement 6.5.4","Requirement 4.2.1,Requirement 6.2.4","Control Objective 3.3 - Sensitive Data Retention,Control Objective 6.2 - Sensitive Data Protection,Control Objective 7 - Use of Cryptography","Control Objective 3.3 - Sensitive Data Retention,Control Objective 6.2 - Sensitive Data Protection,Control Objective 7 - Use of Cryptography,Control Objective B.2.5 - Terminal Software Design","Control Objective 3.3 - Sensitive Data Retention,Control Objective 6.2 - Sensitive Data Protection,Control Objective 7 - Use of Cryptography,Control Objective B.2.5 - Terminal Software Design,Control Objective C.4.1 - Web Software Communications",,"APSC-DV-000160 CAT II,APSC-DV-000170 CAT II,APSC-DV-001940 CAT II,APSC-DV-001950 CAT II,APSC-DV-002440 CAT I,APSC-DV-002450 CAT II,APSC-DV-002460 CAT II,APSC-DV-002470 CAT II","APSC-DV-000160 CAT II,APSC-DV-000170 CAT II,APSC-DV-001940 CAT II,APSC-DV-001950 CAT II,APSC-DV-002440 CAT I,APSC-DV-002450 CAT II,APSC-DV-002460 CAT II,APSC-DV-002470 CAT II","APSC-DV-000160 CAT II,APSC-DV-000170 CAT II,APSC-DV-001940 CAT II,APSC-DV-001950 CAT II,APSC-DV-002440 CAT I,APSC-DV-002450 CAT II,APSC-DV-002460 CAT II,APSC-DV-002470 CAT II",Insufficient Transport Layer Protection (WASC-04)
2026_SSE_mavit,1.0,Insecure Transport: External Link,inlinebycode.html,89,jobs/40df99ae-e5ad-41dc-a710-6bacd5341271/work/Src/Hospital-Management-System/vendor/ckeditor/samples/inlinebycode.html,Medium,Security Auditor View,Medium,false,,,,,false,false,UPDATED,Tue May 26 16:32:50 CEST 2026,,false,false,false,SCA,STATIC,Content,C72A3E77-8324-4FF9-B958-74FCDDF39D17,334647328C1F005B65E98DE99FA61F78,2.0,5.0,5.0,5.0,Security Features,Insecure Transport: External Link,CWE ID 297,[14] CWE ID 287,[14] CWE ID 287,"CCI-000068,CCI-001453,CCI-002418,CCI-002420,CCI-002421,CCI-002422,CCI-002890,CCI-003123","CM,SC",Insufficient Data Protection,,,SC-8 Transmission Confidentiality and Integrity (P1),SC-8 Transmission Confidentiality and Integrity,"2.6.3 Look-up Secret Verifier Requirements (L2 L3),2.7.1 Out of Band Verifier Requirements (L1 L2 L3),2.7.2 Out of Band Verifier Requirements (L1 L2 L3),2.7.3 Out of Band Verifier Requirements (L1 L2 L3),2.8.4 Single or Multi Factor One Time Verifier Requirements (L2 L3),2.8.5 Single or Multi Factor One Time Verifier Requirements (L2 L3),3.7.1 Defenses Against Session Management Exploits (L1 L2 L3),6.2.1 Algorithms (L1 L2 L3),9.2.1 Server Communications Security Requirements (L2 L3),9.2.3 Server Communications Security Requirements (L2 L3)","MASVS-NETWORK-1,MASVS-PLATFORM-2",M3 Insufficient Transport Layer Protection,A6 Sensitive Data Exposure,A3 Sensitive Data Exposure,A05 Security Misconfiguration,"Requirement 4.1,Requirement 6.5.4","Requirement 4.2.1,Requirement 6.2.4","Control Objective 3.3 - Sensitive Data Retention,Control Objective 6.2 - Sensitive Data Protection,Control Objective 7 - Use of Cryptography","Control Objective 3.3 - Sensitive Data Retention,Control Objective 6.2 - Sensitive Data Protection,Control Objective 7 - Use of Cryptography,Control Objective B.2.5 - Terminal Software Design","Control Objective 3.3 - Sensitive Data Retention,Control Objective 6.2 - Sensitive Data Protection,Control Objective 7 - Use of Cryptography,Control Objective B.2.5 - Terminal Software Design,Control Objective C.4.1 - Web Software Communications",,"APSC-DV-000160 CAT II,APSC-DV-000170 CAT II,APSC-DV-001940 CAT II,APSC-DV-001950 CAT II,APSC-DV-002440 CAT I,APSC-DV-002450 CAT II,APSC-DV-002460 CAT II,APSC-DV-002470 CAT II","APSC-DV-000160 CAT II,APSC-DV-000170 CAT II,APSC-DV-001940 CAT II,APSC-DV-001950 CAT II,APSC-DV-002440 CAT I,APSC-DV-002450 CAT II,APSC-DV-002460 CAT II,APSC-DV-002470 CAT II","APSC-DV-000160 CAT II,APSC-DV-000170 CAT II,APSC-DV-001940 CAT II,APSC-DV-001950 CAT II,APSC-DV-002440 CAT I,APSC-DV-002450 CAT II,APSC-DV-002460 CAT II,APSC-DV-002470 CAT II",Insufficient Transport Layer Protection (WASC-04)
2026_SSE_mavit,1.0,Insecure Transport: External Link,inlinebycode.html,89,jobs/40df99ae-e5ad-41dc-a710-6bacd5341271/work/Src/Hospital-Management-System/vendor/ckeditor/samples/inlinebycode.html,Medium,Security Auditor View,Medium,false,,,,,false,false,UPDATED,Tue May 26 16:32:50 CEST 2026,,false,false,false,SCA,STATIC,Content,C72A3E77-8324-4FF9-B958-74FCDDF39D17,334647328C1F005B65E98DE99FA61F79,2.0,5.0,5.0,5.0,Security Features,Insecure Transport: External Link,CWE ID 297,[14] CWE ID 287,[14] CWE ID 287,"CCI-000068,CCI-001453,CCI-002418,CCI-002420,CCI-002421,CCI-002422,CCI-002890,CCI-003123","CM,SC",Insufficient Data Protection,,,SC-8 Transmission Confidentiality and Integrity (P1),SC-8 Transmission Confidentiality and Integrity,"2.6.3 Look-up Secret Verifier Requirements (L2 L3),2.7.1 Out of Band Verifier Requirements (L1 L2 L3),2.7.2 Out of Band Verifier Requirements (L1 L2 L3),2.7.3 Out of Band Verifier Requirements (L1 L2 L3),2.8.4 Single or Multi Factor One Time Verifier Requirements (L2 L3),2.8.5 Single or Multi Factor One Time Verifier Requirements (L2 L3),3.7.1 Defenses Against Session Management Exploits (L1 L2 L3),6.2.1 Algorithms (L1 L2 L3),9.2.1 Server Communications Security Requirements (L2 L3),9.2.3 Server Communications Security Requirements (L2 L3)","MASVS-NETWORK-1,MASVS-PLATFORM-2",M3 Insufficient Transport Layer Protection,A6 Sensitive Data Exposure,A3 Sensitive Data Exposure,A05 Security Misconfiguration,"Requirement 4.1,Requirement 6.5.4","Requirement 4.2.1,Requirement 6.2.4","Control Objective 3.3 - Sensitive Data Retention,Control Objective 6.2 - Sensitive Data Protection,Control Objective 7 - Use of Cryptography","Control Objective 3.3 - Sensitive Data Retention,Control Objective 6.2 - Sensitive Data Protection,Control Objective 7 - Use of Cryptography,Control Objective B.2.5 - Terminal Software Design","Control Objective 3.3 - Sensitive Data Retention,Control Objective 6.2 - Sensitive Data Protection,Control Objective 7 - Use of Cryptography,Control Objective B.2.5 - Terminal Software Design,Control Objective C.4.1 - Web Software Communications",,"APSC-DV-000160 CAT II,APSC-DV-000170 CAT II,APSC-DV-001940 CAT II,APSC-DV-001950 CAT II,APSC-DV-002440 CAT I,APSC-DV-002450 CAT II,APSC-DV-002460 CAT II,APSC-DV-002470 CAT II","APSC-DV-000160 CAT II,APSC-DV-000170 CAT II,APSC-DV-001940 CAT II,APSC-DV-001950 CAT II,APSC-DV-002440 CAT I,APSC-DV-002450 CAT II,APSC-DV-002460 CAT II,APSC-DV-002470 CAT II","APSC-DV-000160 CAT II,APSC-DV-000170 CAT II,APSC-DV-001940 CAT II,APSC-DV-001950 CAT II,APSC-DV-002440 CAT I,APSC-DV-002450 CAT II,APSC-DV-002460 CAT II,APSC-DV-002470 CAT II",Insufficient Transport Layer Protection (WASC-04)
2026_SSE_mavit,1.0,Insecure Transport: External Link,inlinebycode.html,97,jobs/40df99ae-e5ad-41dc-a710-6bacd5341271/work/Src/Hospital-Management-System/vendor/ckeditor/samples/inlinebycode.html,Medium,Security Auditor View,Medium,false,,,,,false,false,UPDATED,Tue May 26 16:32:50 CEST 2026,,false,false,false,SCA,STATIC,Content,C72A3E77-8324-4FF9-B958-74FCDDF39D17,334647328C1F005B65E98DE99FA61F7A,2.0,5.0,5.0,5.0,Security Features,Insecure Transport: External Link,CWE ID 297,[14] CWE ID 287,[14] CWE ID 287,"CCI-000068,CCI-001453,CCI-002418,CCI-002420,CCI-002421,CCI-002422,CCI-002890,CCI-003123","CM,SC",Insufficient Data Protection,,,SC-8 Transmission Confidentiality and Integrity (P1),SC-8 Transmission Confidentiality and Integrity,"2.6.3 Look-up Secret Verifier Requirements (L2 L3),2.7.1 Out of Band Verifier Requirements (L1 L2 L3),2.7.2 Out of Band Verifier Requirements (L1 L2 L3),2.7.3 Out of Band Verifier Requirements (L1 L2 L3),2.8.4 Single or Multi Factor One Time Verifier Requirements (L2 L3),2.8.5 Single or Multi Factor One Time Verifier Requirements (L2 L3),3.7.1 Defenses Against Session Management Exploits (L1 L2 L3),6.2.1 Algorithms (L1 L2 L3),9.2.1 Server Communications Security Requirements (L2 L3),9.2.3 Server Communications Security Requirements (L2 L3)","MASVS-NETWORK-1,MASVS-PLATFORM-2",M3 Insufficient Transport Layer Protection,A6 Sensitive Data Exposure,A3 Sensitive Data Exposure,A05 Security Misconfiguration,"Requirement 4.1,Requirement 6.5.4","Requirement 4.2.1,Requirement 6.2.4","Control Objective 3.3 - Sensitive Data Retention,Control Objective 6.2 - Sensitive Data Protection,Control Objective 7 - Use of Cryptography","Control Objective 3.3 - Sensitive Data Retention,Control Objective 6.2 - Sensitive Data Protection,Control Objective 7 - Use of Cryptography,Control Objective B.2.5 - Terminal Software Design","Control Objective 3.3 - Sensitive Data Retention,Control Objective 6.2 - Sensitive Data Protection,Control Objective 7 - Use of Cryptography,Control Objective B.2.5 - Terminal Software Design,Control Objective C.4.1 - Web Software Communications",,"APSC-DV-000160 CAT II,APSC-DV-000170 CAT II,APSC-DV-001940 CAT II,APSC-DV-001950 CAT II,APSC-DV-002440 CAT I,APSC-DV-002450 CAT II,APSC-DV-002460 CAT II,APSC-DV-002470 CAT II","APSC-DV-000160 CAT II,APSC-DV-000170 CAT II,APSC-DV-001940 CAT II,APSC-DV-001950 CAT II,APSC-DV-002440 CAT I,APSC-DV-002450 CAT II,APSC-DV-002460 CAT II,APSC-DV-002470 CAT II","APSC-DV-000160 CAT II,APSC-DV-000170 CAT II,APSC-DV-001940 CAT II,APSC-DV-001950 CAT II,APSC-DV-002440 CAT I,APSC-DV-002450 CAT II,APSC-DV-002460 CAT II,APSC-DV-002470 CAT II",Insufficient Transport Layer Protection (WASC-04)
2026_SSE_mavit,1.0,Insecure Transport: External Link,inlinebycode.html,97,jobs/40df99ae-e5ad-41dc-a710-6bacd5341271/work/Src/Hospital-Management-System/vendor/ckeditor/samples/inlinebycode.html,Medium,Security Auditor View,Medium,false,,,,,false,false,UPDATED,Tue May 26 16:32:50 CEST 2026,,false,false,false,SCA,STATIC,Content,C72A3E77-8324-4FF9-B958-74FCDDF39D17,334647328C1F005B65E98DE99FA61F7B,2.0,5.0,5.0,5.0,Security Features,Insecure Transport: External Link,CWE ID 297,[14] CWE ID 287,[14] CWE ID 287,"CCI-000068,CCI-001453,CCI-002418,CCI-002420,CCI-002421,CCI-002422,CCI-002890,CCI-003123","CM,SC",Insufficient Data Protection,,,SC-8 Transmission Confidentiality and Integrity (P1),SC-8 Transmission Confidentiality and Integrity,"2.6.3 Look-up Secret Verifier Requirements (L2 L3),2.7.1 Out of Band Verifier Requirements (L1 L2 L3),2.7.2 Out of Band Verifier Requirements (L1 L2 L3),2.7.3 Out of Band Verifier Requirements (L1 L2 L3),2.8.4 Single or Multi Factor One Time Verifier Requirements (L2 L3),2.8.5 Single or Multi Factor One Time Verifier Requirements (L2 L3),3.7.1 Defenses Against Session Management Exploits (L1 L2 L3),6.2.1 Algorithms (L1 L2 L3),9.2.1 Server Communications Security Requirements (L2 L3),9.2.3 Server Communications Security Requirements (L2 L3)","MASVS-NETWORK-1,MASVS-PLATFORM-2",M3 Insufficient Transport Layer Protection,A6 Sensitive Data Exposure,A3 Sensitive Data Exposure,A05 Security Misconfiguration,"Requirement 4.1,Requirement 6.5.4","Requirement 4.2.1,Requirement 6.2.4","Control Objective 3.3 - Sensitive Data Retention,Control Objective 6.2 - Sensitive Data Protection,Control Objective 7 - Use of Cryptography","Control Objective 3.3 - Sensitive Data Retention,Control Objective 6.2 - Sensitive Data Protection,Control Objective 7 - Use of Cryptography,Control Objective B.2.5 - Terminal Software Design","Control Objective 3.3 - Sensitive Data Retention,Control Objective 6.2 - Sensitive Data Protection,Control Objective 7 - Use of Cryptography,Control Objective B.2.5 - Terminal Software Design,Control Objective C.4.1 - Web Software Communications",,"APSC-DV-000160 CAT II,APSC-DV-000170 CAT II,APSC-DV-001940 CAT II,APSC-DV-001950 CAT II,APSC-DV-002440 CAT I,APSC-DV-002450 CAT II,APSC-DV-002460 CAT II,APSC-DV-002470 CAT II","APSC-DV-000160 CAT II,APSC-DV-000170 CAT II,APSC-DV-001940 CAT II,APSC-DV-001950 CAT II,APSC-DV-002440 CAT I,APSC-DV-002450 CAT II,APSC-DV-002460 CAT II,APSC-DV-002470 CAT II","APSC-DV-000160 CAT II,APSC-DV-000170 CAT II,APSC-DV-001940 CAT II,APSC-DV-001950 CAT II,APSC-DV-002440 CAT I,APSC-DV-002450 CAT II,APSC-DV-002460 CAT II,APSC-DV-002470 CAT II",Insufficient Transport Layer Protection (WASC-04)
2026_SSE_mavit,1.0,Insecure Transport: External Link,inlinebycode.html,100,jobs/40df99ae-e5ad-41dc-a710-6bacd5341271/work/Src/Hospital-Management-System/vendor/ckeditor/samples/inlinebycode.html,Medium,Security Auditor View,Medium,false,,,,,false,false,UPDATED,Tue May 26 16:32:50 CEST 2026,,false,false,false,SCA,STATIC,Content,C72A3E77-8324-4FF9-B958-74FCDDF39D17,334647328C1F005B65E98DE99FA61F7C,2.0,5.0,5.0,5.0,Security Features,Insecure Transport: External Link,CWE ID 297,[14] CWE ID 287,[14] CWE ID 287,"CCI-000068,CCI-001453,CCI-002418,CCI-002420,CCI-002421,CCI-002422,CCI-002890,CCI-003123","CM,SC",Insufficient Data Protection,,,SC-8 Transmission Confidentiality and Integrity (P1),SC-8 Transmission Confidentiality and Integrity,"2.6.3 Look-up Secret Verifier Requirements (L2 L3),2.7.1 Out of Band Verifier Requirements (L1 L2 L3),2.7.2 Out of Band Verifier Requirements (L1 L2 L3),2.7.3 Out of Band Verifier Requirements (L1 L2 L3),2.8.4 Single or Multi Factor One Time Verifier Requirements (L2 L3),2.8.5 Single or Multi Factor One Time Verifier Requirements (L2 L3),3.7.1 Defenses Against Session Management Exploits (L1 L2 L3),6.2.1 Algorithms (L1 L2 L3),9.2.1 Server Communications Security Requirements (L2 L3),9.2.3 Server Communications Security Requirements (L2 L3)","MASVS-NETWORK-1,MASVS-PLATFORM-2",M3 Insufficient Transport Layer Protection,A6 Sensitive Data Exposure,A3 Sensitive Data Exposure,A05 Security Misconfiguration,"Requirement 4.1,Requirement 6.5.4","Requirement 4.2.1,Requirement 6.2.4","Control Objective 3.3 - Sensitive Data Retention,Control Objective 6.2 - Sensitive Data Protection,Control Objective 7 - Use of Cryptography","Control Objective 3.3 - Sensitive Data Retention,Control Objective 6.2 - Sensitive Data Protection,Control Objective 7 - Use of Cryptography,Control Objective B.2.5 - Terminal Software Design","Control Objective 3.3 - Sensitive Data Retention,Control Objective 6.2 - Sensitive Data Protection,Control Objective 7 - Use of Cryptography,Control Objective B.2.5 - Terminal Software Design,Control Objective C.4.1 - Web Software Communications",,"APSC-DV-000160 CAT II,APSC-DV-000170 CAT II,APSC-DV-001940 CAT II,APSC-DV-001950 CAT II,APSC-DV-002440 CAT I,APSC-DV-002450 CAT II,APSC-DV-002460 CAT II,APSC-DV-002470 CAT II","APSC-DV-000160 CAT II,APSC-DV-000170 CAT II,APSC-DV-001940 CAT II,APSC-DV-001950 CAT II,APSC-DV-002440 CAT I,APSC-DV-002450 CAT II,APSC-DV-002460 CAT II,APSC-DV-002470 CAT II","APSC-DV-000160 CAT II,APSC-DV-000170 CAT II,APSC-DV-001940 CAT II,APSC-DV-001950 CAT II,APSC-DV-002440 CAT I,APSC-DV-002450 CAT II,APSC-DV-002460 CAT II,APSC-DV-002470 CAT II",Insufficient Transport Layer Protection (WASC-04)
2026_SSE_mavit,1.0,Insecure Transport: External Link,inlinebycode.html,112,jobs/40df99ae-e5ad-41dc-a710-6bacd5341271/work/Src/Hospital-Management-System/vendor/ckeditor/samples/inlinebycode.html,Medium,Security Auditor View,Medium,false,,,,,false,false,UPDATED,Tue May 26 16:32:50 CEST 2026,,false,false,false,SCA,STATIC,Content,C72A3E77-8324-4FF9-B958-74FCDDF39D17,334647328C1F005B65E98DE99FA61F7D,2.0,5.0,5.0,5.0,Security Features,Insecure Transport: External Link,CWE ID 297,[14] CWE ID 287,[14] CWE ID 287,"CCI-000068,CCI-001453,CCI-002418,CCI-002420,CCI-002421,CCI-002422,CCI-002890,CCI-003123","CM,SC",Insufficient Data Protection,,,SC-8 Transmission Confidentiality and Integrity (P1),SC-8 Transmission Confidentiality and Integrity,"2.6.3 Look-up Secret Verifier Requirements (L2 L3),2.7.1 Out of Band Verifier Requirements (L1 L2 L3),2.7.2 Out of Band Verifier Requirements (L1 L2 L3),2.7.3 Out of Band Verifier Requirements (L1 L2 L3),2.8.4 Single or Multi Factor One Time Verifier Requirements (L2 L3),2.8.5 Single or Multi Factor One Time Verifier Requirements (L2 L3),3.7.1 Defenses Against Session Management Exploits (L1 L2 L3),6.2.1 Algorithms (L1 L2 L3),9.2.1 Server Communications Security Requirements (L2 L3),9.2.3 Server Communications Security Requirements (L2 L3)","MASVS-NETWORK-1,MASVS-PLATFORM-2",M3 Insufficient Transport Layer Protection,A6 Sensitive Data Exposure,A3 Sensitive Data Exposure,A05 Security Misconfiguration,"Requirement 4.1,Requirement 6.5.4","Requirement 4.2.1,Requirement 6.2.4","Control Objective 3.3 - Sensitive Data Retention,Control Objective 6.2 - Sensitive Data Protection,Control Objective 7 - Use of Cryptography","Control Objective 3.3 - Sensitive Data Retention,Control Objective 6.2 - Sensitive Data Protection,Control Objective 7 - Use of Cryptography,Control Objective B.2.5 - Terminal Software Design","Control Objective 3.3 - Sensitive Data Retention,Control Objective 6.2 - Sensitive Data Protection,Control Objective 7 - Use of Cryptography,Control Objective B.2.5 - Terminal Software Design,Control Objective C.4.1 - Web Software Communications",,"APSC-DV-000160 CAT II,APSC-DV-000170 CAT II,APSC-DV-001940 CAT II,APSC-DV-001950 CAT II,APSC-DV-002440 CAT I,APSC-DV-002450 CAT II,APSC-DV-002460 CAT II,APSC-DV-002470 CAT II","APSC-DV-000160 CAT II,APSC-DV-000170 CAT II,APSC-DV-001940 CAT II,APSC-DV-001950 CAT II,APSC-DV-002440 CAT I,APSC-DV-002450 CAT II,APSC-DV-002460 CAT II,APSC-DV-002470 CAT II","APSC-DV-000160 CAT II,APSC-DV-000170 CAT II,APSC-DV-001940 CAT II,APSC-DV-001950 CAT II,APSC-DV-002440 CAT I,APSC-DV-002450 CAT II,APSC-DV-002460 CAT II,APSC-DV-002470 CAT II",Insufficient Transport Layer Protection (WASC-04)
2026_SSE_mavit,1.0,Insecure Transport: External Link,inlinebycode.html,116,jobs/40df99ae-e5ad-41dc-a710-6bacd5341271/work/Src/Hospital-Management-System/vendor/ckeditor/samples/inlinebycode.html,Medium,Security Auditor View,Medium,false,,,,,false,false,UPDATED,Tue May 26 16:32:50 CEST 2026,,false,false,false,SCA,STATIC,Content,C72A3E77-8324-4FF9-B958-74FCDDF39D17,334647328C1F005B65E98DE99FA61F7E,2.0,5.0,5.0,5.0,Security Features,Insecure Transport: External Link,CWE ID 297,[14] CWE ID 287,[14] CWE ID 287,"CCI-000068,CCI-001453,CCI-002418,CCI-002420,CCI-002421,CCI-002422,CCI-002890,CCI-003123","CM,SC",Insufficient Data Protection,,,SC-8 Transmission Confidentiality and Integrity (P1),SC-8 Transmission Confidentiality and Integrity,"2.6.3 Look-up Secret Verifier Requirements (L2 L3),2.7.1 Out of Band Verifier Requirements (L1 L2 L3),2.7.2 Out of Band Verifier Requirements (L1 L2 L3),2.7.3 Out of Band Verifier Requirements (L1 L2 L3),2.8.4 Single or Multi Factor One Time Verifier Requirements (L2 L3),2.8.5 Single or Multi Factor One Time Verifier Requirements (L2 L3),3.7.1 Defenses Against Session Management Exploits (L1 L2 L3),6.2.1 Algorithms (L1 L2 L3),9.2.1 Server Communications Security Requirements (L2 L3),9.2.3 Server Communications Security Requirements (L2 L3)","MASVS-NETWORK-1,MASVS-PLATFORM-2",M3 Insufficient Transport Layer Protection,A6 Sensitive Data Exposure,A3 Sensitive Data Exposure,A05 Security Misconfiguration,"Requirement 4.1,Requirement 6.5.4","Requirement 4.2.1,Requirement 6.2.4","Control Objective 3.3 - Sensitive Data Retention,Control Objective 6.2 - Sensitive Data Protection,Control Objective 7 - Use of Cryptography","Control Objective 3.3 - Sensitive Data Retention,Control Objective 6.2 - Sensitive Data Protection,Control Objective 7 - Use of Cryptography,Control Objective B.2.5 - Terminal Software Design","Control Objective 3.3 - Sensitive Data Retention,Control Objective 6.2 - Sensitive Data Protection,Control Objective 7 - Use of Cryptography,Control Objective B.2.5 - Terminal Software Design,Control Objective C.4.1 - Web Software Communications",,"APSC-DV-000160 CAT II,APSC-DV-000170 CAT II,APSC-DV-001940 CAT II,APSC-DV-001950 CAT II,APSC-DV-002440 CAT I,APSC-DV-002450 CAT II,APSC-DV-002460 CAT II,APSC-DV-002470 CAT II","APSC-DV-000160 CAT II,APSC-DV-000170 CAT II,APSC-DV-001940 CAT II,APSC-DV-001950 CAT II,APSC-DV-002440 CAT I,APSC-DV-002450 CAT II,APSC-DV-002460 CAT II,APSC-DV-002470 CAT II","APSC-DV-000160 CAT II,APSC-DV-000170 CAT II,APSC-DV-001940 CAT II,APSC-DV-001950 CAT II,APSC-DV-002440 CAT I,APSC-DV-002450 CAT II,APSC-DV-002460 CAT II,APSC-DV-002470 CAT II",Insufficient Transport Layer Protection (WASC-04)
2026_SSE_mavit,1.0,Cross-Site Request Forgery,inlinetextarea.html,42,jobs/40df99ae-e5ad-41dc-a710-6bacd5341271/work/Src/Hospital-Management-System/vendor/ckeditor/samples/inlinetextarea.html,Low,Security Auditor View,Low,false,,,,,false,false,UPDATED,Tue May 26 16:32:50 CEST 2026,,false,false,false,SCA,STATIC,Content,78E0700E-56FE-45A2-A11B-6A560F730576,DBDBEA54D520A2AAE79B8B04F7145521,2.0,0.4,2.0,5.0,Encapsulation,Cross-Site Request Forgery,CWE ID 352,[9] CWE ID 352,[9] CWE ID 352,"CCI-001310,CCI-001941,CCI-001942",,Access Violation,,,SC-23 Session Authenticity (P1),SC-23 Session Authenticity,"3.5.3 Token-based Session Management (L2 L3),4.2.2 Operation Level Access Control (L1 L2 L3),13.2.3 RESTful Web Service Verification Requirements (L1 L2 L3)",,M5 Poor Authorization and Authentication,A8 Cross-Site Request Forgery (CSRF),,A01 Broken Access Control,Requirement 6.5.9,Requirement 6.2.4,Control Objective 5.4 - Authentication and Access Control,Control Objective 5.4 - Authentication and Access Control,"Control Objective 5.4 - Authentication and Access Control,Control Objective C.2.3 - Web Software Access Controls",Insecure Interaction - CWE ID 352,"APSC-DV-001620 CAT II,APSC-DV-001630 CAT II,APSC-DV-002500 CAT II","APSC-DV-001620 CAT II,APSC-DV-001630 CAT II,APSC-DV-002500 CAT II","APSC-DV-001620 CAT II,APSC-DV-001630 CAT II,APSC-DV-002500 CAT II",Cross-Site Request Forgery (WASC-09)
2026_SSE_mavit,1.0,Insecure Transport: External Link,inlinetextarea.html,101,jobs/40df99ae-e5ad-41dc-a710-6bacd5341271/work/Src/Hospital-Management-System/vendor/ckeditor/samples/inlinetextarea.html,Medium,Security Auditor View,Medium,false,,,,,false,false,UPDATED,Tue May 26 16:32:50 CEST 2026,,false,false,false,SCA,STATIC,Content,C72A3E77-8324-4FF9-B958-74FCDDF39D17,D482281E7C1079332B189CE3F6CE611C,2.0,5.0,5.0,5.0,Security Features,Insecure Transport: External Link,CWE ID 297,[14] CWE ID 287,[14] CWE ID 287,"CCI-000068,CCI-001453,CCI-002418,CCI-002420,CCI-002421,CCI-002422,CCI-002890,CCI-003123","CM,SC",Insufficient Data Protection,,,SC-8 Transmission Confidentiality and Integrity (P1),SC-8 Transmission Confidentiality and Integrity,"2.6.3 Look-up Secret Verifier Requirements (L2 L3),2.7.1 Out of Band Verifier Requirements (L1 L2 L3),2.7.2 Out of Band Verifier Requirements (L1 L2 L3),2.7.3 Out of Band Verifier Requirements (L1 L2 L3),2.8.4 Single or Multi Factor One Time Verifier Requirements (L2 L3),2.8.5 Single or Multi Factor One Time Verifier Requirements (L2 L3),3.7.1 Defenses Against Session Management Exploits (L1 L2 L3),6.2.1 Algorithms (L1 L2 L3),9.2.1 Server Communications Security Requirements (L2 L3),9.2.3 Server Communications Security Requirements (L2 L3)","MASVS-NETWORK-1,MASVS-PLATFORM-2",M3 Insufficient Transport Layer Protection,A6 Sensitive Data Exposure,A3 Sensitive Data Exposure,A05 Security Misconfiguration,"Requirement 4.1,Requirement 6.5.4","Requirement 4.2.1,Requirement 6.2.4","Control Objective 3.3 - Sensitive Data Retention,Control Objective 6.2 - Sensitive Data Protection,Control Objective 7 - Use of Cryptography","Control Objective 3.3 - Sensitive Data Retention,Control Objective 6.2 - Sensitive Data Protection,Control Objective 7 - Use of Cryptography,Control Objective B.2.5 - Terminal Software Design","Control Objective 3.3 - Sensitive Data Retention,Control Objective 6.2 - Sensitive Data Protection,Control Objective 7 - Use of Cryptography,Control Objective B.2.5 - Terminal Software Design,Control Objective C.4.1 - Web Software Communications",,"APSC-DV-000160 CAT II,APSC-DV-000170 CAT II,APSC-DV-001940 CAT II,APSC-DV-001950 CAT II,APSC-DV-002440 CAT I,APSC-DV-002450 CAT II,APSC-DV-002460 CAT II,APSC-DV-002470 CAT II","APSC-DV-000160 CAT II,APSC-DV-000170 CAT II,APSC-DV-001940 CAT II,APSC-DV-001950 CAT II,APSC-DV-002440 CAT I,APSC-DV-002450 CAT II,APSC-DV-002460 CAT II,APSC-DV-002470 CAT II","APSC-DV-000160 CAT II,APSC-DV-000170 CAT II,APSC-DV-001940 CAT II,APSC-DV-001950 CAT II,APSC-DV-002440 CAT I,APSC-DV-002450 CAT II,APSC-DV-002460 CAT II,APSC-DV-002470 CAT II",Insufficient Transport Layer Protection (WASC-04)
2026_SSE_mavit,1.0,Insecure Transport: External Link,inlinetextarea.html,105,jobs/40df99ae-e5ad-41dc-a710-6bacd5341271/work/Src/Hospital-Management-System/vendor/ckeditor/samples/inlinetextarea.html,Medium,Security Auditor View,Medium,false,,,,,false,false,UPDATED,Tue May 26 16:32:50 CEST 2026,,false,false,false,SCA,STATIC,Content,C72A3E77-8324-4FF9-B958-74FCDDF39D17,D482281E7C1079332B189CE3F6CE611D,2.0,5.0,5.0,5.0,Security Features,Insecure Transport: External Link,CWE ID 297,[14] CWE ID 287,[14] CWE ID 287,"CCI-000068,CCI-001453,CCI-002418,CCI-002420,CCI-002421,CCI-002422,CCI-002890,CCI-003123","CM,SC",Insufficient Data Protection,,,SC-8 Transmission Confidentiality and Integrity (P1),SC-8 Transmission Confidentiality and Integrity,"2.6.3 Look-up Secret Verifier Requirements (L2 L3),2.7.1 Out of Band Verifier Requirements (L1 L2 L3),2.7.2 Out of Band Verifier Requirements (L1 L2 L3),2.7.3 Out of Band Verifier Requirements (L1 L2 L3),2.8.4 Single or Multi Factor One Time Verifier Requirements (L2 L3),2.8.5 Single or Multi Factor One Time Verifier Requirements (L2 L3),3.7.1 Defenses Against Session Management Exploits (L1 L2 L3),6.2.1 Algorithms (L1 L2 L3),9.2.1 Server Communications Security Requirements (L2 L3),9.2.3 Server Communications Security Requirements (L2 L3)","MASVS-NETWORK-1,MASVS-PLATFORM-2",M3 Insufficient Transport Layer Protection,A6 Sensitive Data Exposure,A3 Sensitive Data Exposure,A05 Security Misconfiguration,"Requirement 4.1,Requirement 6.5.4","Requirement 4.2.1,Requirement 6.2.4","Control Objective 3.3 - Sensitive Data Retention,Control Objective 6.2 - Sensitive Data Protection,Control Objective 7 - Use of Cryptography","Control Objective 3.3 - Sensitive Data Retention,Control Objective 6.2 - Sensitive Data Protection,Control Objective 7 - Use of Cryptography,Control Objective B.2.5 - Terminal Software Design","Control Objective 3.3 - Sensitive Data Retention,Control Objective 6.2 - Sensitive Data Protection,Control Objective 7 - Use of Cryptography,Control Objective B.2.5 - Terminal Software Design,Control Objective C.4.1 - Web Software Communications",,"APSC-DV-000160 CAT II,APSC-DV-000170 CAT II,APSC-DV-001940 CAT II,APSC-DV-001950 CAT II,APSC-DV-002440 CAT I,APSC-DV-002450 CAT II,APSC-DV-002460 CAT II,APSC-DV-002470 CAT II","APSC-DV-000160 CAT II,APSC-DV-000170 CAT II,APSC-DV-001940 CAT II,APSC-DV-001950 CAT II,APSC-DV-002440 CAT I,APSC-DV-002450 CAT II,APSC-DV-002460 CAT II,APSC-DV-002470 CAT II","APSC-DV-000160 CAT II,APSC-DV-000170 CAT II,APSC-DV-001940 CAT II,APSC-DV-001950 CAT II,APSC-DV-002440 CAT I,APSC-DV-002450 CAT II,APSC-DV-002460 CAT II,APSC-DV-002470 CAT II",Insufficient Transport Layer Protection (WASC-04)
2026_SSE_mavit,1.0,Hardcoded Domain in HTML,jquery.html,10,jobs/40df99ae-e5ad-41dc-a710-6bacd5341271/work/Src/Hospital-Management-System/vendor/ckeditor/samples/jquery.html,Low,Security Auditor View,Low,false,,,,,false,false,UPDATED,Tue May 26 16:32:50 CEST 2026,,false,false,false,SCA,STATIC,Content,C01B6A50-1224-4062-AA16-C3683C44502E,9C57579AEFA731E63BD1CB480378FC3C,1.0,0.6,2.0,5.0,Encapsulation,Hardcoded Domain in HTML,"CWE ID 494,CWE ID 829",,,CCI-001167,,Indirect Access to Sensitive Data,,,SC-18 Mobile Code (P2),SC-18 Mobile Code,"1.14.2 Configuration Architectural Requirements (L2 L3),5.3.9 Output Encoding and Injection Prevention Requirements (L1 L2 L3),10.3.2 Deployed Application Integrity Controls (L1 L2 L3),12.3.3 File Execution Requirements (L1 L2 L3),12.3.6 File Execution Requirements (L2 L3),14.2.3 Dependency (L1 L2 L3),14.2.4 Dependency (L2 L3)",MASVS-PLATFORM-2,M7 Client Side Injection,,,,,,,,,,APSC-DV-003300 CAT II,APSC-DV-003300 CAT II,APSC-DV-003300 CAT II,Insufficient Process Validation (WASC-40)
2026_SSE_mavit,1.0,Dynamic Code Evaluation: Insecure Transport,jquery.html,10,jobs/40df99ae-e5ad-41dc-a710-6bacd5341271/work/Src/Hospital-Management-System/vendor/ckeditor/samples/jquery.html,Critical,Security Auditor View,Critical,false,,,,,false,false,UPDATED,Tue May 26 16:32:50 CEST 2026,,false,false,false,SCA,STATIC,Content,0E8690E1-10AE-446C-8315-7F7DE80E7A6A,BB998ABFAD3D58F03F6B85C8F1AFAD60,4.0,5.0,5.0,5.0,Security Features,Dynamic Code Evaluation: Insecure Transport,CWE ID 319,,,"CCI-000068,CCI-001453,CCI-002418,CCI-002420,CCI-002421,CCI-002422,CCI-002890,CCI-003123",SC,Insufficient Data Protection,,,SC-8 Transmission Confidentiality and Integrity (P1),SC-8 Transmission Confidentiality and Integrity,"1.9.1 Communications Architectural Requirements (L2 L3),1.14.1 Configuration Architectural Requirements (L2 L3),2.2.5 General Authenticator Requirements (L3),2.6.3 Look-up Secret Verifier Requirements (L2 L3),2.7.1 Out of Band Verifier Requirements (L1 L2 L3),2.7.2 Out of Band Verifier Requirements (L1 L2 L3),2.7.3 Out of Band Verifier Requirements (L1 L2 L3),2.8.3 Single or Multi Factor One Time Verifier Requirements (L2 L3),2.8.4 Single or Multi Factor One Time Verifier Requirements (L2 L3),2.8.5 Single or Multi Factor One Time Verifier Requirements (L2 L3),2.9.3 Cryptographic Software and Devices Verifier Requirements (L2 L3),3.7.1 Defenses Against Session Management Exploits (L1 L2 L3),6.2.1 Algorithms (L1 L2 L3),6.2.2 Algorithms (L2 L3),6.2.3 Algorithms (L2 L3),6.2.4 Algorithms (L2 L3),6.2.5 Algorithms (L2 L3),6.2.6 Algorithms (L2 L3),6.2.7 Algorithms (L3),8.1.6 General Data Protection (L3),8.3.1 Sensitive Private Data (L1 L2 L3),8.3.4 Sensitive Private Data (L1 L2 L3),8.3.7 Sensitive Private Data (L2 L3),9.1.1 Communications Security Requirements (L1 L2 L3),9.1.2 Communications Security Requirements (L1 L2 L3),9.1.3 Communications Security Requirements (L1 L2 L3),9.2.1 Server Communications Security Requirements (L2 L3),9.2.2 Server Communications Security Requirements (L2 L3),9.2.3 Server Communications Security Requirements (L2 L3),14.1.3 Build (L2 L3),14.4.5 HTTP Security Headers Requirements (L1 L2 L3)",MASVS-NETWORK-1,M3 Insufficient Transport Layer Protection,A6 Sensitive Data Exposure,A3 Sensitive Data Exposure,A02 Cryptographic Failures,"Requirement 4.1,Requirement 6.5.4","Requirement 4.2.1,Requirement 6.2.4","Control Objective 6.2 - Sensitive Data Protection,Control Objective 7 - Use of Cryptography","Control Objective 6.2 - Sensitive Data Protection,Control Objective 7 - Use of Cryptography,Control Objective B.2.5 - Terminal Software Design","Control Objective 6.2 - Sensitive Data Protection,Control Objective 7 - Use of Cryptography,Control Objective B.2.5 - Terminal Software Design,Control Objective C.4.1 - Web Software Communications",Porous Defenses - CWE ID 311,"APSC-DV-000160 CAT II,APSC-DV-000170 CAT II,APSC-DV-001940 CAT II,APSC-DV-001950 CAT II,APSC-DV-002440 CAT I,APSC-DV-002450 CAT II,APSC-DV-002460 CAT II,APSC-DV-002470 CAT II","APSC-DV-000160 CAT II,APSC-DV-000170 CAT II,APSC-DV-001940 CAT II,APSC-DV-001950 CAT II,APSC-DV-002440 CAT I,APSC-DV-002450 CAT II,APSC-DV-002460 CAT II,APSC-DV-002470 CAT II","APSC-DV-000160 CAT II,APSC-DV-000170 CAT II,APSC-DV-001940 CAT II,APSC-DV-001950 CAT II,APSC-DV-002440 CAT I,APSC-DV-002450 CAT II,APSC-DV-002460 CAT II,APSC-DV-002470 CAT II",Insufficient Transport Layer Protection (WASC-04)
2026_SSE_mavit,1.0,Insecure Transport: External Link,jquery.html,92,jobs/40df99ae-e5ad-41dc-a710-6bacd5341271/work/Src/Hospital-Management-System/vendor/ckeditor/samples/jquery.html,Medium,Security Auditor View,Medium,false,,,,,false,false,UPDATED,Tue May 26 16:32:50 CEST 2026,,false,false,false,SCA,STATIC,Content,C72A3E77-8324-4FF9-B958-74FCDDF39D17,C71199F72DA9832B79E588CF7A78FE4B,2.0,5.0,5.0,5.0,Security Features,Insecure Transport: External Link,CWE ID 297,[14] CWE ID 287,[14] CWE ID 287,"CCI-000068,CCI-001453,CCI-002418,CCI-002420,CCI-002421,CCI-002422,CCI-002890,CCI-003123","CM,SC",Insufficient Data Protection,,,SC-8 Transmission Confidentiality and Integrity (P1),SC-8 Transmission Confidentiality and Integrity,"2.6.3 Look-up Secret Verifier Requirements (L2 L3),2.7.1 Out of Band Verifier Requirements (L1 L2 L3),2.7.2 Out of Band Verifier Requirements (L1 L2 L3),2.7.3 Out of Band Verifier Requirements (L1 L2 L3),2.8.4 Single or Multi Factor One Time Verifier Requirements (L2 L3),2.8.5 Single or Multi Factor One Time Verifier Requirements (L2 L3),3.7.1 Defenses Against Session Management Exploits (L1 L2 L3),6.2.1 Algorithms (L1 L2 L3),9.2.1 Server Communications Security Requirements (L2 L3),9.2.3 Server Communications Security Requirements (L2 L3)","MASVS-NETWORK-1,MASVS-PLATFORM-2",M3 Insufficient Transport Layer Protection,A6 Sensitive Data Exposure,A3 Sensitive Data Exposure,A05 Security Misconfiguration,"Requirement 4.1,Requirement 6.5.4","Requirement 4.2.1,Requirement 6.2.4","Control Objective 3.3 - Sensitive Data Retention,Control Objective 6.2 - Sensitive Data Protection,Control Objective 7 - Use of Cryptography","Control Objective 3.3 - Sensitive Data Retention,Control Objective 6.2 - Sensitive Data Protection,Control Objective 7 - Use of Cryptography,Control Objective B.2.5 - Terminal Software Design","Control Objective 3.3 - Sensitive Data Retention,Control Objective 6.2 - Sensitive Data Protection,Control Objective 7 - Use of Cryptography,Control Objective B.2.5 - Terminal Software Design,Control Objective C.4.1 - Web Software Communications",,"APSC-DV-000160 CAT II,APSC-DV-000170 CAT II,APSC-DV-001940 CAT II,APSC-DV-001950 CAT II,APSC-DV-002440 CAT I,APSC-DV-002450 CAT II,APSC-DV-002460 CAT II,APSC-DV-002470 CAT II","APSC-DV-000160 CAT II,APSC-DV-000170 CAT II,APSC-DV-001940 CAT II,APSC-DV-001950 CAT II,APSC-DV-002440 CAT I,APSC-DV-002450 CAT II,APSC-DV-002460 CAT II,APSC-DV-002470 CAT II","APSC-DV-000160 CAT II,APSC-DV-000170 CAT II,APSC-DV-001940 CAT II,APSC-DV-001950 CAT II,APSC-DV-002440 CAT I,APSC-DV-002450 CAT II,APSC-DV-002460 CAT II,APSC-DV-002470 CAT II",Insufficient Transport Layer Protection (WASC-04)
2026_SSE_mavit,1.0,Insecure Transport: External Link,jquery.html,95,jobs/40df99ae-e5ad-41dc-a710-6bacd5341271/work/Src/Hospital-Management-System/vendor/ckeditor/samples/jquery.html,Medium,Security Auditor View,Medium,false,,,,,false,false,UPDATED,Tue May 26 16:32:50 CEST 2026,,false,false,false,SCA,STATIC,Content,C72A3E77-8324-4FF9-B958-74FCDDF39D17,C71199F72DA9832B79E588CF7A78FE4C,2.0,5.0,5.0,5.0,Security Features,Insecure Transport: External Link,CWE ID 297,[14] CWE ID 287,[14] CWE ID 287,"CCI-000068,CCI-001453,CCI-002418,CCI-002420,CCI-002421,CCI-002422,CCI-002890,CCI-003123","CM,SC",Insufficient Data Protection,,,SC-8 Transmission Confidentiality and Integrity (P1),SC-8 Transmission Confidentiality and Integrity,"2.6.3 Look-up Secret Verifier Requirements (L2 L3),2.7.1 Out of Band Verifier Requirements (L1 L2 L3),2.7.2 Out of Band Verifier Requirements (L1 L2 L3),2.7.3 Out of Band Verifier Requirements (L1 L2 L3),2.8.4 Single or Multi Factor One Time Verifier Requirements (L2 L3),2.8.5 Single or Multi Factor One Time Verifier Requirements (L2 L3),3.7.1 Defenses Against Session Management Exploits (L1 L2 L3),6.2.1 Algorithms (L1 L2 L3),9.2.1 Server Communications Security Requirements (L2 L3),9.2.3 Server Communications Security Requirements (L2 L3)","MASVS-NETWORK-1,MASVS-PLATFORM-2",M3 Insufficient Transport Layer Protection,A6 Sensitive Data Exposure,A3 Sensitive Data Exposure,A05 Security Misconfiguration,"Requirement 4.1,Requirement 6.5.4","Requirement 4.2.1,Requirement 6.2.4","Control Objective 3.3 - Sensitive Data Retention,Control Objective 6.2 - Sensitive Data Protection,Control Objective 7 - Use of Cryptography","Control Objective 3.3 - Sensitive Data Retention,Control Objective 6.2 - Sensitive Data Protection,Control Objective 7 - Use of Cryptography,Control Objective B.2.5 - Terminal Software Design","Control Objective 3.3 - Sensitive Data Retention,Control Objective 6.2 - Sensitive Data Protection,Control Objective 7 - Use of Cryptography,Control Objective B.2.5 - Terminal Software Design,Control Objective C.4.1 - Web Software Communications",,"APSC-DV-000160 CAT II,APSC-DV-000170 CAT II,APSC-DV-001940 CAT II,APSC-DV-001950 CAT II,APSC-DV-002440 CAT I,APSC-DV-002450 CAT II,APSC-DV-002460 CAT II,APSC-DV-002470 CAT II","APSC-DV-000160 CAT II,APSC-DV-000170 CAT II,APSC-DV-001940 CAT II,APSC-DV-001950 CAT II,APSC-DV-002440 CAT I,APSC-DV-002450 CAT II,APSC-DV-002460 CAT II,APSC-DV-002470 CAT II","APSC-DV-000160 CAT II,APSC-DV-000170 CAT II,APSC-DV-001940 CAT II,APSC-DV-001950 CAT II,APSC-DV-002440 CAT I,APSC-DV-002450 CAT II,APSC-DV-002460 CAT II,APSC-DV-002470 CAT II",Insufficient Transport Layer Protection (WASC-04)
2026_SSE_mavit,1.0,Race Condition,jquery.nestable.js,133,jobs/40df99ae-e5ad-41dc-a710-6bacd5341271/work/Src/Hospital-Management-System/vendor/nestable/jquery.nestable.js,High,Security Auditor View,High,false,,,,,false,false,UPDATED,Tue May 26 16:32:50 CEST 2026,,false,false,false,SCA,STATIC,Structural,632C0055-B853-4E37-B49F-720C6448B1C7,24EA980D8DA2E512BABE88CE64AD2BEA,3.0,0.4,4.0,5.0,Time and State,Race Condition,"CWE ID 362,CWE ID 367",,[22] CWE ID 362,CCI-003178,,Indirect Access to Sensitive Data,,,,,"1.11.2 Business Logic Architectural Requirements (L2 L3),1.11.3 Business Logic Architectural Requirements (L3),11.1.6 Business Logic Security Requirements (L2 L3)",,,,,A04 Insecure Design,Requirement 6.5.6,Requirement 6.2.4,Control Objective 4.2 - Critical Asset Protection,"Control Objective 4.2 - Critical Asset Protection,Control Objective B.3.3 - Terminal Software Attack Mitigation","Control Objective 4.2 - Critical Asset Protection,Control Objective B.3.3 - Terminal Software Attack Mitigation",,APSC-DV-001995 CAT II,APSC-DV-001995 CAT II,APSC-DV-001995 CAT II,
2026_SSE_mavit,1.0,Cross-Site Request Forgery,jquery.xdr-transport.js,59,jobs/40df99ae-e5ad-41dc-a710-6bacd5341271/work/Src/Hospital-Management-System/vendor/jquery-file-upload/cors/jquery.xdr-transport.js,Low,Security Auditor View,Low,false,,,,,false,false,UPDATED,Tue May 26 16:32:50 CEST 2026,,false,false,false,SCA,STATIC,Structural,30DFC293-D2B8-463A-9952-257A44B5339C,075F74893A26C1C105D7ED16B9613E63,2.0,0.4,2.0,5.0,Encapsulation,Cross-Site Request Forgery,CWE ID 352,[9] CWE ID 352,[9] CWE ID 352,"CCI-001310,CCI-001941,CCI-001942",,Access Violation,,,SC-23 Session Authenticity (P1),SC-23 Session Authenticity,"3.5.3 Token-based Session Management (L2 L3),4.2.2 Operation Level Access Control (L1 L2 L3),13.2.3 RESTful Web Service Verification Requirements (L1 L2 L3)",,M5 Poor Authorization and Authentication,A8 Cross-Site Request Forgery (CSRF),,A01 Broken Access Control,Requirement 6.5.9,Requirement 6.2.4,Control Objective 5.4 - Authentication and Access Control,Control Objective 5.4 - Authentication and Access Control,"Control Objective 5.4 - Authentication and Access Control,Control Objective C.2.3 - Web Software Access Controls",Insecure Interaction - CWE ID 352,"APSC-DV-001620 CAT II,APSC-DV-001630 CAT II,APSC-DV-002500 CAT II","APSC-DV-001620 CAT II,APSC-DV-001630 CAT II,APSC-DV-002500 CAT II","APSC-DV-001620 CAT II,APSC-DV-001630 CAT II,APSC-DV-002500 CAT II",Cross-Site Request Forgery (WASC-09)
2026_SSE_mavit,1.0,Hardcoded Domain in HTML,logout.php,28,jobs/40df99ae-e5ad-41dc-a710-6bacd5341271/work/Src/Hospital-Management-System/logout.php,Low,Security Auditor View,Low,false,,,,,false,false,UPDATED,Tue May 26 16:32:50 CEST 2026,,false,false,false,SCA,STATIC,Content,C01B6A50-1224-4062-AA16-C3683C44502E,8F9285E8BDF452FE9893502A471C45BD,1.0,0.6,2.0,5.0,Encapsulation,Hardcoded Domain in HTML,"CWE ID 494,CWE ID 829",,,CCI-001167,,Indirect Access to Sensitive Data,,,SC-18 Mobile Code (P2),SC-18 Mobile Code,"1.14.2 Configuration Architectural Requirements (L2 L3),5.3.9 Output Encoding and Injection Prevention Requirements (L1 L2 L3),10.3.2 Deployed Application Integrity Controls (L1 L2 L3),12.3.3 File Execution Requirements (L1 L2 L3),12.3.6 File Execution Requirements (L2 L3),14.2.3 Dependency (L1 L2 L3),14.2.4 Dependency (L2 L3)",MASVS-PLATFORM-2,M7 Client Side Injection,,,,,,,,,,APSC-DV-003300 CAT II,APSC-DV-003300 CAT II,APSC-DV-003300 CAT II,Insufficient Process Validation (WASC-40)
2026_SSE_mavit,1.0,Hardcoded Domain in HTML,logout.php,29,jobs/40df99ae-e5ad-41dc-a710-6bacd5341271/work/Src/Hospital-Management-System/logout.php,Low,Security Auditor View,Low,false,,,,,false,false,UPDATED,Tue May 26 16:32:50 CEST 2026,,false,false,false,SCA,STATIC,Content,C01B6A50-1224-4062-AA16-C3683C44502E,8F9285E8BDF452FE9893502A471C45BE,1.0,0.6,2.0,5.0,Encapsulation,Hardcoded Domain in HTML,"CWE ID 494,CWE ID 829",,,CCI-001167,,Indirect Access to Sensitive Data,,,SC-18 Mobile Code (P2),SC-18 Mobile Code,"1.14.2 Configuration Architectural Requirements (L2 L3),5.3.9 Output Encoding and Injection Prevention Requirements (L1 L2 L3),10.3.2 Deployed Application Integrity Controls (L1 L2 L3),12.3.3 File Execution Requirements (L1 L2 L3),12.3.6 File Execution Requirements (L2 L3),14.2.3 Dependency (L1 L2 L3),14.2.4 Dependency (L2 L3)",MASVS-PLATFORM-2,M7 Client Side Injection,,,,,,,,,,APSC-DV-003300 CAT II,APSC-DV-003300 CAT II,APSC-DV-003300 CAT II,Insufficient Process Validation (WASC-40)
2026_SSE_mavit,1.0,Hardcoded Domain in HTML,logout.php,30,jobs/40df99ae-e5ad-41dc-a710-6bacd5341271/work/Src/Hospital-Management-System/logout.php,Low,Security Auditor View,Low,false,,,,,false,false,UPDATED,Tue May 26 16:32:50 CEST 2026,,false,false,false,SCA,STATIC,Content,C01B6A50-1224-4062-AA16-C3683C44502E,8F9285E8BDF452FE9893502A471C45BF,1.0,0.6,2.0,5.0,Encapsulation,Hardcoded Domain in HTML,"CWE ID 494,CWE ID 829",,,CCI-001167,,Indirect Access to Sensitive Data,,,SC-18 Mobile Code (P2),SC-18 Mobile Code,"1.14.2 Configuration Architectural Requirements (L2 L3),5.3.9 Output Encoding and Injection Prevention Requirements (L1 L2 L3),10.3.2 Deployed Application Integrity Controls (L1 L2 L3),12.3.3 File Execution Requirements (L1 L2 L3),12.3.6 File Execution Requirements (L2 L3),14.2.3 Dependency (L1 L2 L3),14.2.4 Dependency (L2 L3)",MASVS-PLATFORM-2,M7 Client Side Injection,,,,,,,,,,APSC-DV-003300 CAT II,APSC-DV-003300 CAT II,APSC-DV-003300 CAT II,Insufficient Process Validation (WASC-40)
2026_SSE_mavit,1.0,Hardcoded Domain in HTML,logout1.php,27,jobs/40df99ae-e5ad-41dc-a710-6bacd5341271/work/Src/Hospital-Management-System/logout1.php,Low,Security Auditor View,Low,false,,,,,false,false,UPDATED,Tue May 26 16:32:50 CEST 2026,,false,false,false,SCA,STATIC,Content,C01B6A50-1224-4062-AA16-C3683C44502E,DACC6924107436B087BD8D5E4ECBE94E,1.0,0.6,2.0,5.0,Encapsulation,Hardcoded Domain in HTML,"CWE ID 494,CWE ID 829",,,CCI-001167,,Indirect Access to Sensitive Data,,,SC-18 Mobile Code (P2),SC-18 Mobile Code,"1.14.2 Configuration Architectural Requirements (L2 L3),5.3.9 Output Encoding and Injection Prevention Requirements (L1 L2 L3),10.3.2 Deployed Application Integrity Controls (L1 L2 L3),12.3.3 File Execution Requirements (L1 L2 L3),12.3.6 File Execution Requirements (L2 L3),14.2.3 Dependency (L1 L2 L3),14.2.4 Dependency (L2 L3)",MASVS-PLATFORM-2,M7 Client Side Injection,,,,,,,,,,APSC-DV-003300 CAT II,APSC-DV-003300 CAT II,APSC-DV-003300 CAT II,Insufficient Process Validation (WASC-40)
2026_SSE_mavit,1.0,Hardcoded Domain in HTML,logout1.php,28,jobs/40df99ae-e5ad-41dc-a710-6bacd5341271/work/Src/Hospital-Management-System/logout1.php,Low,Security Auditor View,Low,false,,,,,false,false,UPDATED,Tue May 26 16:32:50 CEST 2026,,false,false,false,SCA,STATIC,Content,C01B6A50-1224-4062-AA16-C3683C44502E,DACC6924107436B087BD8D5E4ECBE94F,1.0,0.6,2.0,5.0,Encapsulation,Hardcoded Domain in HTML,"CWE ID 494,CWE ID 829",,,CCI-001167,,Indirect Access to Sensitive Data,,,SC-18 Mobile Code (P2),SC-18 Mobile Code,"1.14.2 Configuration Architectural Requirements (L2 L3),5.3.9 Output Encoding and Injection Prevention Requirements (L1 L2 L3),10.3.2 Deployed Application Integrity Controls (L1 L2 L3),12.3.3 File Execution Requirements (L1 L2 L3),12.3.6 File Execution Requirements (L2 L3),14.2.3 Dependency (L1 L2 L3),14.2.4 Dependency (L2 L3)",MASVS-PLATFORM-2,M7 Client Side Injection,,,,,,,,,,APSC-DV-003300 CAT II,APSC-DV-003300 CAT II,APSC-DV-003300 CAT II,Insufficient Process Validation (WASC-40)
2026_SSE_mavit,1.0,Hardcoded Domain in HTML,logout1.php,29,jobs/40df99ae-e5ad-41dc-a710-6bacd5341271/work/Src/Hospital-Management-System/logout1.php,Low,Security Auditor View,Low,false,,,,,false,false,UPDATED,Tue May 26 16:32:50 CEST 2026,,false,false,false,SCA,STATIC,Content,C01B6A50-1224-4062-AA16-C3683C44502E,DACC6924107436B087BD8D5E4ECBE950,1.0,0.6,2.0,5.0,Encapsulation,Hardcoded Domain in HTML,"CWE ID 494,CWE ID 829",,,CCI-001167,,Indirect Access to Sensitive Data,,,SC-18 Mobile Code (P2),SC-18 Mobile Code,"1.14.2 Configuration Architectural Requirements (L2 L3),5.3.9 Output Encoding and Injection Prevention Requirements (L1 L2 L3),10.3.2 Deployed Application Integrity Controls (L1 L2 L3),12.3.3 File Execution Requirements (L1 L2 L3),12.3.6 File Execution Requirements (L2 L3),14.2.3 Dependency (L1 L2 L3),14.2.4 Dependency (L2 L3)",MASVS-PLATFORM-2,M7 Client Side Injection,,,,,,,,,,APSC-DV-003300 CAT II,APSC-DV-003300 CAT II,APSC-DV-003300 CAT II,Insufficient Process Validation (WASC-40)
2026_SSE_mavit,1.0,Poor Error Handling: Empty Catch Block,main.py,106,jobs/40df99ae-e5ad-41dc-a710-6bacd5341271/work/Src/Hospital-Management-System/vendor/jquery-file-upload/server/gae-python/main.py,Low,Security Auditor View,Low,false,,,,,false,false,UPDATED,Tue May 26 16:32:50 CEST 2026,,false,false,false,SCA,STATIC,Structural,D4C1F048-3309-45A8-B726-FF039217DAE3,BC2A50CD4F6B47A99D818CE4596E231C,1.0,1.0,2.0,5.0,Errors,Poor Error Handling: Empty Catch Block,CWE ID 1069,,,"CCI-001312,CCI-001314,CCI-003272",AU,Indirect Access to Sensitive Data,,,SI-11 Error Handling (P2),SI-11 Error Handling,7.4.1 Error Handling (L1 L2 L3),,,,,,Requirement 6.5.5,Requirement 6.2.4,Control Objective 3.6 - Sensitive Data Retention,"Control Objective 3.6 - Sensitive Data Retention,Control Objective B.3.2 - Terminal Software Attack Mitigation","Control Objective 3.6 - Sensitive Data Retention,Control Objective B.3.2 - Terminal Software Attack Mitigation",,"APSC-DV-002570 CAT II,APSC-DV-002580 CAT II,APSC-DV-003235 CAT II","APSC-DV-002570 CAT II,APSC-DV-002580 CAT II,APSC-DV-003235 CAT II","APSC-DV-002570 CAT II,APSC-DV-002580 CAT II,APSC-DV-003235 CAT II",
2026_SSE_mavit,1.0,SQL Injection,messearch.php,15,jobs/40df99ae-e5ad-41dc-a710-6bacd5341271/work/Src/Hospital-Management-System/messearch.php,Critical,Security Auditor View,Critical,false,,,,,false,false,UPDATED,Tue May 26 16:32:50 CEST 2026,,false,false,false,SCA,STATIC,Data Flow,FF858C20-4BCD-4EBA-8DBA-F1502AB06D2E,B426B8073E958301107A83564D2A1281,5.0,5.0,4.0,5.0,Input Validation and Representation,SQL Injection,CWE ID 89,[6] CWE ID 089,[3] CWE ID 089,"CCI-001310,CCI-002754",SI,Indirect Access to Sensitive Data,Rule 1.3,Rule 0-3-1,SI-10 Information Input Validation (P1),SI-10 Information Input Validation,"5.3.4 Output Encoding and Injection Prevention Requirements (L1 L2 L3),5.3.5 Output Encoding and Injection Prevention Requirements (L1 L2 L3)",MASVS-CODE-4,M7 Client Side Injection,A1 Injection,A1 Injection,A03 Injection,Requirement 6.5.1,Requirement 6.2.4,Control Objective 4.2 - Critical Asset Protection,"Control Objective 4.2 - Critical Asset Protection,Control Objective B.3.1 - Terminal Software Attack Mitigation,Control Objective B.3.1.1 - Terminal Software Attack Mitigation","Control Objective 4.2 - Critical Asset Protection,Control Objective B.3.1 - Terminal Software Attack Mitigation,Control Objective B.3.1.1 - Terminal Software Attack Mitigation,Control Objective C.3.2 - Web Software Attack Mitigation",Insecure Interaction - CWE ID 089,"APSC-DV-002540 CAT I,APSC-DV-002560 CAT I","APSC-DV-002540 CAT I,APSC-DV-002560 CAT I","APSC-DV-002540 CAT I,APSC-DV-002560 CAT I",SQL Injection (WASC-19)
2026_SSE_mavit,1.0,Cross-Site Scripting: Persistent,messearch.php,45,jobs/40df99ae-e5ad-41dc-a710-6bacd5341271/work/Src/Hospital-Management-System/messearch.php,Critical,Security Auditor View,Critical,false,,,,,false,false,UPDATED,Tue May 26 16:32:50 CEST 2026,,false,false,false,SCA,STATIC,Data Flow,AF6C6C57-CA46-489C-B449-CFE4A5AB7202,2887FB4862BDB921A578EA59F29BFA91,5.0,5.0,4.0,5.0,Input Validation and Representation,Cross-Site Scripting: Persistent,"CWE ID 79,CWE ID 80",[2] CWE ID 079,[2] CWE ID 079,"CCI-001310,CCI-002754",SI,Indirect Access to Sensitive Data,,,SI-10 Information Input Validation (P1),SI-10 Information Input Validation,"5.3.3 Output Encoding and Injection Prevention Requirements (L1 L2 L3),5.3.6 Output Encoding and Injection Prevention Requirements (L1 L2 L3)",,M7 Client Side Injection,A3 Cross-Site Scripting (XSS),A7 Cross-Site Scripting (XSS),A03 Injection,Requirement 6.5.7,Requirement 6.2.4,Control Objective 4.2 - Critical Asset Protection,"Control Objective 4.2 - Critical Asset Protection,Control Objective B.3.1 - Terminal Software Attack Mitigation,Control Objective B.3.1.1 - Terminal Software Attack Mitigation","Control Objective 4.2 - Critical Asset Protection,Control Objective B.3.1 - Terminal Software Attack Mitigation,Control Objective B.3.1.1 - Terminal Software Attack Mitigation,Control Objective C.3.2 - Web Software Attack Mitigation",Insecure Interaction - CWE ID 079,"APSC-DV-002490 CAT I,APSC-DV-002560 CAT I","APSC-DV-002490 CAT I,APSC-DV-002560 CAT I","APSC-DV-002490 CAT I,APSC-DV-002560 CAT I",Cross-Site Scripting (WASC-08)
2026_SSE_mavit,1.0,Hardcoded Domain in HTML,messearch.php,53,jobs/40df99ae-e5ad-41dc-a710-6bacd5341271/work/Src/Hospital-Management-System/messearch.php,Low,Security Auditor View,Low,false,,,,,false,false,UPDATED,Tue May 26 16:32:50 CEST 2026,,false,false,false,SCA,STATIC,Content,C01B6A50-1224-4062-AA16-C3683C44502E,D98A29979D5FF300428BFC56D40A6751,1.0,0.6,2.0,5.0,Encapsulation,Hardcoded Domain in HTML,"CWE ID 494,CWE ID 829",,,CCI-001167,,Indirect Access to Sensitive Data,,,SC-18 Mobile Code (P2),SC-18 Mobile Code,"1.14.2 Configuration Architectural Requirements (L2 L3),5.3.9 Output Encoding and Injection Prevention Requirements (L1 L2 L3),10.3.2 Deployed Application Integrity Controls (L1 L2 L3),12.3.3 File Execution Requirements (L1 L2 L3),12.3.6 File Execution Requirements (L2 L3),14.2.3 Dependency (L1 L2 L3),14.2.4 Dependency (L2 L3)",MASVS-PLATFORM-2,M7 Client Side Injection,,,,,,,,,,APSC-DV-003300 CAT II,APSC-DV-003300 CAT II,APSC-DV-003300 CAT II,Insufficient Process Validation (WASC-40)
2026_SSE_mavit,1.0,Hardcoded Domain in HTML,messearch.php,54,jobs/40df99ae-e5ad-41dc-a710-6bacd5341271/work/Src/Hospital-Management-System/messearch.php,Low,Security Auditor View,Low,false,,,,,false,false,UPDATED,Tue May 26 16:32:50 CEST 2026,,false,false,false,SCA,STATIC,Content,C01B6A50-1224-4062-AA16-C3683C44502E,D98A29979D5FF300428BFC56D40A6752,1.0,0.6,2.0,5.0,Encapsulation,Hardcoded Domain in HTML,"CWE ID 494,CWE ID 829",,,CCI-001167,,Indirect Access to Sensitive Data,,,SC-18 Mobile Code (P2),SC-18 Mobile Code,"1.14.2 Configuration Architectural Requirements (L2 L3),5.3.9 Output Encoding and Injection Prevention Requirements (L1 L2 L3),10.3.2 Deployed Application Integrity Controls (L1 L2 L3),12.3.3 File Execution Requirements (L1 L2 L3),12.3.6 File Execution Requirements (L2 L3),14.2.3 Dependency (L1 L2 L3),14.2.4 Dependency (L2 L3)",MASVS-PLATFORM-2,M7 Client Side Injection,,,,,,,,,,APSC-DV-003300 CAT II,APSC-DV-003300 CAT II,APSC-DV-003300 CAT II,Insufficient Process Validation (WASC-40)
2026_SSE_mavit,1.0,Hardcoded Domain in HTML,messearch.php,55,jobs/40df99ae-e5ad-41dc-a710-6bacd5341271/work/Src/Hospital-Management-System/messearch.php,Low,Security Auditor View,Low,false,,,,,false,false,UPDATED,Tue May 26 16:32:50 CEST 2026,,false,false,false,SCA,STATIC,Content,C01B6A50-1224-4062-AA16-C3683C44502E,D98A29979D5FF300428BFC56D40A6753,1.0,0.6,2.0,5.0,Encapsulation,Hardcoded Domain in HTML,"CWE ID 494,CWE ID 829",,,CCI-001167,,Indirect Access to Sensitive Data,,,SC-18 Mobile Code (P2),SC-18 Mobile Code,"1.14.2 Configuration Architectural Requirements (L2 L3),5.3.9 Output Encoding and Injection Prevention Requirements (L1 L2 L3),10.3.2 Deployed Application Integrity Controls (L1 L2 L3),12.3.3 File Execution Requirements (L1 L2 L3),12.3.6 File Execution Requirements (L2 L3),14.2.3 Dependency (L1 L2 L3),14.2.4 Dependency (L2 L3)",MASVS-PLATFORM-2,M7 Client Side Injection,,,,,,,,,,APSC-DV-003300 CAT II,APSC-DV-003300 CAT II,APSC-DV-003300 CAT II,Insufficient Process Validation (WASC-40)
2026_SSE_mavit,1.0,Password Management: Password in Comment,newfunc.php,6,jobs/40df99ae-e5ad-41dc-a710-6bacd5341271/work/Src/Hospital-Management-System/newfunc.php,Low,Security Auditor View,Low,false,,,,,false,false,UPDATED,Tue May 26 16:32:50 CEST 2026,,false,false,false,SCA,STATIC,Structural,EBD3CC88-4CF9-440F-9831-0298A2027911,0B5EC9051502F80457C3B010AAC8215E,2.0,0.6,2.0,5.0,Security Features,Password Management: Password in Comment,CWE ID 615,,,"CCI-000196,CCI-001199,CCI-002367",IA,Insufficient Data Protection,,,SC-28 Protection of Information at Rest (P1),SC-28 Protection of Information at Rest,,MASVS-STORAGE-1,M2 Insecure Data Storage,A6 Sensitive Data Exposure,A3 Sensitive Data Exposure,A05 Security Misconfiguration,"Requirement 6.3.1,Requirement 6.5.3,Requirement 8.2.1","Requirement 3.2.1,Requirement 6.2.4,Requirement 6.5.3,Requirement 6.5.6","Control Objective 6.1 - Sensitive Data Protection,Control Objective 7 - Use of Cryptography","Control Objective 6.1 - Sensitive Data Protection,Control Objective 7 - Use of Cryptography","Control Objective 6.1 - Sensitive Data Protection,Control Objective 7 - Use of Cryptography",,"APSC-DV-001740 CAT I,APSC-DV-002330 CAT II,APSC-DV-003110 CAT I","APSC-DV-001740 CAT I,APSC-DV-002330 CAT II,APSC-DV-003110 CAT I","APSC-DV-001740 CAT I,APSC-DV-002330 CAT II,APSC-DV-003110 CAT I",Information Leakage (WASC-13)
2026_SSE_mavit,1.0,Password Management: Password in Comment,newfunc.php,7,jobs/40df99ae-e5ad-41dc-a710-6bacd5341271/work/Src/Hospital-Management-System/newfunc.php,Low,Security Auditor View,Low,false,,,,,false,false,UPDATED,Tue May 26 16:32:50 CEST 2026,,false,false,false,SCA,STATIC,Structural,EBD3CC88-4CF9-440F-9831-0298A2027911,BF962396C9285D09E3F2290FFE90C689,2.0,0.6,2.0,5.0,Security Features,Password Management: Password in Comment,CWE ID 615,,,"CCI-000196,CCI-001199,CCI-002367",IA,Insufficient Data Protection,,,SC-28 Protection of Information at Rest (P1),SC-28 Protection of Information at Rest,,MASVS-STORAGE-1,M2 Insecure Data Storage,A6 Sensitive Data Exposure,A3 Sensitive Data Exposure,A05 Security Misconfiguration,"Requirement 6.3.1,Requirement 6.5.3,Requirement 8.2.1","Requirement 3.2.1,Requirement 6.2.4,Requirement 6.5.3,Requirement 6.5.6","Control Objective 6.1 - Sensitive Data Protection,Control Objective 7 - Use of Cryptography","Control Objective 6.1 - Sensitive Data Protection,Control Objective 7 - Use of Cryptography","Control Objective 6.1 - Sensitive Data Protection,Control Objective 7 - Use of Cryptography",,"APSC-DV-001740 CAT I,APSC-DV-002330 CAT II,APSC-DV-003110 CAT I","APSC-DV-001740 CAT I,APSC-DV-002330 CAT II,APSC-DV-003110 CAT I","APSC-DV-001740 CAT I,APSC-DV-002330 CAT II,APSC-DV-003110 CAT I",Information Leakage (WASC-13)
2026_SSE_mavit,1.0,SQL Injection,newfunc.php,23,jobs/40df99ae-e5ad-41dc-a710-6bacd5341271/work/Src/Hospital-Management-System/newfunc.php,Critical,Security Auditor View,Critical,false,,,,,false,false,UPDATED,Tue May 26 16:32:50 CEST 2026,,false,false,false,SCA,STATIC,Data Flow,FF858C20-4BCD-4EBA-8DBA-F1502AB06D2E,1DF3AC12DE974CBB887857590BB46A3D,5.0,5.0,4.0,5.0,Input Validation and Representation,SQL Injection,CWE ID 89,[6] CWE ID 089,[3] CWE ID 089,"CCI-001310,CCI-002754",SI,Indirect Access to Sensitive Data,Rule 1.3,Rule 0-3-1,SI-10 Information Input Validation (P1),SI-10 Information Input Validation,"5.3.4 Output Encoding and Injection Prevention Requirements (L1 L2 L3),5.3.5 Output Encoding and Injection Prevention Requirements (L1 L2 L3)",MASVS-CODE-4,M7 Client Side Injection,A1 Injection,A1 Injection,A03 Injection,Requirement 6.5.1,Requirement 6.2.4,Control Objective 4.2 - Critical Asset Protection,"Control Objective 4.2 - Critical Asset Protection,Control Objective B.3.1 - Terminal Software Attack Mitigation,Control Objective B.3.1.1 - Terminal Software Attack Mitigation","Control Objective 4.2 - Critical Asset Protection,Control Objective B.3.1 - Terminal Software Attack Mitigation,Control Objective B.3.1.1 - Terminal Software Attack Mitigation,Control Objective C.3.2 - Web Software Attack Mitigation",Insecure Interaction - CWE ID 089,"APSC-DV-002540 CAT I,APSC-DV-002560 CAT I","APSC-DV-002540 CAT I,APSC-DV-002560 CAT I","APSC-DV-002540 CAT I,APSC-DV-002560 CAT I",SQL Injection (WASC-19)
2026_SSE_mavit,1.0,SQL Injection,newfunc.php,23,jobs/40df99ae-e5ad-41dc-a710-6bacd5341271/work/Src/Hospital-Management-System/newfunc.php,Critical,Security Auditor View,Critical,false,,,,,false,false,UPDATED,Tue May 26 16:32:50 CEST 2026,,false,false,false,SCA,STATIC,Data Flow,FF858C20-4BCD-4EBA-8DBA-F1502AB06D2E,8E4867A652638D1BC15825CF6BB61D98,5.0,5.0,4.0,5.0,Input Validation and Representation,SQL Injection,CWE ID 89,[6] CWE ID 089,[3] CWE ID 089,"CCI-001310,CCI-002754",SI,Indirect Access to Sensitive Data,Rule 1.3,Rule 0-3-1,SI-10 Information Input Validation (P1),SI-10 Information Input Validation,"5.3.4 Output Encoding and Injection Prevention Requirements (L1 L2 L3),5.3.5 Output Encoding and Injection Prevention Requirements (L1 L2 L3)",MASVS-CODE-4,M7 Client Side Injection,A1 Injection,A1 Injection,A03 Injection,Requirement 6.5.1,Requirement 6.2.4,Control Objective 4.2 - Critical Asset Protection,"Control Objective 4.2 - Critical Asset Protection,Control Objective B.3.1 - Terminal Software Attack Mitigation,Control Objective B.3.1.1 - Terminal Software Attack Mitigation","Control Objective 4.2 - Critical Asset Protection,Control Objective B.3.1 - Terminal Software Attack Mitigation,Control Objective B.3.1.1 - Terminal Software Attack Mitigation,Control Objective C.3.2 - Web Software Attack Mitigation",Insecure Interaction - CWE ID 089,"APSC-DV-002540 CAT I,APSC-DV-002560 CAT I","APSC-DV-002540 CAT I,APSC-DV-002560 CAT I","APSC-DV-002540 CAT I,APSC-DV-002560 CAT I",SQL Injection (WASC-19)
2026_SSE_mavit,1.0,Cross-Site Scripting: Persistent,newfunc.php,49,jobs/40df99ae-e5ad-41dc-a710-6bacd5341271/work/Src/Hospital-Management-System/newfunc.php,Critical,Security Auditor View,Critical,false,,,,,false,false,UPDATED,Tue May 26 16:32:50 CEST 2026,,false,false,false,SCA,STATIC,Data Flow,AF6C6C57-CA46-489C-B449-CFE4A5AB7202,88CEC1F8FF61FE0461713EC5EEEB9F9C,5.0,5.0,4.0,5.0,Input Validation and Representation,Cross-Site Scripting: Persistent,"CWE ID 79,CWE ID 80",[2] CWE ID 079,[2] CWE ID 079,"CCI-001310,CCI-002754",SI,Indirect Access to Sensitive Data,,,SI-10 Information Input Validation (P1),SI-10 Information Input Validation,"5.3.3 Output Encoding and Injection Prevention Requirements (L1 L2 L3),5.3.6 Output Encoding and Injection Prevention Requirements (L1 L2 L3)",,M7 Client Side Injection,A3 Cross-Site Scripting (XSS),A7 Cross-Site Scripting (XSS),A03 Injection,Requirement 6.5.7,Requirement 6.2.4,Control Objective 4.2 - Critical Asset Protection,"Control Objective 4.2 - Critical Asset Protection,Control Objective B.3.1 - Terminal Software Attack Mitigation,Control Objective B.3.1.1 - Terminal Software Attack Mitigation","Control Objective 4.2 - Critical Asset Protection,Control Objective B.3.1 - Terminal Software Attack Mitigation,Control Objective B.3.1.1 - Terminal Software Attack Mitigation,Control Objective C.3.2 - Web Software Attack Mitigation",Insecure Interaction - CWE ID 079,"APSC-DV-002490 CAT I,APSC-DV-002560 CAT I","APSC-DV-002490 CAT I,APSC-DV-002560 CAT I","APSC-DV-002490 CAT I,APSC-DV-002560 CAT I",Cross-Site Scripting (WASC-08)
2026_SSE_mavit,1.0,Cross-Site Scripting: Persistent,newfunc.php,63,jobs/40df99ae-e5ad-41dc-a710-6bacd5341271/work/Src/Hospital-Management-System/newfunc.php,Critical,Security Auditor View,Critical,false,,,,,false,false,UPDATED,Tue May 26 16:32:50 CEST 2026,,false,false,false,SCA,STATIC,Data Flow,AF6C6C57-CA46-489C-B449-CFE4A5AB7202,34ABA42E08E59E14713C957DC3467A8F,5.0,5.0,4.0,5.0,Input Validation and Representation,Cross-Site Scripting: Persistent,"CWE ID 79,CWE ID 80",[2] CWE ID 079,[2] CWE ID 079,"CCI-001310,CCI-002754",SI,Indirect Access to Sensitive Data,,,SI-10 Information Input Validation (P1),SI-10 Information Input Validation,"5.3.3 Output Encoding and Injection Prevention Requirements (L1 L2 L3),5.3.6 Output Encoding and Injection Prevention Requirements (L1 L2 L3)",,M7 Client Side Injection,A3 Cross-Site Scripting (XSS),A7 Cross-Site Scripting (XSS),A03 Injection,Requirement 6.5.7,Requirement 6.2.4,Control Objective 4.2 - Critical Asset Protection,"Control Objective 4.2 - Critical Asset Protection,Control Objective B.3.1 - Terminal Software Attack Mitigation,Control Objective B.3.1.1 - Terminal Software Attack Mitigation","Control Objective 4.2 - Critical Asset Protection,Control Objective B.3.1 - Terminal Software Attack Mitigation,Control Objective B.3.1.1 - Terminal Software Attack Mitigation,Control Objective C.3.2 - Web Software Attack Mitigation",Insecure Interaction - CWE ID 079,"APSC-DV-002490 CAT I,APSC-DV-002560 CAT I","APSC-DV-002490 CAT I,APSC-DV-002560 CAT I","APSC-DV-002490 CAT I,APSC-DV-002560 CAT I",Cross-Site Scripting (WASC-08)
2026_SSE_mavit,1.0,SQL Injection,newfunc.php,84,jobs/40df99ae-e5ad-41dc-a710-6bacd5341271/work/Src/Hospital-Management-System/newfunc.php,Critical,Security Auditor View,Critical,false,,,,,false,false,UPDATED,Tue May 26 16:32:50 CEST 2026,,false,false,false,SCA,STATIC,Data Flow,FF858C20-4BCD-4EBA-8DBA-F1502AB06D2E,85CE9CA9478BF686B0FA3DFBC1FA8F17,5.0,5.0,4.0,5.0,Input Validation and Representation,SQL Injection,CWE ID 89,[6] CWE ID 089,[3] CWE ID 089,"CCI-001310,CCI-002754",SI,Indirect Access to Sensitive Data,Rule 1.3,Rule 0-3-1,SI-10 Information Input Validation (P1),SI-10 Information Input Validation,"5.3.4 Output Encoding and Injection Prevention Requirements (L1 L2 L3),5.3.5 Output Encoding and Injection Prevention Requirements (L1 L2 L3)",MASVS-CODE-4,M7 Client Side Injection,A1 Injection,A1 Injection,A03 Injection,Requirement 6.5.1,Requirement 6.2.4,Control Objective 4.2 - Critical Asset Protection,"Control Objective 4.2 - Critical Asset Protection,Control Objective B.3.1 - Terminal Software Attack Mitigation,Control Objective B.3.1.1 - Terminal Software Attack Mitigation","Control Objective 4.2 - Critical Asset Protection,Control Objective B.3.1 - Terminal Software Attack Mitigation,Control Objective B.3.1.1 - Terminal Software Attack Mitigation,Control Objective C.3.2 - Web Software Attack Mitigation",Insecure Interaction - CWE ID 089,"APSC-DV-002540 CAT I,APSC-DV-002560 CAT I","APSC-DV-002540 CAT I,APSC-DV-002560 CAT I","APSC-DV-002540 CAT I,APSC-DV-002560 CAT I",SQL Injection (WASC-19)
2026_SSE_mavit,1.0,Insecure Transport: External Link,outputforflash.html,39,jobs/40df99ae-e5ad-41dc-a710-6bacd5341271/work/Src/Hospital-Management-System/vendor/ckeditor/samples/plugins/htmlwriter/outputforflash.html,Medium,Security Auditor View,Medium,false,,,,,false,false,UPDATED,Tue May 26 16:32:50 CEST 2026,,false,false,false,SCA,STATIC,Content,C72A3E77-8324-4FF9-B958-74FCDDF39D17,7F94A7054F9BC1B812DB829D0CC9B827,2.0,5.0,5.0,5.0,Security Features,Insecure Transport: External Link,CWE ID 297,[14] CWE ID 287,[14] CWE ID 287,"CCI-000068,CCI-001453,CCI-002418,CCI-002420,CCI-002421,CCI-002422,CCI-002890,CCI-003123","CM,SC",Insufficient Data Protection,,,SC-8 Transmission Confidentiality and Integrity (P1),SC-8 Transmission Confidentiality and Integrity,"2.6.3 Look-up Secret Verifier Requirements (L2 L3),2.7.1 Out of Band Verifier Requirements (L1 L2 L3),2.7.2 Out of Band Verifier Requirements (L1 L2 L3),2.7.3 Out of Band Verifier Requirements (L1 L2 L3),2.8.4 Single or Multi Factor One Time Verifier Requirements (L2 L3),2.8.5 Single or Multi Factor One Time Verifier Requirements (L2 L3),3.7.1 Defenses Against Session Management Exploits (L1 L2 L3),6.2.1 Algorithms (L1 L2 L3),9.2.1 Server Communications Security Requirements (L2 L3),9.2.3 Server Communications Security Requirements (L2 L3)","MASVS-NETWORK-1,MASVS-PLATFORM-2",M3 Insufficient Transport Layer Protection,A6 Sensitive Data Exposure,A3 Sensitive Data Exposure,A05 Security Misconfiguration,"Requirement 4.1,Requirement 6.5.4","Requirement 4.2.1,Requirement 6.2.4","Control Objective 3.3 - Sensitive Data Retention,Control Objective 6.2 - Sensitive Data Protection,Control Objective 7 - Use of Cryptography","Control Objective 3.3 - Sensitive Data Retention,Control Objective 6.2 - Sensitive Data Protection,Control Objective 7 - Use of Cryptography,Control Objective B.2.5 - Terminal Software Design","Control Objective 3.3 - Sensitive Data Retention,Control Objective 6.2 - Sensitive Data Protection,Control Objective 7 - Use of Cryptography,Control Objective B.2.5 - Terminal Software Design,Control Objective C.4.1 - Web Software Communications",,"APSC-DV-000160 CAT II,APSC-DV-000170 CAT II,APSC-DV-001940 CAT II,APSC-DV-001950 CAT II,APSC-DV-002440 CAT I,APSC-DV-002450 CAT II,APSC-DV-002460 CAT II,APSC-DV-002470 CAT II","APSC-DV-000160 CAT II,APSC-DV-000170 CAT II,APSC-DV-001940 CAT II,APSC-DV-001950 CAT II,APSC-DV-002440 CAT I,APSC-DV-002450 CAT II,APSC-DV-002460 CAT II,APSC-DV-002470 CAT II","APSC-DV-000160 CAT II,APSC-DV-000170 CAT II,APSC-DV-001940 CAT II,APSC-DV-001950 CAT II,APSC-DV-002440 CAT I,APSC-DV-002450 CAT II,APSC-DV-002460 CAT II,APSC-DV-002470 CAT II",Insufficient Transport Layer Protection (WASC-04)
2026_SSE_mavit,1.0,Insecure Transport: External Link,outputforflash.html,245,jobs/40df99ae-e5ad-41dc-a710-6bacd5341271/work/Src/Hospital-Management-System/vendor/ckeditor/samples/plugins/htmlwriter/outputforflash.html,Medium,Security Auditor View,Medium,false,,,,,false,false,UPDATED,Tue May 26 16:32:50 CEST 2026,,false,false,false,SCA,STATIC,Content,C72A3E77-8324-4FF9-B958-74FCDDF39D17,7F94A7054F9BC1B812DB829D0CC9B828,2.0,5.0,5.0,5.0,Security Features,Insecure Transport: External Link,CWE ID 297,[14] CWE ID 287,[14] CWE ID 287,"CCI-000068,CCI-001453,CCI-002418,CCI-002420,CCI-002421,CCI-002422,CCI-002890,CCI-003123","CM,SC",Insufficient Data Protection,,,SC-8 Transmission Confidentiality and Integrity (P1),SC-8 Transmission Confidentiality and Integrity,"2.6.3 Look-up Secret Verifier Requirements (L2 L3),2.7.1 Out of Band Verifier Requirements (L1 L2 L3),2.7.2 Out of Band Verifier Requirements (L1 L2 L3),2.7.3 Out of Band Verifier Requirements (L1 L2 L3),2.8.4 Single or Multi Factor One Time Verifier Requirements (L2 L3),2.8.5 Single or Multi Factor One Time Verifier Requirements (L2 L3),3.7.1 Defenses Against Session Management Exploits (L1 L2 L3),6.2.1 Algorithms (L1 L2 L3),9.2.1 Server Communications Security Requirements (L2 L3),9.2.3 Server Communications Security Requirements (L2 L3)","MASVS-NETWORK-1,MASVS-PLATFORM-2",M3 Insufficient Transport Layer Protection,A6 Sensitive Data Exposure,A3 Sensitive Data Exposure,A05 Security Misconfiguration,"Requirement 4.1,Requirement 6.5.4","Requirement 4.2.1,Requirement 6.2.4","Control Objective 3.3 - Sensitive Data Retention,Control Objective 6.2 - Sensitive Data Protection,Control Objective 7 - Use of Cryptography","Control Objective 3.3 - Sensitive Data Retention,Control Objective 6.2 - Sensitive Data Protection,Control Objective 7 - Use of Cryptography,Control Objective B.2.5 - Terminal Software Design","Control Objective 3.3 - Sensitive Data Retention,Control Objective 6.2 - Sensitive Data Protection,Control Objective 7 - Use of Cryptography,Control Objective B.2.5 - Terminal Software Design,Control Objective C.4.1 - Web Software Communications",,"APSC-DV-000160 CAT II,APSC-DV-000170 CAT II,APSC-DV-001940 CAT II,APSC-DV-001950 CAT II,APSC-DV-002440 CAT I,APSC-DV-002450 CAT II,APSC-DV-002460 CAT II,APSC-DV-002470 CAT II","APSC-DV-000160 CAT II,APSC-DV-000170 CAT II,APSC-DV-001940 CAT II,APSC-DV-001950 CAT II,APSC-DV-002440 CAT I,APSC-DV-002450 CAT II,APSC-DV-002460 CAT II,APSC-DV-002470 CAT II","APSC-DV-000160 CAT II,APSC-DV-000170 CAT II,APSC-DV-001940 CAT II,APSC-DV-001950 CAT II,APSC-DV-002440 CAT I,APSC-DV-002450 CAT II,APSC-DV-002460 CAT II,APSC-DV-002470 CAT II",Insufficient Transport Layer Protection (WASC-04)
2026_SSE_mavit,1.0,Insecure Transport: External Link,outputforflash.html,272,jobs/40df99ae-e5ad-41dc-a710-6bacd5341271/work/Src/Hospital-Management-System/vendor/ckeditor/samples/plugins/htmlwriter/outputforflash.html,Medium,Security Auditor View,Medium,false,,,,,false,false,UPDATED,Tue May 26 16:32:50 CEST 2026,,false,false,false,SCA,STATIC,Content,C72A3E77-8324-4FF9-B958-74FCDDF39D17,7F94A7054F9BC1B812DB829D0CC9B829,2.0,5.0,5.0,5.0,Security Features,Insecure Transport: External Link,CWE ID 297,[14] CWE ID 287,[14] CWE ID 287,"CCI-000068,CCI-001453,CCI-002418,CCI-002420,CCI-002421,CCI-002422,CCI-002890,CCI-003123","CM,SC",Insufficient Data Protection,,,SC-8 Transmission Confidentiality and Integrity (P1),SC-8 Transmission Confidentiality and Integrity,"2.6.3 Look-up Secret Verifier Requirements (L2 L3),2.7.1 Out of Band Verifier Requirements (L1 L2 L3),2.7.2 Out of Band Verifier Requirements (L1 L2 L3),2.7.3 Out of Band Verifier Requirements (L1 L2 L3),2.8.4 Single or Multi Factor One Time Verifier Requirements (L2 L3),2.8.5 Single or Multi Factor One Time Verifier Requirements (L2 L3),3.7.1 Defenses Against Session Management Exploits (L1 L2 L3),6.2.1 Algorithms (L1 L2 L3),9.2.1 Server Communications Security Requirements (L2 L3),9.2.3 Server Communications Security Requirements (L2 L3)","MASVS-NETWORK-1,MASVS-PLATFORM-2",M3 Insufficient Transport Layer Protection,A6 Sensitive Data Exposure,A3 Sensitive Data Exposure,A05 Security Misconfiguration,"Requirement 4.1,Requirement 6.5.4","Requirement 4.2.1,Requirement 6.2.4","Control Objective 3.3 - Sensitive Data Retention,Control Objective 6.2 - Sensitive Data Protection,Control Objective 7 - Use of Cryptography","Control Objective 3.3 - Sensitive Data Retention,Control Objective 6.2 - Sensitive Data Protection,Control Objective 7 - Use of Cryptography,Control Objective B.2.5 - Terminal Software Design","Control Objective 3.3 - Sensitive Data Retention,Control Objective 6.2 - Sensitive Data Protection,Control Objective 7 - Use of Cryptography,Control Objective B.2.5 - Terminal Software Design,Control Objective C.4.1 - Web Software Communications",,"APSC-DV-000160 CAT II,APSC-DV-000170 CAT II,APSC-DV-001940 CAT II,APSC-DV-001950 CAT II,APSC-DV-002440 CAT I,APSC-DV-002450 CAT II,APSC-DV-002460 CAT II,APSC-DV-002470 CAT II","APSC-DV-000160 CAT II,APSC-DV-000170 CAT II,APSC-DV-001940 CAT II,APSC-DV-001950 CAT II,APSC-DV-002440 CAT I,APSC-DV-002450 CAT II,APSC-DV-002460 CAT II,APSC-DV-002470 CAT II","APSC-DV-000160 CAT II,APSC-DV-000170 CAT II,APSC-DV-001940 CAT II,APSC-DV-001950 CAT II,APSC-DV-002440 CAT I,APSC-DV-002450 CAT II,APSC-DV-002460 CAT II,APSC-DV-002470 CAT II",Insufficient Transport Layer Protection (WASC-04)
2026_SSE_mavit,1.0,Insecure Transport: External Link,outputforflash.html,275,jobs/40df99ae-e5ad-41dc-a710-6bacd5341271/work/Src/Hospital-Management-System/vendor/ckeditor/samples/plugins/htmlwriter/outputforflash.html,Medium,Security Auditor View,Medium,false,,,,,false,false,UPDATED,Tue May 26 16:32:50 CEST 2026,,false,false,false,SCA,STATIC,Content,C72A3E77-8324-4FF9-B958-74FCDDF39D17,7F94A7054F9BC1B812DB829D0CC9B82A,2.0,5.0,5.0,5.0,Security Features,Insecure Transport: External Link,CWE ID 297,[14] CWE ID 287,[14] CWE ID 287,"CCI-000068,CCI-001453,CCI-002418,CCI-002420,CCI-002421,CCI-002422,CCI-002890,CCI-003123","CM,SC",Insufficient Data Protection,,,SC-8 Transmission Confidentiality and Integrity (P1),SC-8 Transmission Confidentiality and Integrity,"2.6.3 Look-up Secret Verifier Requirements (L2 L3),2.7.1 Out of Band Verifier Requirements (L1 L2 L3),2.7.2 Out of Band Verifier Requirements (L1 L2 L3),2.7.3 Out of Band Verifier Requirements (L1 L2 L3),2.8.4 Single or Multi Factor One Time Verifier Requirements (L2 L3),2.8.5 Single or Multi Factor One Time Verifier Requirements (L2 L3),3.7.1 Defenses Against Session Management Exploits (L1 L2 L3),6.2.1 Algorithms (L1 L2 L3),9.2.1 Server Communications Security Requirements (L2 L3),9.2.3 Server Communications Security Requirements (L2 L3)","MASVS-NETWORK-1,MASVS-PLATFORM-2",M3 Insufficient Transport Layer Protection,A6 Sensitive Data Exposure,A3 Sensitive Data Exposure,A05 Security Misconfiguration,"Requirement 4.1,Requirement 6.5.4","Requirement 4.2.1,Requirement 6.2.4","Control Objective 3.3 - Sensitive Data Retention,Control Objective 6.2 - Sensitive Data Protection,Control Objective 7 - Use of Cryptography","Control Objective 3.3 - Sensitive Data Retention,Control Objective 6.2 - Sensitive Data Protection,Control Objective 7 - Use of Cryptography,Control Objective B.2.5 - Terminal Software Design","Control Objective 3.3 - Sensitive Data Retention,Control Objective 6.2 - Sensitive Data Protection,Control Objective 7 - Use of Cryptography,Control Objective B.2.5 - Terminal Software Design,Control Objective C.4.1 - Web Software Communications",,"APSC-DV-000160 CAT II,APSC-DV-000170 CAT II,APSC-DV-001940 CAT II,APSC-DV-001950 CAT II,APSC-DV-002440 CAT I,APSC-DV-002450 CAT II,APSC-DV-002460 CAT II,APSC-DV-002470 CAT II","APSC-DV-000160 CAT II,APSC-DV-000170 CAT II,APSC-DV-001940 CAT II,APSC-DV-001950 CAT II,APSC-DV-002440 CAT I,APSC-DV-002450 CAT II,APSC-DV-002460 CAT II,APSC-DV-002470 CAT II","APSC-DV-000160 CAT II,APSC-DV-000170 CAT II,APSC-DV-001940 CAT II,APSC-DV-001950 CAT II,APSC-DV-002440 CAT I,APSC-DV-002450 CAT II,APSC-DV-002460 CAT II,APSC-DV-002470 CAT II",Insufficient Transport Layer Protection (WASC-04)
2026_SSE_mavit,1.0,Insecure Transport: External Link,outputhtml.html,25,jobs/40df99ae-e5ad-41dc-a710-6bacd5341271/work/Src/Hospital-Management-System/vendor/ckeditor/samples/plugins/htmlwriter/outputhtml.html,Medium,Security Auditor View,Medium,false,,,,,false,false,UPDATED,Tue May 26 16:32:50 CEST 2026,,false,false,false,SCA,STATIC,Content,C72A3E77-8324-4FF9-B958-74FCDDF39D17,5315183757490862E2C0F7FED825C0AB,2.0,5.0,5.0,5.0,Security Features,Insecure Transport: External Link,CWE ID 297,[14] CWE ID 287,[14] CWE ID 287,"CCI-000068,CCI-001453,CCI-002418,CCI-002420,CCI-002421,CCI-002422,CCI-002890,CCI-003123","CM,SC",Insufficient Data Protection,,,SC-8 Transmission Confidentiality and Integrity (P1),SC-8 Transmission Confidentiality and Integrity,"2.6.3 Look-up Secret Verifier Requirements (L2 L3),2.7.1 Out of Band Verifier Requirements (L1 L2 L3),2.7.2 Out of Band Verifier Requirements (L1 L2 L3),2.7.3 Out of Band Verifier Requirements (L1 L2 L3),2.8.4 Single or Multi Factor One Time Verifier Requirements (L2 L3),2.8.5 Single or Multi Factor One Time Verifier Requirements (L2 L3),3.7.1 Defenses Against Session Management Exploits (L1 L2 L3),6.2.1 Algorithms (L1 L2 L3),9.2.1 Server Communications Security Requirements (L2 L3),9.2.3 Server Communications Security Requirements (L2 L3)","MASVS-NETWORK-1,MASVS-PLATFORM-2",M3 Insufficient Transport Layer Protection,A6 Sensitive Data Exposure,A3 Sensitive Data Exposure,A05 Security Misconfiguration,"Requirement 4.1,Requirement 6.5.4","Requirement 4.2.1,Requirement 6.2.4","Control Objective 3.3 - Sensitive Data Retention,Control Objective 6.2 - Sensitive Data Protection,Control Objective 7 - Use of Cryptography","Control Objective 3.3 - Sensitive Data Retention,Control Objective 6.2 - Sensitive Data Protection,Control Objective 7 - Use of Cryptography,Control Objective B.2.5 - Terminal Software Design","Control Objective 3.3 - Sensitive Data Retention,Control Objective 6.2 - Sensitive Data Protection,Control Objective 7 - Use of Cryptography,Control Objective B.2.5 - Terminal Software Design,Control Objective C.4.1 - Web Software Communications",,"APSC-DV-000160 CAT II,APSC-DV-000170 CAT II,APSC-DV-001940 CAT II,APSC-DV-001950 CAT II,APSC-DV-002440 CAT I,APSC-DV-002450 CAT II,APSC-DV-002460 CAT II,APSC-DV-002470 CAT II","APSC-DV-000160 CAT II,APSC-DV-000170 CAT II,APSC-DV-001940 CAT II,APSC-DV-001950 CAT II,APSC-DV-002440 CAT I,APSC-DV-002450 CAT II,APSC-DV-002460 CAT II,APSC-DV-002470 CAT II","APSC-DV-000160 CAT II,APSC-DV-000170 CAT II,APSC-DV-001940 CAT II,APSC-DV-001950 CAT II,APSC-DV-002440 CAT I,APSC-DV-002450 CAT II,APSC-DV-002460 CAT II,APSC-DV-002470 CAT II",Insufficient Transport Layer Protection (WASC-04)
2026_SSE_mavit,1.0,Cross-Site Request Forgery,outputhtml.html,51,jobs/40df99ae-e5ad-41dc-a710-6bacd5341271/work/Src/Hospital-Management-System/vendor/ckeditor/samples/plugins/htmlwriter/outputhtml.html,Low,Security Auditor View,Low,false,,,,,false,false,UPDATED,Tue May 26 16:32:50 CEST 2026,,false,false,false,SCA,STATIC,Content,78E0700E-56FE-45A2-A11B-6A560F730576,0BC2AA7886CCDF45BA4C9A043D25FE43,2.0,0.4,2.0,5.0,Encapsulation,Cross-Site Request Forgery,CWE ID 352,[9] CWE ID 352,[9] CWE ID 352,"CCI-001310,CCI-001941,CCI-001942",,Access Violation,,,SC-23 Session Authenticity (P1),SC-23 Session Authenticity,"3.5.3 Token-based Session Management (L2 L3),4.2.2 Operation Level Access Control (L1 L2 L3),13.2.3 RESTful Web Service Verification Requirements (L1 L2 L3)",,M5 Poor Authorization and Authentication,A8 Cross-Site Request Forgery (CSRF),,A01 Broken Access Control,Requirement 6.5.9,Requirement 6.2.4,Control Objective 5.4 - Authentication and Access Control,Control Objective 5.4 - Authentication and Access Control,"Control Objective 5.4 - Authentication and Access Control,Control Objective C.2.3 - Web Software Access Controls",Insecure Interaction - CWE ID 352,"APSC-DV-001620 CAT II,APSC-DV-001630 CAT II,APSC-DV-002500 CAT II","APSC-DV-001620 CAT II,APSC-DV-001630 CAT II,APSC-DV-002500 CAT II","APSC-DV-001620 CAT II,APSC-DV-001630 CAT II,APSC-DV-002500 CAT II",Cross-Site Request Forgery (WASC-09)
2026_SSE_mavit,1.0,Insecure Transport: External Link,outputhtml.html,213,jobs/40df99ae-e5ad-41dc-a710-6bacd5341271/work/Src/Hospital-Management-System/vendor/ckeditor/samples/plugins/htmlwriter/outputhtml.html,Medium,Security Auditor View,Medium,false,,,,,false,false,UPDATED,Tue May 26 16:32:50 CEST 2026,,false,false,false,SCA,STATIC,Content,C72A3E77-8324-4FF9-B958-74FCDDF39D17,5315183757490862E2C0F7FED825C0AC,2.0,5.0,5.0,5.0,Security Features,Insecure Transport: External Link,CWE ID 297,[14] CWE ID 287,[14] CWE ID 287,"CCI-000068,CCI-001453,CCI-002418,CCI-002420,CCI-002421,CCI-002422,CCI-002890,CCI-003123","CM,SC",Insufficient Data Protection,,,SC-8 Transmission Confidentiality and Integrity (P1),SC-8 Transmission Confidentiality and Integrity,"2.6.3 Look-up Secret Verifier Requirements (L2 L3),2.7.1 Out of Band Verifier Requirements (L1 L2 L3),2.7.2 Out of Band Verifier Requirements (L1 L2 L3),2.7.3 Out of Band Verifier Requirements (L1 L2 L3),2.8.4 Single or Multi Factor One Time Verifier Requirements (L2 L3),2.8.5 Single or Multi Factor One Time Verifier Requirements (L2 L3),3.7.1 Defenses Against Session Management Exploits (L1 L2 L3),6.2.1 Algorithms (L1 L2 L3),9.2.1 Server Communications Security Requirements (L2 L3),9.2.3 Server Communications Security Requirements (L2 L3)","MASVS-NETWORK-1,MASVS-PLATFORM-2",M3 Insufficient Transport Layer Protection,A6 Sensitive Data Exposure,A3 Sensitive Data Exposure,A05 Security Misconfiguration,"Requirement 4.1,Requirement 6.5.4","Requirement 4.2.1,Requirement 6.2.4","Control Objective 3.3 - Sensitive Data Retention,Control Objective 6.2 - Sensitive Data Protection,Control Objective 7 - Use of Cryptography","Control Objective 3.3 - Sensitive Data Retention,Control Objective 6.2 - Sensitive Data Protection,Control Objective 7 - Use of Cryptography,Control Objective B.2.5 - Terminal Software Design","Control Objective 3.3 - Sensitive Data Retention,Control Objective 6.2 - Sensitive Data Protection,Control Objective 7 - Use of Cryptography,Control Objective B.2.5 - Terminal Software Design,Control Objective C.4.1 - Web Software Communications",,"APSC-DV-000160 CAT II,APSC-DV-000170 CAT II,APSC-DV-001940 CAT II,APSC-DV-001950 CAT II,APSC-DV-002440 CAT I,APSC-DV-002450 CAT II,APSC-DV-002460 CAT II,APSC-DV-002470 CAT II","APSC-DV-000160 CAT II,APSC-DV-000170 CAT II,APSC-DV-001940 CAT II,APSC-DV-001950 CAT II,APSC-DV-002440 CAT I,APSC-DV-002450 CAT II,APSC-DV-002460 CAT II,APSC-DV-002470 CAT II","APSC-DV-000160 CAT II,APSC-DV-000170 CAT II,APSC-DV-001940 CAT II,APSC-DV-001950 CAT II,APSC-DV-002440 CAT I,APSC-DV-002450 CAT II,APSC-DV-002460 CAT II,APSC-DV-002470 CAT II",Insufficient Transport Layer Protection (WASC-04)
2026_SSE_mavit,1.0,Insecure Transport: External Link,outputhtml.html,216,jobs/40df99ae-e5ad-41dc-a710-6bacd5341271/work/Src/Hospital-Management-System/vendor/ckeditor/samples/plugins/htmlwriter/outputhtml.html,Medium,Security Auditor View,Medium,false,,,,,false,false,UPDATED,Tue May 26 16:32:50 CEST 2026,,false,false,false,SCA,STATIC,Content,C72A3E77-8324-4FF9-B958-74FCDDF39D17,5315183757490862E2C0F7FED825C0AD,2.0,5.0,5.0,5.0,Security Features,Insecure Transport: External Link,CWE ID 297,[14] CWE ID 287,[14] CWE ID 287,"CCI-000068,CCI-001453,CCI-002418,CCI-002420,CCI-002421,CCI-002422,CCI-002890,CCI-003123","CM,SC",Insufficient Data Protection,,,SC-8 Transmission Confidentiality and Integrity (P1),SC-8 Transmission Confidentiality and Integrity,"2.6.3 Look-up Secret Verifier Requirements (L2 L3),2.7.1 Out of Band Verifier Requirements (L1 L2 L3),2.7.2 Out of Band Verifier Requirements (L1 L2 L3),2.7.3 Out of Band Verifier Requirements (L1 L2 L3),2.8.4 Single or Multi Factor One Time Verifier Requirements (L2 L3),2.8.5 Single or Multi Factor One Time Verifier Requirements (L2 L3),3.7.1 Defenses Against Session Management Exploits (L1 L2 L3),6.2.1 Algorithms (L1 L2 L3),9.2.1 Server Communications Security Requirements (L2 L3),9.2.3 Server Communications Security Requirements (L2 L3)","MASVS-NETWORK-1,MASVS-PLATFORM-2",M3 Insufficient Transport Layer Protection,A6 Sensitive Data Exposure,A3 Sensitive Data Exposure,A05 Security Misconfiguration,"Requirement 4.1,Requirement 6.5.4","Requirement 4.2.1,Requirement 6.2.4","Control Objective 3.3 - Sensitive Data Retention,Control Objective 6.2 - Sensitive Data Protection,Control Objective 7 - Use of Cryptography","Control Objective 3.3 - Sensitive Data Retention,Control Objective 6.2 - Sensitive Data Protection,Control Objective 7 - Use of Cryptography,Control Objective B.2.5 - Terminal Software Design","Control Objective 3.3 - Sensitive Data Retention,Control Objective 6.2 - Sensitive Data Protection,Control Objective 7 - Use of Cryptography,Control Objective B.2.5 - Terminal Software Design,Control Objective C.4.1 - Web Software Communications",,"APSC-DV-000160 CAT II,APSC-DV-000170 CAT II,APSC-DV-001940 CAT II,APSC-DV-001950 CAT II,APSC-DV-002440 CAT I,APSC-DV-002450 CAT II,APSC-DV-002460 CAT II,APSC-DV-002470 CAT II","APSC-DV-000160 CAT II,APSC-DV-000170 CAT II,APSC-DV-001940 CAT II,APSC-DV-001950 CAT II,APSC-DV-002440 CAT I,APSC-DV-002450 CAT II,APSC-DV-002460 CAT II,APSC-DV-002470 CAT II","APSC-DV-000160 CAT II,APSC-DV-000170 CAT II,APSC-DV-001940 CAT II,APSC-DV-001950 CAT II,APSC-DV-002440 CAT I,APSC-DV-002450 CAT II,APSC-DV-002460 CAT II,APSC-DV-002470 CAT II",Insufficient Transport Layer Protection (WASC-04)
2026_SSE_mavit,1.0,SQL Injection,patientsearch.php,15,jobs/40df99ae-e5ad-41dc-a710-6bacd5341271/work/Src/Hospital-Management-System/patientsearch.php,Critical,Security Auditor View,Critical,false,,,,,false,false,UPDATED,Tue May 26 16:32:50 CEST 2026,,false,false,false,SCA,STATIC,Data Flow,FF858C20-4BCD-4EBA-8DBA-F1502AB06D2E,822E348FE2CB03B26DC2698F5E723D4E,5.0,5.0,4.0,5.0,Input Validation and Representation,SQL Injection,CWE ID 89,[6] CWE ID 089,[3] CWE ID 089,"CCI-001310,CCI-002754",SI,Indirect Access to Sensitive Data,Rule 1.3,Rule 0-3-1,SI-10 Information Input Validation (P1),SI-10 Information Input Validation,"5.3.4 Output Encoding and Injection Prevention Requirements (L1 L2 L3),5.3.5 Output Encoding and Injection Prevention Requirements (L1 L2 L3)",MASVS-CODE-4,M7 Client Side Injection,A1 Injection,A1 Injection,A03 Injection,Requirement 6.5.1,Requirement 6.2.4,Control Objective 4.2 - Critical Asset Protection,"Control Objective 4.2 - Critical Asset Protection,Control Objective B.3.1 - Terminal Software Attack Mitigation,Control Objective B.3.1.1 - Terminal Software Attack Mitigation","Control Objective 4.2 - Critical Asset Protection,Control Objective B.3.1 - Terminal Software Attack Mitigation,Control Objective B.3.1.1 - Terminal Software Attack Mitigation,Control Objective C.3.2 - Web Software Attack Mitigation",Insecure Interaction - CWE ID 089,"APSC-DV-002540 CAT I,APSC-DV-002560 CAT I","APSC-DV-002540 CAT I,APSC-DV-002560 CAT I","APSC-DV-002540 CAT I,APSC-DV-002560 CAT I",SQL Injection (WASC-19)
2026_SSE_mavit,1.0,Cross-Site Scripting: Persistent,patientsearch.php,48,jobs/40df99ae-e5ad-41dc-a710-6bacd5341271/work/Src/Hospital-Management-System/patientsearch.php,Critical,Security Auditor View,Critical,false,,,,,false,false,UPDATED,Tue May 26 16:32:50 CEST 2026,,false,false,false,SCA,STATIC,Data Flow,AF6C6C57-CA46-489C-B449-CFE4A5AB7202,29250A366EA1E9AA9617DD27494347C1,5.0,5.0,4.0,5.0,Input Validation and Representation,Cross-Site Scripting: Persistent,"CWE ID 79,CWE ID 80",[2] CWE ID 079,[2] CWE ID 079,"CCI-001310,CCI-002754",SI,Indirect Access to Sensitive Data,,,SI-10 Information Input Validation (P1),SI-10 Information Input Validation,"5.3.3 Output Encoding and Injection Prevention Requirements (L1 L2 L3),5.3.6 Output Encoding and Injection Prevention Requirements (L1 L2 L3)",,M7 Client Side Injection,A3 Cross-Site Scripting (XSS),A7 Cross-Site Scripting (XSS),A03 Injection,Requirement 6.5.7,Requirement 6.2.4,Control Objective 4.2 - Critical Asset Protection,"Control Objective 4.2 - Critical Asset Protection,Control Objective B.3.1 - Terminal Software Attack Mitigation,Control Objective B.3.1.1 - Terminal Software Attack Mitigation","Control Objective 4.2 - Critical Asset Protection,Control Objective B.3.1 - Terminal Software Attack Mitigation,Control Objective B.3.1.1 - Terminal Software Attack Mitigation,Control Objective C.3.2 - Web Software Attack Mitigation",Insecure Interaction - CWE ID 079,"APSC-DV-002490 CAT I,APSC-DV-002560 CAT I","APSC-DV-002490 CAT I,APSC-DV-002560 CAT I","APSC-DV-002490 CAT I,APSC-DV-002560 CAT I",Cross-Site Scripting (WASC-08)
2026_SSE_mavit,1.0,Privacy Violation,patientsearch.php,48,jobs/40df99ae-e5ad-41dc-a710-6bacd5341271/work/Src/Hospital-Management-System/patientsearch.php,Critical,Security Auditor View,Critical,false,,,,,false,false,UPDATED,Tue May 26 16:32:50 CEST 2026,,false,false,false,SCA,STATIC,Data Flow,64392070-1C79-4CC8-B8D9-F3EC8A83341C,2F0E2E766BBD025E131735023C3DA65C,4.0,2.8,3.0,5.0,Security Features,Privacy Violation,CWE ID 359,[20] CWE ID 200,,"CCI-000169,CCI-000196,CCI-000197,CCI-001199,CCI-001312,CCI-001314",,Privacy Violation,,,AC-4 Information Flow Enforcement (P1),AC-4 Information Flow Enforcement,"2.2.1 General Authenticator Requirements (L1 L2 L3),2.6.3 Look-up Secret Verifier Requirements (L2 L3),2.7.1 Out of Band Verifier Requirements (L1 L2 L3),2.7.2 Out of Band Verifier Requirements (L1 L2 L3),2.7.3 Out of Band Verifier Requirements (L1 L2 L3),2.8.4 Single or Multi Factor One Time Verifier Requirements (L2 L3),2.8.5 Single or Multi Factor One Time Verifier Requirements (L2 L3),2.10.2 Service Authentication Requirements (L2 L3),2.10.3 Service Authentication Requirements (L2 L3),3.7.1 Defenses Against Session Management Exploits (L1 L2 L3),6.2.1 Algorithms (L1 L2 L3),8.1.1 General Data Protection (L2 L3),8.1.2 General Data Protection (L2 L3),8.2.1 Client-side Data Protection (L1 L2 L3),8.2.2 Client-side Data Protection (L1 L2 L3),8.3.4 Sensitive Private Data (L1 L2 L3),8.3.6 Sensitive Private Data (L2 L3),9.2.3 Server Communications Security Requirements (L2 L3),10.2.1 Malicious Code Search (L2 L3),14.3.3 Unintended Security Disclosure Requirements (L1 L2 L3)","MASVS-STORAGE-1,MASVS-PLATFORM-2",M2 Insecure Data Storage,A6 Sensitive Data Exposure,A3 Sensitive Data Exposure,A02 Cryptographic Failures,"Requirement 3.2,Requirement 3.4,Requirement 4.2,Requirement 8.2.1","Requirement 3.3.1,Requirement 3.5.1,Requirement 4.2.2,Requirement 8.3.1","Control Objective 3.3 - Sensitive Data Retention,Control Objective 6.1 - Sensitive Data Protection,Control Objective 7 - Use of Cryptography,Control Objective A.2.3 - Cardholder Data Protection","Control Objective 3.3 - Sensitive Data Retention,Control Objective 6.1 - Sensitive Data Protection,Control Objective 7 - Use of Cryptography,Control Objective A.2.3 - Cardholder Data Protection,Control Objective B.2.5 - Terminal Software Design","Control Objective 3.3 - Sensitive Data Retention,Control Objective 6.1 - Sensitive Data Protection,Control Objective 7 - Use of Cryptography,Control Objective A.2.3 - Cardholder Data Protection,Control Objective B.2.5 - Terminal Software Design",Porous Defenses - CWE ID 311,"APSC-DV-000650 CAT II,APSC-DV-001740 CAT I,APSC-DV-001750 CAT I,APSC-DV-002330 CAT II,APSC-DV-002570 CAT II,APSC-DV-002580 CAT II","APSC-DV-000650 CAT II,APSC-DV-001740 CAT I,APSC-DV-001750 CAT I,APSC-DV-002330 CAT II,APSC-DV-002570 CAT II,APSC-DV-002580 CAT II","APSC-DV-000650 CAT II,APSC-DV-001740 CAT I,APSC-DV-001750 CAT I,APSC-DV-002330 CAT II,APSC-DV-002570 CAT II,APSC-DV-002580 CAT II",Information Leakage (WASC-13)
2026_SSE_mavit,1.0,Privacy Violation,patientsearch.php,48,jobs/40df99ae-e5ad-41dc-a710-6bacd5341271/work/Src/Hospital-Management-System/patientsearch.php,Critical,Security Auditor View,Critical,false,,,,,false,false,UPDATED,Tue May 26 16:32:50 CEST 2026,,false,false,false,SCA,STATIC,Data Flow,64392070-1C79-4CC8-B8D9-F3EC8A83341C,EE1A3B5643C3DD6E53E544AAEB3BC6F5,4.0,2.8,3.0,5.0,Security Features,Privacy Violation,CWE ID 359,[20] CWE ID 200,,"CCI-000169,CCI-000196,CCI-000197,CCI-001199,CCI-001312,CCI-001314",,Privacy Violation,,,AC-4 Information Flow Enforcement (P1),AC-4 Information Flow Enforcement,"2.2.1 General Authenticator Requirements (L1 L2 L3),2.6.3 Look-up Secret Verifier Requirements (L2 L3),2.7.1 Out of Band Verifier Requirements (L1 L2 L3),2.7.2 Out of Band Verifier Requirements (L1 L2 L3),2.7.3 Out of Band Verifier Requirements (L1 L2 L3),2.8.4 Single or Multi Factor One Time Verifier Requirements (L2 L3),2.8.5 Single or Multi Factor One Time Verifier Requirements (L2 L3),2.10.2 Service Authentication Requirements (L2 L3),2.10.3 Service Authentication Requirements (L2 L3),3.7.1 Defenses Against Session Management Exploits (L1 L2 L3),6.2.1 Algorithms (L1 L2 L3),8.1.1 General Data Protection (L2 L3),8.1.2 General Data Protection (L2 L3),8.2.1 Client-side Data Protection (L1 L2 L3),8.2.2 Client-side Data Protection (L1 L2 L3),8.3.4 Sensitive Private Data (L1 L2 L3),8.3.6 Sensitive Private Data (L2 L3),9.2.3 Server Communications Security Requirements (L2 L3),10.2.1 Malicious Code Search (L2 L3),14.3.3 Unintended Security Disclosure Requirements (L1 L2 L3)","MASVS-STORAGE-1,MASVS-PLATFORM-2",M2 Insecure Data Storage,A6 Sensitive Data Exposure,A3 Sensitive Data Exposure,A02 Cryptographic Failures,"Requirement 3.2,Requirement 3.4,Requirement 4.2,Requirement 8.2.1","Requirement 3.3.1,Requirement 3.5.1,Requirement 4.2.2,Requirement 8.3.1","Control Objective 3.3 - Sensitive Data Retention,Control Objective 6.1 - Sensitive Data Protection,Control Objective 7 - Use of Cryptography,Control Objective A.2.3 - Cardholder Data Protection","Control Objective 3.3 - Sensitive Data Retention,Control Objective 6.1 - Sensitive Data Protection,Control Objective 7 - Use of Cryptography,Control Objective A.2.3 - Cardholder Data Protection,Control Objective B.2.5 - Terminal Software Design","Control Objective 3.3 - Sensitive Data Retention,Control Objective 6.1 - Sensitive Data Protection,Control Objective 7 - Use of Cryptography,Control Objective A.2.3 - Cardholder Data Protection,Control Objective B.2.5 - Terminal Software Design",Porous Defenses - CWE ID 311,"APSC-DV-000650 CAT II,APSC-DV-001740 CAT I,APSC-DV-001750 CAT I,APSC-DV-002330 CAT II,APSC-DV-002570 CAT II,APSC-DV-002580 CAT II","APSC-DV-000650 CAT II,APSC-DV-001740 CAT I,APSC-DV-001750 CAT I,APSC-DV-002330 CAT II,APSC-DV-002570 CAT II,APSC-DV-002580 CAT II","APSC-DV-000650 CAT II,APSC-DV-001740 CAT I,APSC-DV-001750 CAT I,APSC-DV-002330 CAT II,APSC-DV-002570 CAT II,APSC-DV-002580 CAT II",Information Leakage (WASC-13)
2026_SSE_mavit,1.0,Hardcoded Domain in HTML,patientsearch.php,56,jobs/40df99ae-e5ad-41dc-a710-6bacd5341271/work/Src/Hospital-Management-System/patientsearch.php,Low,Security Auditor View,Low,false,,,,,false,false,UPDATED,Tue May 26 16:32:50 CEST 2026,,false,false,false,SCA,STATIC,Content,C01B6A50-1224-4062-AA16-C3683C44502E,6A80DD628AF107DCED74D4F4BB4D5160,1.0,0.6,2.0,5.0,Encapsulation,Hardcoded Domain in HTML,"CWE ID 494,CWE ID 829",,,CCI-001167,,Indirect Access to Sensitive Data,,,SC-18 Mobile Code (P2),SC-18 Mobile Code,"1.14.2 Configuration Architectural Requirements (L2 L3),5.3.9 Output Encoding and Injection Prevention Requirements (L1 L2 L3),10.3.2 Deployed Application Integrity Controls (L1 L2 L3),12.3.3 File Execution Requirements (L1 L2 L3),12.3.6 File Execution Requirements (L2 L3),14.2.3 Dependency (L1 L2 L3),14.2.4 Dependency (L2 L3)",MASVS-PLATFORM-2,M7 Client Side Injection,,,,,,,,,,APSC-DV-003300 CAT II,APSC-DV-003300 CAT II,APSC-DV-003300 CAT II,Insufficient Process Validation (WASC-40)
2026_SSE_mavit,1.0,Hardcoded Domain in HTML,patientsearch.php,57,jobs/40df99ae-e5ad-41dc-a710-6bacd5341271/work/Src/Hospital-Management-System/patientsearch.php,Low,Security Auditor View,Low,false,,,,,false,false,UPDATED,Tue May 26 16:32:50 CEST 2026,,false,false,false,SCA,STATIC,Content,C01B6A50-1224-4062-AA16-C3683C44502E,6A80DD628AF107DCED74D4F4BB4D5161,1.0,0.6,2.0,5.0,Encapsulation,Hardcoded Domain in HTML,"CWE ID 494,CWE ID 829",,,CCI-001167,,Indirect Access to Sensitive Data,,,SC-18 Mobile Code (P2),SC-18 Mobile Code,"1.14.2 Configuration Architectural Requirements (L2 L3),5.3.9 Output Encoding and Injection Prevention Requirements (L1 L2 L3),10.3.2 Deployed Application Integrity Controls (L1 L2 L3),12.3.3 File Execution Requirements (L1 L2 L3),12.3.6 File Execution Requirements (L2 L3),14.2.3 Dependency (L1 L2 L3),14.2.4 Dependency (L2 L3)",MASVS-PLATFORM-2,M7 Client Side Injection,,,,,,,,,,APSC-DV-003300 CAT II,APSC-DV-003300 CAT II,APSC-DV-003300 CAT II,Insufficient Process Validation (WASC-40)
2026_SSE_mavit,1.0,Hardcoded Domain in HTML,patientsearch.php,58,jobs/40df99ae-e5ad-41dc-a710-6bacd5341271/work/Src/Hospital-Management-System/patientsearch.php,Low,Security Auditor View,Low,false,,,,,false,false,UPDATED,Tue May 26 16:32:50 CEST 2026,,false,false,false,SCA,STATIC,Content,C01B6A50-1224-4062-AA16-C3683C44502E,6A80DD628AF107DCED74D4F4BB4D5162,1.0,0.6,2.0,5.0,Encapsulation,Hardcoded Domain in HTML,"CWE ID 494,CWE ID 829",,,CCI-001167,,Indirect Access to Sensitive Data,,,SC-18 Mobile Code (P2),SC-18 Mobile Code,"1.14.2 Configuration Architectural Requirements (L2 L3),5.3.9 Output Encoding and Injection Prevention Requirements (L1 L2 L3),10.3.2 Deployed Application Integrity Controls (L1 L2 L3),12.3.3 File Execution Requirements (L1 L2 L3),12.3.6 File Execution Requirements (L2 L3),14.2.3 Dependency (L1 L2 L3),14.2.4 Dependency (L2 L3)",MASVS-PLATFORM-2,M7 Client Side Injection,,,,,,,,,,APSC-DV-003300 CAT II,APSC-DV-003300 CAT II,APSC-DV-003300 CAT II,Insufficient Process Validation (WASC-40)
2026_SSE_mavit,1.0,Cross-Site Scripting: Poor Validation,posteddata.php,42,jobs/40df99ae-e5ad-41dc-a710-6bacd5341271/work/Src/Hospital-Management-System/vendor/ckeditor/samples/assets/posteddata.php,Medium,Security Auditor View,Medium,false,,,,,false,false,UPDATED,Tue May 26 16:32:50 CEST 2026,,false,false,false,SCA,STATIC,Data Flow,C5624965-3160-4822-AC22-405F9A741ED8,C8E03453480857A67F0E24272A43B295,2.0,4.0,2.0,5.0,Input Validation and Representation,Cross-Site Scripting: Poor Validation,"CWE ID 82,CWE ID 83,CWE ID 87,CWE ID 692",[2] CWE ID 079,[2] CWE ID 079,"CCI-001310,CCI-002754",SI,Indirect Access to Sensitive Data,,,SI-10 Information Input Validation (P1),SI-10 Information Input Validation,"5.3.3 Output Encoding and Injection Prevention Requirements (L1 L2 L3),5.3.6 Output Encoding and Injection Prevention Requirements (L1 L2 L3)",,M7 Client Side Injection,A3 Cross-Site Scripting (XSS),A7 Cross-Site Scripting (XSS),A03 Injection,Requirement 6.5.7,Requirement 6.2.4,Control Objective 4.2 - Critical Asset Protection,"Control Objective 4.2 - Critical Asset Protection,Control Objective B.3.1 - Terminal Software Attack Mitigation,Control Objective B.3.1.1 - Terminal Software Attack Mitigation","Control Objective 4.2 - Critical Asset Protection,Control Objective B.3.1 - Terminal Software Attack Mitigation,Control Objective B.3.1.1 - Terminal Software Attack Mitigation,Control Objective C.3.2 - Web Software Attack Mitigation",,"APSC-DV-002490 CAT I,APSC-DV-002560 CAT I","APSC-DV-002490 CAT I,APSC-DV-002560 CAT I","APSC-DV-002490 CAT I,APSC-DV-002560 CAT I",Cross-Site Scripting (WASC-08)
2026_SSE_mavit,1.0,Insecure Transport: External Link,posteddata.php,52,jobs/40df99ae-e5ad-41dc-a710-6bacd5341271/work/Src/Hospital-Management-System/vendor/ckeditor/samples/assets/posteddata.php,Medium,Security Auditor View,Medium,false,,,,,false,false,UPDATED,Tue May 26 16:32:50 CEST 2026,,false,false,false,SCA,STATIC,Content,C72A3E77-8324-4FF9-B958-74FCDDF39D17,0086417ECC10A4B86AA64BB30611971D,2.0,5.0,5.0,5.0,Security Features,Insecure Transport: External Link,CWE ID 297,[14] CWE ID 287,[14] CWE ID 287,"CCI-000068,CCI-001453,CCI-002418,CCI-002420,CCI-002421,CCI-002422,CCI-002890,CCI-003123","CM,SC",Insufficient Data Protection,,,SC-8 Transmission Confidentiality and Integrity (P1),SC-8 Transmission Confidentiality and Integrity,"2.6.3 Look-up Secret Verifier Requirements (L2 L3),2.7.1 Out of Band Verifier Requirements (L1 L2 L3),2.7.2 Out of Band Verifier Requirements (L1 L2 L3),2.7.3 Out of Band Verifier Requirements (L1 L2 L3),2.8.4 Single or Multi Factor One Time Verifier Requirements (L2 L3),2.8.5 Single or Multi Factor One Time Verifier Requirements (L2 L3),3.7.1 Defenses Against Session Management Exploits (L1 L2 L3),6.2.1 Algorithms (L1 L2 L3),9.2.1 Server Communications Security Requirements (L2 L3),9.2.3 Server Communications Security Requirements (L2 L3)","MASVS-NETWORK-1,MASVS-PLATFORM-2",M3 Insufficient Transport Layer Protection,A6 Sensitive Data Exposure,A3 Sensitive Data Exposure,A05 Security Misconfiguration,"Requirement 4.1,Requirement 6.5.4","Requirement 4.2.1,Requirement 6.2.4","Control Objective 3.3 - Sensitive Data Retention,Control Objective 6.2 - Sensitive Data Protection,Control Objective 7 - Use of Cryptography","Control Objective 3.3 - Sensitive Data Retention,Control Objective 6.2 - Sensitive Data Protection,Control Objective 7 - Use of Cryptography,Control Objective B.2.5 - Terminal Software Design","Control Objective 3.3 - Sensitive Data Retention,Control Objective 6.2 - Sensitive Data Protection,Control Objective 7 - Use of Cryptography,Control Objective B.2.5 - Terminal Software Design,Control Objective C.4.1 - Web Software Communications",,"APSC-DV-000160 CAT II,APSC-DV-000170 CAT II,APSC-DV-001940 CAT II,APSC-DV-001950 CAT II,APSC-DV-002440 CAT I,APSC-DV-002450 CAT II,APSC-DV-002460 CAT II,APSC-DV-002470 CAT II","APSC-DV-000160 CAT II,APSC-DV-000170 CAT II,APSC-DV-001940 CAT II,APSC-DV-001950 CAT II,APSC-DV-002440 CAT I,APSC-DV-002450 CAT II,APSC-DV-002460 CAT II,APSC-DV-002470 CAT II","APSC-DV-000160 CAT II,APSC-DV-000170 CAT II,APSC-DV-001940 CAT II,APSC-DV-001950 CAT II,APSC-DV-002440 CAT I,APSC-DV-002450 CAT II,APSC-DV-002460 CAT II,APSC-DV-002470 CAT II",Insufficient Transport Layer Protection (WASC-04)
2026_SSE_mavit,1.0,Insecure Transport: External Link,posteddata.php,55,jobs/40df99ae-e5ad-41dc-a710-6bacd5341271/work/Src/Hospital-Management-System/vendor/ckeditor/samples/assets/posteddata.php,Medium,Security Auditor View,Medium,false,,,,,false,false,UPDATED,Tue May 26 16:32:50 CEST 2026,,false,false,false,SCA,STATIC,Content,C72A3E77-8324-4FF9-B958-74FCDDF39D17,0086417ECC10A4B86AA64BB30611971E,2.0,5.0,5.0,5.0,Security Features,Insecure Transport: External Link,CWE ID 297,[14] CWE ID 287,[14] CWE ID 287,"CCI-000068,CCI-001453,CCI-002418,CCI-002420,CCI-002421,CCI-002422,CCI-002890,CCI-003123","CM,SC",Insufficient Data Protection,,,SC-8 Transmission Confidentiality and Integrity (P1),SC-8 Transmission Confidentiality and Integrity,"2.6.3 Look-up Secret Verifier Requirements (L2 L3),2.7.1 Out of Band Verifier Requirements (L1 L2 L3),2.7.2 Out of Band Verifier Requirements (L1 L2 L3),2.7.3 Out of Band Verifier Requirements (L1 L2 L3),2.8.4 Single or Multi Factor One Time Verifier Requirements (L2 L3),2.8.5 Single or Multi Factor One Time Verifier Requirements (L2 L3),3.7.1 Defenses Against Session Management Exploits (L1 L2 L3),6.2.1 Algorithms (L1 L2 L3),9.2.1 Server Communications Security Requirements (L2 L3),9.2.3 Server Communications Security Requirements (L2 L3)","MASVS-NETWORK-1,MASVS-PLATFORM-2",M3 Insufficient Transport Layer Protection,A6 Sensitive Data Exposure,A3 Sensitive Data Exposure,A05 Security Misconfiguration,"Requirement 4.1,Requirement 6.5.4","Requirement 4.2.1,Requirement 6.2.4","Control Objective 3.3 - Sensitive Data Retention,Control Objective 6.2 - Sensitive Data Protection,Control Objective 7 - Use of Cryptography","Control Objective 3.3 - Sensitive Data Retention,Control Objective 6.2 - Sensitive Data Protection,Control Objective 7 - Use of Cryptography,Control Objective B.2.5 - Terminal Software Design","Control Objective 3.3 - Sensitive Data Retention,Control Objective 6.2 - Sensitive Data Protection,Control Objective 7 - Use of Cryptography,Control Objective B.2.5 - Terminal Software Design,Control Objective C.4.1 - Web Software Communications",,"APSC-DV-000160 CAT II,APSC-DV-000170 CAT II,APSC-DV-001940 CAT II,APSC-DV-001950 CAT II,APSC-DV-002440 CAT I,APSC-DV-002450 CAT II,APSC-DV-002460 CAT II,APSC-DV-002470 CAT II","APSC-DV-000160 CAT II,APSC-DV-000170 CAT II,APSC-DV-001940 CAT II,APSC-DV-001950 CAT II,APSC-DV-002440 CAT I,APSC-DV-002450 CAT II,APSC-DV-002460 CAT II,APSC-DV-002470 CAT II","APSC-DV-000160 CAT II,APSC-DV-000170 CAT II,APSC-DV-001940 CAT II,APSC-DV-001950 CAT II,APSC-DV-002440 CAT I,APSC-DV-002450 CAT II,APSC-DV-002460 CAT II,APSC-DV-002470 CAT II",Insufficient Transport Layer Protection (WASC-04)
2026_SSE_mavit,1.0,SQL Injection,prescribe.php,33,jobs/40df99ae-e5ad-41dc-a710-6bacd5341271/work/Src/Hospital-Management-System/prescribe.php,Critical,Security Auditor View,Critical,false,,,,,false,false,UPDATED,Tue May 26 16:32:50 CEST 2026,,false,false,false,SCA,STATIC,Data Flow,FF858C20-4BCD-4EBA-8DBA-F1502AB06D2E,4D124A600482B650D4AF653823289B5C,5.0,5.0,4.0,5.0,Input Validation and Representation,SQL Injection,CWE ID 89,[6] CWE ID 089,[3] CWE ID 089,"CCI-001310,CCI-002754",SI,Indirect Access to Sensitive Data,Rule 1.3,Rule 0-3-1,SI-10 Information Input Validation (P1),SI-10 Information Input Validation,"5.3.4 Output Encoding and Injection Prevention Requirements (L1 L2 L3),5.3.5 Output Encoding and Injection Prevention Requirements (L1 L2 L3)",MASVS-CODE-4,M7 Client Side Injection,A1 Injection,A1 Injection,A03 Injection,Requirement 6.5.1,Requirement 6.2.4,Control Objective 4.2 - Critical Asset Protection,"Control Objective 4.2 - Critical Asset Protection,Control Objective B.3.1 - Terminal Software Attack Mitigation,Control Objective B.3.1.1 - Terminal Software Attack Mitigation","Control Objective 4.2 - Critical Asset Protection,Control Objective B.3.1 - Terminal Software Attack Mitigation,Control Objective B.3.1.1 - Terminal Software Attack Mitigation,Control Objective C.3.2 - Web Software Attack Mitigation",Insecure Interaction - CWE ID 089,"APSC-DV-002540 CAT I,APSC-DV-002560 CAT I","APSC-DV-002540 CAT I,APSC-DV-002560 CAT I","APSC-DV-002540 CAT I,APSC-DV-002560 CAT I",SQL Injection (WASC-19)
2026_SSE_mavit,1.0,SQL Injection,prescribe.php,33,jobs/40df99ae-e5ad-41dc-a710-6bacd5341271/work/Src/Hospital-Management-System/prescribe.php,Critical,Security Auditor View,Critical,false,,,,,false,false,UPDATED,Tue May 26 16:32:50 CEST 2026,,false,false,false,SCA,STATIC,Data Flow,FF858C20-4BCD-4EBA-8DBA-F1502AB06D2E,5233499AAF75D3DE4D3B3DBCA87D752A,5.0,5.0,4.0,5.0,Input Validation and Representation,SQL Injection,CWE ID 89,[6] CWE ID 089,[3] CWE ID 089,"CCI-001310,CCI-002754",SI,Indirect Access to Sensitive Data,Rule 1.3,Rule 0-3-1,SI-10 Information Input Validation (P1),SI-10 Information Input Validation,"5.3.4 Output Encoding and Injection Prevention Requirements (L1 L2 L3),5.3.5 Output Encoding and Injection Prevention Requirements (L1 L2 L3)",MASVS-CODE-4,M7 Client Side Injection,A1 Injection,A1 Injection,A03 Injection,Requirement 6.5.1,Requirement 6.2.4,Control Objective 4.2 - Critical Asset Protection,"Control Objective 4.2 - Critical Asset Protection,Control Objective B.3.1 - Terminal Software Attack Mitigation,Control Objective B.3.1.1 - Terminal Software Attack Mitigation","Control Objective 4.2 - Critical Asset Protection,Control Objective B.3.1 - Terminal Software Attack Mitigation,Control Objective B.3.1.1 - Terminal Software Attack Mitigation,Control Objective C.3.2 - Web Software Attack Mitigation",Insecure Interaction - CWE ID 089,"APSC-DV-002540 CAT I,APSC-DV-002560 CAT I","APSC-DV-002540 CAT I,APSC-DV-002560 CAT I","APSC-DV-002540 CAT I,APSC-DV-002560 CAT I",SQL Injection (WASC-19)
2026_SSE_mavit,1.0,SQL Injection,prescribe.php,33,jobs/40df99ae-e5ad-41dc-a710-6bacd5341271/work/Src/Hospital-Management-System/prescribe.php,Critical,Security Auditor View,Critical,false,,,,,false,false,UPDATED,Tue May 26 16:32:50 CEST 2026,,false,false,false,SCA,STATIC,Data Flow,FF858C20-4BCD-4EBA-8DBA-F1502AB06D2E,7321D2DAE54387D8BA83D4E416B450AE,5.0,5.0,4.0,5.0,Input Validation and Representation,SQL Injection,CWE ID 89,[6] CWE ID 089,[3] CWE ID 089,"CCI-001310,CCI-002754",SI,Indirect Access to Sensitive Data,Rule 1.3,Rule 0-3-1,SI-10 Information Input Validation (P1),SI-10 Information Input Validation,"5.3.4 Output Encoding and Injection Prevention Requirements (L1 L2 L3),5.3.5 Output Encoding and Injection Prevention Requirements (L1 L2 L3)",MASVS-CODE-4,M7 Client Side Injection,A1 Injection,A1 Injection,A03 Injection,Requirement 6.5.1,Requirement 6.2.4,Control Objective 4.2 - Critical Asset Protection,"Control Objective 4.2 - Critical Asset Protection,Control Objective B.3.1 - Terminal Software Attack Mitigation,Control Objective B.3.1.1 - Terminal Software Attack Mitigation","Control Objective 4.2 - Critical Asset Protection,Control Objective B.3.1 - Terminal Software Attack Mitigation,Control Objective B.3.1.1 - Terminal Software Attack Mitigation,Control Objective C.3.2 - Web Software Attack Mitigation",Insecure Interaction - CWE ID 089,"APSC-DV-002540 CAT I,APSC-DV-002560 CAT I","APSC-DV-002540 CAT I,APSC-DV-002560 CAT I","APSC-DV-002540 CAT I,APSC-DV-002560 CAT I",SQL Injection (WASC-19)
2026_SSE_mavit,1.0,SQL Injection,prescribe.php,33,jobs/40df99ae-e5ad-41dc-a710-6bacd5341271/work/Src/Hospital-Management-System/prescribe.php,Critical,Security Auditor View,Critical,false,,,,,false,false,UPDATED,Tue May 26 16:32:50 CEST 2026,,false,false,false,SCA,STATIC,Data Flow,FF858C20-4BCD-4EBA-8DBA-F1502AB06D2E,73990FDC7955D35AF471CA65EFA8A3CA,5.0,5.0,4.0,5.0,Input Validation and Representation,SQL Injection,CWE ID 89,[6] CWE ID 089,[3] CWE ID 089,"CCI-001310,CCI-002754",SI,Indirect Access to Sensitive Data,Rule 1.3,Rule 0-3-1,SI-10 Information Input Validation (P1),SI-10 Information Input Validation,"5.3.4 Output Encoding and Injection Prevention Requirements (L1 L2 L3),5.3.5 Output Encoding and Injection Prevention Requirements (L1 L2 L3)",MASVS-CODE-4,M7 Client Side Injection,A1 Injection,A1 Injection,A03 Injection,Requirement 6.5.1,Requirement 6.2.4,Control Objective 4.2 - Critical Asset Protection,"Control Objective 4.2 - Critical Asset Protection,Control Objective B.3.1 - Terminal Software Attack Mitigation,Control Objective B.3.1.1 - Terminal Software Attack Mitigation","Control Objective 4.2 - Critical Asset Protection,Control Objective B.3.1 - Terminal Software Attack Mitigation,Control Objective B.3.1.1 - Terminal Software Attack Mitigation,Control Objective C.3.2 - Web Software Attack Mitigation",Insecure Interaction - CWE ID 089,"APSC-DV-002540 CAT I,APSC-DV-002560 CAT I","APSC-DV-002540 CAT I,APSC-DV-002560 CAT I","APSC-DV-002540 CAT I,APSC-DV-002560 CAT I",SQL Injection (WASC-19)
2026_SSE_mavit,1.0,SQL Injection,prescribe.php,33,jobs/40df99ae-e5ad-41dc-a710-6bacd5341271/work/Src/Hospital-Management-System/prescribe.php,Critical,Security Auditor View,Critical,false,,,,,false,false,UPDATED,Tue May 26 16:32:50 CEST 2026,,false,false,false,SCA,STATIC,Data Flow,FF858C20-4BCD-4EBA-8DBA-F1502AB06D2E,B382F320438BD32DE61E73CA6F0B6AA0,5.0,5.0,4.0,5.0,Input Validation and Representation,SQL Injection,CWE ID 89,[6] CWE ID 089,[3] CWE ID 089,"CCI-001310,CCI-002754",SI,Indirect Access to Sensitive Data,Rule 1.3,Rule 0-3-1,SI-10 Information Input Validation (P1),SI-10 Information Input Validation,"5.3.4 Output Encoding and Injection Prevention Requirements (L1 L2 L3),5.3.5 Output Encoding and Injection Prevention Requirements (L1 L2 L3)",MASVS-CODE-4,M7 Client Side Injection,A1 Injection,A1 Injection,A03 Injection,Requirement 6.5.1,Requirement 6.2.4,Control Objective 4.2 - Critical Asset Protection,"Control Objective 4.2 - Critical Asset Protection,Control Objective B.3.1 - Terminal Software Attack Mitigation,Control Objective B.3.1.1 - Terminal Software Attack Mitigation","Control Objective 4.2 - Critical Asset Protection,Control Objective B.3.1 - Terminal Software Attack Mitigation,Control Objective B.3.1.1 - Terminal Software Attack Mitigation,Control Objective C.3.2 - Web Software Attack Mitigation",Insecure Interaction - CWE ID 089,"APSC-DV-002540 CAT I,APSC-DV-002560 CAT I","APSC-DV-002540 CAT I,APSC-DV-002560 CAT I","APSC-DV-002540 CAT I,APSC-DV-002560 CAT I",SQL Injection (WASC-19)
2026_SSE_mavit,1.0,SQL Injection,prescribe.php,33,jobs/40df99ae-e5ad-41dc-a710-6bacd5341271/work/Src/Hospital-Management-System/prescribe.php,Critical,Security Auditor View,Critical,false,,,,,false,false,UPDATED,Tue May 26 16:32:50 CEST 2026,,false,false,false,SCA,STATIC,Data Flow,FF858C20-4BCD-4EBA-8DBA-F1502AB06D2E,BB9AEFAFAF7C884C5920CB16B78399B6,5.0,5.0,4.0,5.0,Input Validation and Representation,SQL Injection,CWE ID 89,[6] CWE ID 089,[3] CWE ID 089,"CCI-001310,CCI-002754",SI,Indirect Access to Sensitive Data,Rule 1.3,Rule 0-3-1,SI-10 Information Input Validation (P1),SI-10 Information Input Validation,"5.3.4 Output Encoding and Injection Prevention Requirements (L1 L2 L3),5.3.5 Output Encoding and Injection Prevention Requirements (L1 L2 L3)",MASVS-CODE-4,M7 Client Side Injection,A1 Injection,A1 Injection,A03 Injection,Requirement 6.5.1,Requirement 6.2.4,Control Objective 4.2 - Critical Asset Protection,"Control Objective 4.2 - Critical Asset Protection,Control Objective B.3.1 - Terminal Software Attack Mitigation,Control Objective B.3.1.1 - Terminal Software Attack Mitigation","Control Objective 4.2 - Critical Asset Protection,Control Objective B.3.1 - Terminal Software Attack Mitigation,Control Objective B.3.1.1 - Terminal Software Attack Mitigation,Control Objective C.3.2 - Web Software Attack Mitigation",Insecure Interaction - CWE ID 089,"APSC-DV-002540 CAT I,APSC-DV-002560 CAT I","APSC-DV-002540 CAT I,APSC-DV-002560 CAT I","APSC-DV-002540 CAT I,APSC-DV-002560 CAT I",SQL Injection (WASC-19)
2026_SSE_mavit,1.0,SQL Injection,prescribe.php,33,jobs/40df99ae-e5ad-41dc-a710-6bacd5341271/work/Src/Hospital-Management-System/prescribe.php,Critical,Security Auditor View,Critical,false,,,,,false,false,UPDATED,Tue May 26 16:32:50 CEST 2026,,false,false,false,SCA,STATIC,Data Flow,FF858C20-4BCD-4EBA-8DBA-F1502AB06D2E,CAD5CC11FAEA79C319C9CB1ED70FADD2,5.0,5.0,4.0,5.0,Input Validation and Representation,SQL Injection,CWE ID 89,[6] CWE ID 089,[3] CWE ID 089,"CCI-001310,CCI-002754",SI,Indirect Access to Sensitive Data,Rule 1.3,Rule 0-3-1,SI-10 Information Input Validation (P1),SI-10 Information Input Validation,"5.3.4 Output Encoding and Injection Prevention Requirements (L1 L2 L3),5.3.5 Output Encoding and Injection Prevention Requirements (L1 L2 L3)",MASVS-CODE-4,M7 Client Side Injection,A1 Injection,A1 Injection,A03 Injection,Requirement 6.5.1,Requirement 6.2.4,Control Objective 4.2 - Critical Asset Protection,"Control Objective 4.2 - Critical Asset Protection,Control Objective B.3.1 - Terminal Software Attack Mitigation,Control Objective B.3.1.1 - Terminal Software Attack Mitigation","Control Objective 4.2 - Critical Asset Protection,Control Objective B.3.1 - Terminal Software Attack Mitigation,Control Objective B.3.1.1 - Terminal Software Attack Mitigation,Control Objective C.3.2 - Web Software Attack Mitigation",Insecure Interaction - CWE ID 089,"APSC-DV-002540 CAT I,APSC-DV-002560 CAT I","APSC-DV-002540 CAT I,APSC-DV-002560 CAT I","APSC-DV-002540 CAT I,APSC-DV-002560 CAT I",SQL Injection (WASC-19)
2026_SSE_mavit,1.0,SQL Injection,prescribe.php,33,jobs/40df99ae-e5ad-41dc-a710-6bacd5341271/work/Src/Hospital-Management-System/prescribe.php,Critical,Security Auditor View,Critical,false,,,,,false,false,UPDATED,Tue May 26 16:32:50 CEST 2026,,false,false,false,SCA,STATIC,Data Flow,FF858C20-4BCD-4EBA-8DBA-F1502AB06D2E,DA179523881F7561D5463A76A62243FA,5.0,5.0,4.0,5.0,Input Validation and Representation,SQL Injection,CWE ID 89,[6] CWE ID 089,[3] CWE ID 089,"CCI-001310,CCI-002754",SI,Indirect Access to Sensitive Data,Rule 1.3,Rule 0-3-1,SI-10 Information Input Validation (P1),SI-10 Information Input Validation,"5.3.4 Output Encoding and Injection Prevention Requirements (L1 L2 L3),5.3.5 Output Encoding and Injection Prevention Requirements (L1 L2 L3)",MASVS-CODE-4,M7 Client Side Injection,A1 Injection,A1 Injection,A03 Injection,Requirement 6.5.1,Requirement 6.2.4,Control Objective 4.2 - Critical Asset Protection,"Control Objective 4.2 - Critical Asset Protection,Control Objective B.3.1 - Terminal Software Attack Mitigation,Control Objective B.3.1.1 - Terminal Software Attack Mitigation","Control Objective 4.2 - Critical Asset Protection,Control Objective B.3.1 - Terminal Software Attack Mitigation,Control Objective B.3.1.1 - Terminal Software Attack Mitigation,Control Objective C.3.2 - Web Software Attack Mitigation",Insecure Interaction - CWE ID 089,"APSC-DV-002540 CAT I,APSC-DV-002560 CAT I","APSC-DV-002540 CAT I,APSC-DV-002560 CAT I","APSC-DV-002540 CAT I,APSC-DV-002560 CAT I",SQL Injection (WASC-19)
2026_SSE_mavit,1.0,SQL Injection,prescribe.php,33,jobs/40df99ae-e5ad-41dc-a710-6bacd5341271/work/Src/Hospital-Management-System/prescribe.php,Critical,Security Auditor View,Critical,false,,,,,false,false,UPDATED,Tue May 26 16:32:50 CEST 2026,,false,false,false,SCA,STATIC,Data Flow,FF858C20-4BCD-4EBA-8DBA-F1502AB06D2E,DE5587791814755B1F6150E56F8B0068,5.0,5.0,4.0,5.0,Input Validation and Representation,SQL Injection,CWE ID 89,[6] CWE ID 089,[3] CWE ID 089,"CCI-001310,CCI-002754",SI,Indirect Access to Sensitive Data,Rule 1.3,Rule 0-3-1,SI-10 Information Input Validation (P1),SI-10 Information Input Validation,"5.3.4 Output Encoding and Injection Prevention Requirements (L1 L2 L3),5.3.5 Output Encoding and Injection Prevention Requirements (L1 L2 L3)",MASVS-CODE-4,M7 Client Side Injection,A1 Injection,A1 Injection,A03 Injection,Requirement 6.5.1,Requirement 6.2.4,Control Objective 4.2 - Critical Asset Protection,"Control Objective 4.2 - Critical Asset Protection,Control Objective B.3.1 - Terminal Software Attack Mitigation,Control Objective B.3.1.1 - Terminal Software Attack Mitigation","Control Objective 4.2 - Critical Asset Protection,Control Objective B.3.1 - Terminal Software Attack Mitigation,Control Objective B.3.1.1 - Terminal Software Attack Mitigation,Control Objective C.3.2 - Web Software Attack Mitigation",Insecure Interaction - CWE ID 089,"APSC-DV-002540 CAT I,APSC-DV-002560 CAT I","APSC-DV-002540 CAT I,APSC-DV-002560 CAT I","APSC-DV-002540 CAT I,APSC-DV-002560 CAT I",SQL Injection (WASC-19)
2026_SSE_mavit,1.0,SQL Injection,prescribe.php,33,jobs/40df99ae-e5ad-41dc-a710-6bacd5341271/work/Src/Hospital-Management-System/prescribe.php,Critical,Security Auditor View,Critical,false,,,,,false,false,UPDATED,Tue May 26 16:32:50 CEST 2026,,false,false,false,SCA,STATIC,Data Flow,FF858C20-4BCD-4EBA-8DBA-F1502AB06D2E,EBDA864F629C7284084D50BC48F5DD4C,5.0,5.0,4.0,5.0,Input Validation and Representation,SQL Injection,CWE ID 89,[6] CWE ID 089,[3] CWE ID 089,"CCI-001310,CCI-002754",SI,Indirect Access to Sensitive Data,Rule 1.3,Rule 0-3-1,SI-10 Information Input Validation (P1),SI-10 Information Input Validation,"5.3.4 Output Encoding and Injection Prevention Requirements (L1 L2 L3),5.3.5 Output Encoding and Injection Prevention Requirements (L1 L2 L3)",MASVS-CODE-4,M7 Client Side Injection,A1 Injection,A1 Injection,A03 Injection,Requirement 6.5.1,Requirement 6.2.4,Control Objective 4.2 - Critical Asset Protection,"Control Objective 4.2 - Critical Asset Protection,Control Objective B.3.1 - Terminal Software Attack Mitigation,Control Objective B.3.1.1 - Terminal Software Attack Mitigation","Control Objective 4.2 - Critical Asset Protection,Control Objective B.3.1 - Terminal Software Attack Mitigation,Control Objective B.3.1.1 - Terminal Software Attack Mitigation,Control Objective C.3.2 - Web Software Attack Mitigation",Insecure Interaction - CWE ID 089,"APSC-DV-002540 CAT I,APSC-DV-002560 CAT I","APSC-DV-002540 CAT I,APSC-DV-002560 CAT I","APSC-DV-002540 CAT I,APSC-DV-002560 CAT I",SQL Injection (WASC-19)
2026_SSE_mavit,1.0,Cross-Site Scripting: Persistent,prescribe.php,115,jobs/40df99ae-e5ad-41dc-a710-6bacd5341271/work/Src/Hospital-Management-System/prescribe.php,Critical,Security Auditor View,Critical,false,,,,,false,false,UPDATED,Tue May 26 16:32:50 CEST 2026,,false,false,false,SCA,STATIC,Data Flow,AF6C6C57-CA46-489C-B449-CFE4A5AB7202,F81A990F0F1B462ACD9E856A4DEB696C,5.0,5.0,4.0,5.0,Input Validation and Representation,Cross-Site Scripting: Persistent,"CWE ID 79,CWE ID 80",[2] CWE ID 079,[2] CWE ID 079,"CCI-001310,CCI-002754",SI,Indirect Access to Sensitive Data,,,SI-10 Information Input Validation (P1),SI-10 Information Input Validation,"5.3.3 Output Encoding and Injection Prevention Requirements (L1 L2 L3),5.3.6 Output Encoding and Injection Prevention Requirements (L1 L2 L3)",,M7 Client Side Injection,A3 Cross-Site Scripting (XSS),A7 Cross-Site Scripting (XSS),A03 Injection,Requirement 6.5.7,Requirement 6.2.4,Control Objective 4.2 - Critical Asset Protection,"Control Objective 4.2 - Critical Asset Protection,Control Objective B.3.1 - Terminal Software Attack Mitigation,Control Objective B.3.1.1 - Terminal Software Attack Mitigation","Control Objective 4.2 - Critical Asset Protection,Control Objective B.3.1 - Terminal Software Attack Mitigation,Control Objective B.3.1.1 - Terminal Software Attack Mitigation,Control Objective C.3.2 - Web Software Attack Mitigation",Insecure Interaction - CWE ID 079,"APSC-DV-002490 CAT I,APSC-DV-002560 CAT I","APSC-DV-002490 CAT I,APSC-DV-002560 CAT I","APSC-DV-002490 CAT I,APSC-DV-002560 CAT I",Cross-Site Scripting (WASC-08)
2026_SSE_mavit,1.0,Cross-Site Request Forgery,prescribe.php,119,jobs/40df99ae-e5ad-41dc-a710-6bacd5341271/work/Src/Hospital-Management-System/prescribe.php,Low,Security Auditor View,Low,false,,,,,false,false,UPDATED,Tue May 26 16:32:50 CEST 2026,,false,false,false,SCA,STATIC,Content,78E0700E-56FE-45A2-A11B-6A560F730576,34E7E85540105A4F6D17D5D8A2E7B1BF,2.0,0.4,2.0,5.0,Encapsulation,Cross-Site Request Forgery,CWE ID 352,[9] CWE ID 352,[9] CWE ID 352,"CCI-001310,CCI-001941,CCI-001942",,Access Violation,,,SC-23 Session Authenticity (P1),SC-23 Session Authenticity,"3.5.3 Token-based Session Management (L2 L3),4.2.2 Operation Level Access Control (L1 L2 L3),13.2.3 RESTful Web Service Verification Requirements (L1 L2 L3)",,M5 Poor Authorization and Authentication,A8 Cross-Site Request Forgery (CSRF),,A01 Broken Access Control,Requirement 6.5.9,Requirement 6.2.4,Control Objective 5.4 - Authentication and Access Control,Control Objective 5.4 - Authentication and Access Control,"Control Objective 5.4 - Authentication and Access Control,Control Objective C.2.3 - Web Software Access Controls",Insecure Interaction - CWE ID 352,"APSC-DV-001620 CAT II,APSC-DV-001630 CAT II,APSC-DV-002500 CAT II","APSC-DV-001620 CAT II,APSC-DV-001630 CAT II,APSC-DV-002500 CAT II","APSC-DV-001620 CAT II,APSC-DV-001630 CAT II,APSC-DV-002500 CAT II",Cross-Site Request Forgery (WASC-09)
2026_SSE_mavit,1.0,Cross-Site Scripting: Reflected,prescribe.php,138,jobs/40df99ae-e5ad-41dc-a710-6bacd5341271/work/Src/Hospital-Management-System/prescribe.php,Critical,Security Auditor View,Critical,false,,,,,false,false,UPDATED,Tue May 26 16:32:50 CEST 2026,,false,false,false,SCA,STATIC,Data Flow,F9CB8F3E-C813-44CF-AF70-9BFA6609105D,5B81895C0E467C7B25284E5CF8469464,5.0,5.0,4.0,5.0,Input Validation and Representation,Cross-Site Scripting: Reflected,"CWE ID 79,CWE ID 80",[2] CWE ID 079,[2] CWE ID 079,"CCI-001310,CCI-002754",SI,Indirect Access to Sensitive Data,,,SI-10 Information Input Validation (P1),SI-10 Information Input Validation,"5.3.3 Output Encoding and Injection Prevention Requirements (L1 L2 L3),5.3.6 Output Encoding and Injection Prevention Requirements (L1 L2 L3)",,M7 Client Side Injection,A3 Cross-Site Scripting (XSS),A7 Cross-Site Scripting (XSS),A03 Injection,Requirement 6.5.7,Requirement 6.2.4,Control Objective 4.2 - Critical Asset Protection,"Control Objective 4.2 - Critical Asset Protection,Control Objective B.3.1 - Terminal Software Attack Mitigation,Control Objective B.3.1.1 - Terminal Software Attack Mitigation","Control Objective 4.2 - Critical Asset Protection,Control Objective B.3.1 - Terminal Software Attack Mitigation,Control Objective B.3.1.1 - Terminal Software Attack Mitigation,Control Objective C.3.2 - Web Software Attack Mitigation",Insecure Interaction - CWE ID 079,"APSC-DV-002490 CAT I,APSC-DV-002560 CAT I","APSC-DV-002490 CAT I,APSC-DV-002560 CAT I","APSC-DV-002490 CAT I,APSC-DV-002560 CAT I",Cross-Site Scripting (WASC-08)
2026_SSE_mavit,1.0,Hidden Field,prescribe.php,138,jobs/40df99ae-e5ad-41dc-a710-6bacd5341271/work/Src/Hospital-Management-System/prescribe.php,Low,Security Auditor View,Low,false,,,,,false,false,UPDATED,Tue May 26 16:32:50 CEST 2026,,false,false,false,SCA,STATIC,Content,811489B8-AA5B-494C-9074-926A810A1421,7D5AA938EE0B116D913FE85B36F1539F,1.0,1.0,2.0,5.0,Encapsulation,Hidden Field,CWE ID 472,,,CCI-002420,,,,,,,,MASVS-STORAGE-2,M4 Unintended Data Leakage,,,A04 Insecure Design,,,,,,,APSC-DV-002485 CAT I,APSC-DV-002485 CAT I,APSC-DV-002485 CAT I,Information Leakage (WASC-13)
2026_SSE_mavit,1.0,Cross-Site Scripting: Reflected,prescribe.php,138,jobs/40df99ae-e5ad-41dc-a710-6bacd5341271/work/Src/Hospital-Management-System/prescribe.php,Critical,Security Auditor View,Critical,false,,,,,false,false,UPDATED,Tue May 26 16:32:50 CEST 2026,,false,false,false,SCA,STATIC,Data Flow,F9CB8F3E-C813-44CF-AF70-9BFA6609105D,869D2B73FBB6CBBBD9EEA1CCE6D45D1B,5.0,5.0,4.0,5.0,Input Validation and Representation,Cross-Site Scripting: Reflected,"CWE ID 79,CWE ID 80",[2] CWE ID 079,[2] CWE ID 079,"CCI-001310,CCI-002754",SI,Indirect Access to Sensitive Data,,,SI-10 Information Input Validation (P1),SI-10 Information Input Validation,"5.3.3 Output Encoding and Injection Prevention Requirements (L1 L2 L3),5.3.6 Output Encoding and Injection Prevention Requirements (L1 L2 L3)",,M7 Client Side Injection,A3 Cross-Site Scripting (XSS),A7 Cross-Site Scripting (XSS),A03 Injection,Requirement 6.5.7,Requirement 6.2.4,Control Objective 4.2 - Critical Asset Protection,"Control Objective 4.2 - Critical Asset Protection,Control Objective B.3.1 - Terminal Software Attack Mitigation,Control Objective B.3.1.1 - Terminal Software Attack Mitigation","Control Objective 4.2 - Critical Asset Protection,Control Objective B.3.1 - Terminal Software Attack Mitigation,Control Objective B.3.1.1 - Terminal Software Attack Mitigation,Control Objective C.3.2 - Web Software Attack Mitigation",Insecure Interaction - CWE ID 079,"APSC-DV-002490 CAT I,APSC-DV-002560 CAT I","APSC-DV-002490 CAT I,APSC-DV-002560 CAT I","APSC-DV-002490 CAT I,APSC-DV-002560 CAT I",Cross-Site Scripting (WASC-08)
2026_SSE_mavit,1.0,Cross-Site Scripting: Reflected,prescribe.php,139,jobs/40df99ae-e5ad-41dc-a710-6bacd5341271/work/Src/Hospital-Management-System/prescribe.php,Critical,Security Auditor View,Critical,false,,,,,false,false,UPDATED,Tue May 26 16:32:50 CEST 2026,,false,false,false,SCA,STATIC,Data Flow,F9CB8F3E-C813-44CF-AF70-9BFA6609105D,069765E3697CBD0E5E9A53D24D2ADCB6,5.0,5.0,4.0,5.0,Input Validation and Representation,Cross-Site Scripting: Reflected,"CWE ID 79,CWE ID 80",[2] CWE ID 079,[2] CWE ID 079,"CCI-001310,CCI-002754",SI,Indirect Access to Sensitive Data,,,SI-10 Information Input Validation (P1),SI-10 Information Input Validation,"5.3.3 Output Encoding and Injection Prevention Requirements (L1 L2 L3),5.3.6 Output Encoding and Injection Prevention Requirements (L1 L2 L3)",,M7 Client Side Injection,A3 Cross-Site Scripting (XSS),A7 Cross-Site Scripting (XSS),A03 Injection,Requirement 6.5.7,Requirement 6.2.4,Control Objective 4.2 - Critical Asset Protection,"Control Objective 4.2 - Critical Asset Protection,Control Objective B.3.1 - Terminal Software Attack Mitigation,Control Objective B.3.1.1 - Terminal Software Attack Mitigation","Control Objective 4.2 - Critical Asset Protection,Control Objective B.3.1 - Terminal Software Attack Mitigation,Control Objective B.3.1.1 - Terminal Software Attack Mitigation,Control Objective C.3.2 - Web Software Attack Mitigation",Insecure Interaction - CWE ID 079,"APSC-DV-002490 CAT I,APSC-DV-002560 CAT I","APSC-DV-002490 CAT I,APSC-DV-002560 CAT I","APSC-DV-002490 CAT I,APSC-DV-002560 CAT I",Cross-Site Scripting (WASC-08)
2026_SSE_mavit,1.0,Hidden Field,prescribe.php,139,jobs/40df99ae-e5ad-41dc-a710-6bacd5341271/work/Src/Hospital-Management-System/prescribe.php,Low,Security Auditor View,Low,false,,,,,false,false,UPDATED,Tue May 26 16:32:50 CEST 2026,,false,false,false,SCA,STATIC,Content,811489B8-AA5B-494C-9074-926A810A1421,7D5AA938EE0B116D913FE85B36F153A0,1.0,1.0,2.0,5.0,Encapsulation,Hidden Field,CWE ID 472,,,CCI-002420,,,,,,,,MASVS-STORAGE-2,M4 Unintended Data Leakage,,,A04 Insecure Design,,,,,,,APSC-DV-002485 CAT I,APSC-DV-002485 CAT I,APSC-DV-002485 CAT I,Information Leakage (WASC-13)
2026_SSE_mavit,1.0,Cross-Site Scripting: Reflected,prescribe.php,139,jobs/40df99ae-e5ad-41dc-a710-6bacd5341271/work/Src/Hospital-Management-System/prescribe.php,Critical,Security Auditor View,Critical,false,,,,,false,false,UPDATED,Tue May 26 16:32:50 CEST 2026,,false,false,false,SCA,STATIC,Data Flow,F9CB8F3E-C813-44CF-AF70-9BFA6609105D,9CA0056C9F830712CE233C8E80DCBB04,5.0,5.0,4.0,5.0,Input Validation and Representation,Cross-Site Scripting: Reflected,"CWE ID 79,CWE ID 80",[2] CWE ID 079,[2] CWE ID 079,"CCI-001310,CCI-002754",SI,Indirect Access to Sensitive Data,,,SI-10 Information Input Validation (P1),SI-10 Information Input Validation,"5.3.3 Output Encoding and Injection Prevention Requirements (L1 L2 L3),5.3.6 Output Encoding and Injection Prevention Requirements (L1 L2 L3)",,M7 Client Side Injection,A3 Cross-Site Scripting (XSS),A7 Cross-Site Scripting (XSS),A03 Injection,Requirement 6.5.7,Requirement 6.2.4,Control Objective 4.2 - Critical Asset Protection,"Control Objective 4.2 - Critical Asset Protection,Control Objective B.3.1 - Terminal Software Attack Mitigation,Control Objective B.3.1.1 - Terminal Software Attack Mitigation","Control Objective 4.2 - Critical Asset Protection,Control Objective B.3.1 - Terminal Software Attack Mitigation,Control Objective B.3.1.1 - Terminal Software Attack Mitigation,Control Objective C.3.2 - Web Software Attack Mitigation",Insecure Interaction - CWE ID 079,"APSC-DV-002490 CAT I,APSC-DV-002560 CAT I","APSC-DV-002490 CAT I,APSC-DV-002560 CAT I","APSC-DV-002490 CAT I,APSC-DV-002560 CAT I",Cross-Site Scripting (WASC-08)
2026_SSE_mavit,1.0,Cross-Site Scripting: Reflected,prescribe.php,140,jobs/40df99ae-e5ad-41dc-a710-6bacd5341271/work/Src/Hospital-Management-System/prescribe.php,Critical,Security Auditor View,Critical,false,,,,,false,false,UPDATED,Tue May 26 16:32:50 CEST 2026,,false,false,false,SCA,STATIC,Data Flow,F9CB8F3E-C813-44CF-AF70-9BFA6609105D,1E9ECA65E3EFFB4884A51BD1463CA649,5.0,5.0,4.0,5.0,Input Validation and Representation,Cross-Site Scripting: Reflected,"CWE ID 79,CWE ID 80",[2] CWE ID 079,[2] CWE ID 079,"CCI-001310,CCI-002754",SI,Indirect Access to Sensitive Data,,,SI-10 Information Input Validation (P1),SI-10 Information Input Validation,"5.3.3 Output Encoding and Injection Prevention Requirements (L1 L2 L3),5.3.6 Output Encoding and Injection Prevention Requirements (L1 L2 L3)",,M7 Client Side Injection,A3 Cross-Site Scripting (XSS),A7 Cross-Site Scripting (XSS),A03 Injection,Requirement 6.5.7,Requirement 6.2.4,Control Objective 4.2 - Critical Asset Protection,"Control Objective 4.2 - Critical Asset Protection,Control Objective B.3.1 - Terminal Software Attack Mitigation,Control Objective B.3.1.1 - Terminal Software Attack Mitigation","Control Objective 4.2 - Critical Asset Protection,Control Objective B.3.1 - Terminal Software Attack Mitigation,Control Objective B.3.1.1 - Terminal Software Attack Mitigation,Control Objective C.3.2 - Web Software Attack Mitigation",Insecure Interaction - CWE ID 079,"APSC-DV-002490 CAT I,APSC-DV-002560 CAT I","APSC-DV-002490 CAT I,APSC-DV-002560 CAT I","APSC-DV-002490 CAT I,APSC-DV-002560 CAT I",Cross-Site Scripting (WASC-08)
2026_SSE_mavit,1.0,Cross-Site Scripting: Reflected,prescribe.php,140,jobs/40df99ae-e5ad-41dc-a710-6bacd5341271/work/Src/Hospital-Management-System/prescribe.php,Critical,Security Auditor View,Critical,false,,,,,false,false,UPDATED,Tue May 26 16:32:50 CEST 2026,,false,false,false,SCA,STATIC,Data Flow,F9CB8F3E-C813-44CF-AF70-9BFA6609105D,2F7F505F5D563BADAE65FD6644B9520D,5.0,5.0,4.0,5.0,Input Validation and Representation,Cross-Site Scripting: Reflected,"CWE ID 79,CWE ID 80",[2] CWE ID 079,[2] CWE ID 079,"CCI-001310,CCI-002754",SI,Indirect Access to Sensitive Data,,,SI-10 Information Input Validation (P1),SI-10 Information Input Validation,"5.3.3 Output Encoding and Injection Prevention Requirements (L1 L2 L3),5.3.6 Output Encoding and Injection Prevention Requirements (L1 L2 L3)",,M7 Client Side Injection,A3 Cross-Site Scripting (XSS),A7 Cross-Site Scripting (XSS),A03 Injection,Requirement 6.5.7,Requirement 6.2.4,Control Objective 4.2 - Critical Asset Protection,"Control Objective 4.2 - Critical Asset Protection,Control Objective B.3.1 - Terminal Software Attack Mitigation,Control Objective B.3.1.1 - Terminal Software Attack Mitigation","Control Objective 4.2 - Critical Asset Protection,Control Objective B.3.1 - Terminal Software Attack Mitigation,Control Objective B.3.1.1 - Terminal Software Attack Mitigation,Control Objective C.3.2 - Web Software Attack Mitigation",Insecure Interaction - CWE ID 079,"APSC-DV-002490 CAT I,APSC-DV-002560 CAT I","APSC-DV-002490 CAT I,APSC-DV-002560 CAT I","APSC-DV-002490 CAT I,APSC-DV-002560 CAT I",Cross-Site Scripting (WASC-08)
2026_SSE_mavit,1.0,Hidden Field,prescribe.php,140,jobs/40df99ae-e5ad-41dc-a710-6bacd5341271/work/Src/Hospital-Management-System/prescribe.php,Low,Security Auditor View,Low,false,,,,,false,false,UPDATED,Tue May 26 16:32:50 CEST 2026,,false,false,false,SCA,STATIC,Content,811489B8-AA5B-494C-9074-926A810A1421,7D5AA938EE0B116D913FE85B36F153A1,1.0,1.0,2.0,5.0,Encapsulation,Hidden Field,CWE ID 472,,,CCI-002420,,,,,,,,MASVS-STORAGE-2,M4 Unintended Data Leakage,,,A04 Insecure Design,,,,,,,APSC-DV-002485 CAT I,APSC-DV-002485 CAT I,APSC-DV-002485 CAT I,Information Leakage (WASC-13)
2026_SSE_mavit,1.0,Cross-Site Scripting: Reflected,prescribe.php,141,jobs/40df99ae-e5ad-41dc-a710-6bacd5341271/work/Src/Hospital-Management-System/prescribe.php,Critical,Security Auditor View,Critical,false,,,,,false,false,UPDATED,Tue May 26 16:32:50 CEST 2026,,false,false,false,SCA,STATIC,Data Flow,F9CB8F3E-C813-44CF-AF70-9BFA6609105D,3572232D01E97A3B638641F30C7A9C91,5.0,5.0,4.0,5.0,Input Validation and Representation,Cross-Site Scripting: Reflected,"CWE ID 79,CWE ID 80",[2] CWE ID 079,[2] CWE ID 079,"CCI-001310,CCI-002754",SI,Indirect Access to Sensitive Data,,,SI-10 Information Input Validation (P1),SI-10 Information Input Validation,"5.3.3 Output Encoding and Injection Prevention Requirements (L1 L2 L3),5.3.6 Output Encoding and Injection Prevention Requirements (L1 L2 L3)",,M7 Client Side Injection,A3 Cross-Site Scripting (XSS),A7 Cross-Site Scripting (XSS),A03 Injection,Requirement 6.5.7,Requirement 6.2.4,Control Objective 4.2 - Critical Asset Protection,"Control Objective 4.2 - Critical Asset Protection,Control Objective B.3.1 - Terminal Software Attack Mitigation,Control Objective B.3.1.1 - Terminal Software Attack Mitigation","Control Objective 4.2 - Critical Asset Protection,Control Objective B.3.1 - Terminal Software Attack Mitigation,Control Objective B.3.1.1 - Terminal Software Attack Mitigation,Control Objective C.3.2 - Web Software Attack Mitigation",Insecure Interaction - CWE ID 079,"APSC-DV-002490 CAT I,APSC-DV-002560 CAT I","APSC-DV-002490 CAT I,APSC-DV-002560 CAT I","APSC-DV-002490 CAT I,APSC-DV-002560 CAT I",Cross-Site Scripting (WASC-08)
2026_SSE_mavit,1.0,Hidden Field,prescribe.php,141,jobs/40df99ae-e5ad-41dc-a710-6bacd5341271/work/Src/Hospital-Management-System/prescribe.php,Low,Security Auditor View,Low,false,,,,,false,false,UPDATED,Tue May 26 16:32:50 CEST 2026,,false,false,false,SCA,STATIC,Content,811489B8-AA5B-494C-9074-926A810A1421,7D5AA938EE0B116D913FE85B36F153A2,1.0,1.0,2.0,5.0,Encapsulation,Hidden Field,CWE ID 472,,,CCI-002420,,,,,,,,MASVS-STORAGE-2,M4 Unintended Data Leakage,,,A04 Insecure Design,,,,,,,APSC-DV-002485 CAT I,APSC-DV-002485 CAT I,APSC-DV-002485 CAT I,Information Leakage (WASC-13)
2026_SSE_mavit,1.0,Cross-Site Scripting: Reflected,prescribe.php,141,jobs/40df99ae-e5ad-41dc-a710-6bacd5341271/work/Src/Hospital-Management-System/prescribe.php,Critical,Security Auditor View,Critical,false,,,,,false,false,UPDATED,Tue May 26 16:32:50 CEST 2026,,false,false,false,SCA,STATIC,Data Flow,F9CB8F3E-C813-44CF-AF70-9BFA6609105D,D7166544994C647DF41A1462C56EF5A4,5.0,5.0,4.0,5.0,Input Validation and Representation,Cross-Site Scripting: Reflected,"CWE ID 79,CWE ID 80",[2] CWE ID 079,[2] CWE ID 079,"CCI-001310,CCI-002754",SI,Indirect Access to Sensitive Data,,,SI-10 Information Input Validation (P1),SI-10 Information Input Validation,"5.3.3 Output Encoding and Injection Prevention Requirements (L1 L2 L3),5.3.6 Output Encoding and Injection Prevention Requirements (L1 L2 L3)",,M7 Client Side Injection,A3 Cross-Site Scripting (XSS),A7 Cross-Site Scripting (XSS),A03 Injection,Requirement 6.5.7,Requirement 6.2.4,Control Objective 4.2 - Critical Asset Protection,"Control Objective 4.2 - Critical Asset Protection,Control Objective B.3.1 - Terminal Software Attack Mitigation,Control Objective B.3.1.1 - Terminal Software Attack Mitigation","Control Objective 4.2 - Critical Asset Protection,Control Objective B.3.1 - Terminal Software Attack Mitigation,Control Objective B.3.1.1 - Terminal Software Attack Mitigation,Control Objective C.3.2 - Web Software Attack Mitigation",Insecure Interaction - CWE ID 079,"APSC-DV-002490 CAT I,APSC-DV-002560 CAT I","APSC-DV-002490 CAT I,APSC-DV-002560 CAT I","APSC-DV-002490 CAT I,APSC-DV-002560 CAT I",Cross-Site Scripting (WASC-08)
2026_SSE_mavit,1.0,Cross-Site Scripting: Reflected,prescribe.php,142,jobs/40df99ae-e5ad-41dc-a710-6bacd5341271/work/Src/Hospital-Management-System/prescribe.php,Critical,Security Auditor View,Critical,false,,,,,false,false,UPDATED,Tue May 26 16:32:50 CEST 2026,,false,false,false,SCA,STATIC,Data Flow,F9CB8F3E-C813-44CF-AF70-9BFA6609105D,02A2D48E694E703AD06F85EE3B191441,5.0,5.0,4.0,5.0,Input Validation and Representation,Cross-Site Scripting: Reflected,"CWE ID 79,CWE ID 80",[2] CWE ID 079,[2] CWE ID 079,"CCI-001310,CCI-002754",SI,Indirect Access to Sensitive Data,,,SI-10 Information Input Validation (P1),SI-10 Information Input Validation,"5.3.3 Output Encoding and Injection Prevention Requirements (L1 L2 L3),5.3.6 Output Encoding and Injection Prevention Requirements (L1 L2 L3)",,M7 Client Side Injection,A3 Cross-Site Scripting (XSS),A7 Cross-Site Scripting (XSS),A03 Injection,Requirement 6.5.7,Requirement 6.2.4,Control Objective 4.2 - Critical Asset Protection,"Control Objective 4.2 - Critical Asset Protection,Control Objective B.3.1 - Terminal Software Attack Mitigation,Control Objective B.3.1.1 - Terminal Software Attack Mitigation","Control Objective 4.2 - Critical Asset Protection,Control Objective B.3.1 - Terminal Software Attack Mitigation,Control Objective B.3.1.1 - Terminal Software Attack Mitigation,Control Objective C.3.2 - Web Software Attack Mitigation",Insecure Interaction - CWE ID 079,"APSC-DV-002490 CAT I,APSC-DV-002560 CAT I","APSC-DV-002490 CAT I,APSC-DV-002560 CAT I","APSC-DV-002490 CAT I,APSC-DV-002560 CAT I",Cross-Site Scripting (WASC-08)
2026_SSE_mavit,1.0,Cross-Site Scripting: Reflected,prescribe.php,142,jobs/40df99ae-e5ad-41dc-a710-6bacd5341271/work/Src/Hospital-Management-System/prescribe.php,Critical,Security Auditor View,Critical,false,,,,,false,false,UPDATED,Tue May 26 16:32:50 CEST 2026,,false,false,false,SCA,STATIC,Data Flow,F9CB8F3E-C813-44CF-AF70-9BFA6609105D,1C2387D7017051803E628A22109C157B,5.0,5.0,4.0,5.0,Input Validation and Representation,Cross-Site Scripting: Reflected,"CWE ID 79,CWE ID 80",[2] CWE ID 079,[2] CWE ID 079,"CCI-001310,CCI-002754",SI,Indirect Access to Sensitive Data,,,SI-10 Information Input Validation (P1),SI-10 Information Input Validation,"5.3.3 Output Encoding and Injection Prevention Requirements (L1 L2 L3),5.3.6 Output Encoding and Injection Prevention Requirements (L1 L2 L3)",,M7 Client Side Injection,A3 Cross-Site Scripting (XSS),A7 Cross-Site Scripting (XSS),A03 Injection,Requirement 6.5.7,Requirement 6.2.4,Control Objective 4.2 - Critical Asset Protection,"Control Objective 4.2 - Critical Asset Protection,Control Objective B.3.1 - Terminal Software Attack Mitigation,Control Objective B.3.1.1 - Terminal Software Attack Mitigation","Control Objective 4.2 - Critical Asset Protection,Control Objective B.3.1 - Terminal Software Attack Mitigation,Control Objective B.3.1.1 - Terminal Software Attack Mitigation,Control Objective C.3.2 - Web Software Attack Mitigation",Insecure Interaction - CWE ID 079,"APSC-DV-002490 CAT I,APSC-DV-002560 CAT I","APSC-DV-002490 CAT I,APSC-DV-002560 CAT I","APSC-DV-002490 CAT I,APSC-DV-002560 CAT I",Cross-Site Scripting (WASC-08)
2026_SSE_mavit,1.0,Hidden Field,prescribe.php,142,jobs/40df99ae-e5ad-41dc-a710-6bacd5341271/work/Src/Hospital-Management-System/prescribe.php,Low,Security Auditor View,Low,false,,,,,false,false,UPDATED,Tue May 26 16:32:50 CEST 2026,,false,false,false,SCA,STATIC,Content,811489B8-AA5B-494C-9074-926A810A1421,7D5AA938EE0B116D913FE85B36F153A3,1.0,1.0,2.0,5.0,Encapsulation,Hidden Field,CWE ID 472,,,CCI-002420,,,,,,,,MASVS-STORAGE-2,M4 Unintended Data Leakage,,,A04 Insecure Design,,,,,,,APSC-DV-002485 CAT I,APSC-DV-002485 CAT I,APSC-DV-002485 CAT I,Information Leakage (WASC-13)
2026_SSE_mavit,1.0,Cross-Site Scripting: Reflected,prescribe.php,143,jobs/40df99ae-e5ad-41dc-a710-6bacd5341271/work/Src/Hospital-Management-System/prescribe.php,Critical,Security Auditor View,Critical,false,,,,,false,false,UPDATED,Tue May 26 16:32:50 CEST 2026,,false,false,false,SCA,STATIC,Data Flow,F9CB8F3E-C813-44CF-AF70-9BFA6609105D,02585313E58ECF533E84BF78B2C8D2A5,5.0,5.0,4.0,5.0,Input Validation and Representation,Cross-Site Scripting: Reflected,"CWE ID 79,CWE ID 80",[2] CWE ID 079,[2] CWE ID 079,"CCI-001310,CCI-002754",SI,Indirect Access to Sensitive Data,,,SI-10 Information Input Validation (P1),SI-10 Information Input Validation,"5.3.3 Output Encoding and Injection Prevention Requirements (L1 L2 L3),5.3.6 Output Encoding and Injection Prevention Requirements (L1 L2 L3)",,M7 Client Side Injection,A3 Cross-Site Scripting (XSS),A7 Cross-Site Scripting (XSS),A03 Injection,Requirement 6.5.7,Requirement 6.2.4,Control Objective 4.2 - Critical Asset Protection,"Control Objective 4.2 - Critical Asset Protection,Control Objective B.3.1 - Terminal Software Attack Mitigation,Control Objective B.3.1.1 - Terminal Software Attack Mitigation","Control Objective 4.2 - Critical Asset Protection,Control Objective B.3.1 - Terminal Software Attack Mitigation,Control Objective B.3.1.1 - Terminal Software Attack Mitigation,Control Objective C.3.2 - Web Software Attack Mitigation",Insecure Interaction - CWE ID 079,"APSC-DV-002490 CAT I,APSC-DV-002560 CAT I","APSC-DV-002490 CAT I,APSC-DV-002560 CAT I","APSC-DV-002490 CAT I,APSC-DV-002560 CAT I",Cross-Site Scripting (WASC-08)
2026_SSE_mavit,1.0,Cross-Site Scripting: Reflected,prescribe.php,143,jobs/40df99ae-e5ad-41dc-a710-6bacd5341271/work/Src/Hospital-Management-System/prescribe.php,Critical,Security Auditor View,Critical,false,,,,,false,false,UPDATED,Tue May 26 16:32:50 CEST 2026,,false,false,false,SCA,STATIC,Data Flow,F9CB8F3E-C813-44CF-AF70-9BFA6609105D,59C13A70AD6A3260BEFA281D41BCBA34,5.0,5.0,4.0,5.0,Input Validation and Representation,Cross-Site Scripting: Reflected,"CWE ID 79,CWE ID 80",[2] CWE ID 079,[2] CWE ID 079,"CCI-001310,CCI-002754",SI,Indirect Access to Sensitive Data,,,SI-10 Information Input Validation (P1),SI-10 Information Input Validation,"5.3.3 Output Encoding and Injection Prevention Requirements (L1 L2 L3),5.3.6 Output Encoding and Injection Prevention Requirements (L1 L2 L3)",,M7 Client Side Injection,A3 Cross-Site Scripting (XSS),A7 Cross-Site Scripting (XSS),A03 Injection,Requirement 6.5.7,Requirement 6.2.4,Control Objective 4.2 - Critical Asset Protection,"Control Objective 4.2 - Critical Asset Protection,Control Objective B.3.1 - Terminal Software Attack Mitigation,Control Objective B.3.1.1 - Terminal Software Attack Mitigation","Control Objective 4.2 - Critical Asset Protection,Control Objective B.3.1 - Terminal Software Attack Mitigation,Control Objective B.3.1.1 - Terminal Software Attack Mitigation,Control Objective C.3.2 - Web Software Attack Mitigation",Insecure Interaction - CWE ID 079,"APSC-DV-002490 CAT I,APSC-DV-002560 CAT I","APSC-DV-002490 CAT I,APSC-DV-002560 CAT I","APSC-DV-002490 CAT I,APSC-DV-002560 CAT I",Cross-Site Scripting (WASC-08)
2026_SSE_mavit,1.0,Hidden Field,prescribe.php,143,jobs/40df99ae-e5ad-41dc-a710-6bacd5341271/work/Src/Hospital-Management-System/prescribe.php,Low,Security Auditor View,Low,false,,,,,false,false,UPDATED,Tue May 26 16:32:50 CEST 2026,,false,false,false,SCA,STATIC,Content,811489B8-AA5B-494C-9074-926A810A1421,7D5AA938EE0B116D913FE85B36F153A4,1.0,1.0,2.0,5.0,Encapsulation,Hidden Field,CWE ID 472,,,CCI-002420,,,,,,,,MASVS-STORAGE-2,M4 Unintended Data Leakage,,,A04 Insecure Design,,,,,,,APSC-DV-002485 CAT I,APSC-DV-002485 CAT I,APSC-DV-002485 CAT I,Information Leakage (WASC-13)
2026_SSE_mavit,1.0,Insecure Randomness,qrcode.php,1228,jobs/40df99ae-e5ad-41dc-a710-6bacd5341271/work/Src/Hospital-Management-System/TCPDF/include/barcodes/qrcode.php,High,Security Auditor View,High,false,,,,,false,false,UPDATED,Tue May 26 16:32:50 CEST 2026,,false,false,false,SCA,STATIC,Semantic,C01340E7-9E93-4C5C-B866-789891647627,EA03CA7849A678F2910104A84AE118F2,4.0,0.4,2.0,5.0,Security Features,Insecure Randomness,CWE ID 338,,,CCI-002450,MP,Insufficient Data Protection,,,SC-13 Cryptographic Protection (P1),SC-13 Cryptographic Protection,"2.3.1 Authenticator Lifecycle Requirements (L1 L2 L3),2.6.2 Look-up Secret Verifier Requirements (L2 L3),3.2.2 Session Binding Requirements (L1 L2 L3),3.2.4 Session Binding Requirements (L2 L3),6.3.1 Random Values (L2 L3),6.3.2 Random Values (L2 L3),6.3.3 Random Values (L3)",MASVS-CRYPTO-1,M6 Broken Cryptography,,,A02 Cryptographic Failures,Requirement 6.5.3,Requirement 6.2.4,Control Objective 7.3 - Use of Cryptography,"Control Objective 7.3 - Use of Cryptography,Control Objective B.2.4 - Terminal Software Design","Control Objective 7.3 - Use of Cryptography,Control Objective B.2.4 - Terminal Software Design",,"APSC-DV-002010 CAT II,APSC-DV-002050 CAT II","APSC-DV-002010 CAT II,APSC-DV-002050 CAT II","APSC-DV-002010 CAT II,APSC-DV-002050 CAT II",
2026_SSE_mavit,1.0,Insecure Transport: External Link,readonly.html,46,jobs/40df99ae-e5ad-41dc-a710-6bacd5341271/work/Src/Hospital-Management-System/vendor/ckeditor/samples/readonly.html,Medium,Security Auditor View,Medium,false,,,,,false,false,UPDATED,Tue May 26 16:32:50 CEST 2026,,false,false,false,SCA,STATIC,Content,C72A3E77-8324-4FF9-B958-74FCDDF39D17,82D2BB4CDA369A1B434FD353124D3CC6,2.0,5.0,5.0,5.0,Security Features,Insecure Transport: External Link,CWE ID 297,[14] CWE ID 287,[14] CWE ID 287,"CCI-000068,CCI-001453,CCI-002418,CCI-002420,CCI-002421,CCI-002422,CCI-002890,CCI-003123","CM,SC",Insufficient Data Protection,,,SC-8 Transmission Confidentiality and Integrity (P1),SC-8 Transmission Confidentiality and Integrity,"2.6.3 Look-up Secret Verifier Requirements (L2 L3),2.7.1 Out of Band Verifier Requirements (L1 L2 L3),2.7.2 Out of Band Verifier Requirements (L1 L2 L3),2.7.3 Out of Band Verifier Requirements (L1 L2 L3),2.8.4 Single or Multi Factor One Time Verifier Requirements (L2 L3),2.8.5 Single or Multi Factor One Time Verifier Requirements (L2 L3),3.7.1 Defenses Against Session Management Exploits (L1 L2 L3),6.2.1 Algorithms (L1 L2 L3),9.2.1 Server Communications Security Requirements (L2 L3),9.2.3 Server Communications Security Requirements (L2 L3)","MASVS-NETWORK-1,MASVS-PLATFORM-2",M3 Insufficient Transport Layer Protection,A6 Sensitive Data Exposure,A3 Sensitive Data Exposure,A05 Security Misconfiguration,"Requirement 4.1,Requirement 6.5.4","Requirement 4.2.1,Requirement 6.2.4","Control Objective 3.3 - Sensitive Data Retention,Control Objective 6.2 - Sensitive Data Protection,Control Objective 7 - Use of Cryptography","Control Objective 3.3 - Sensitive Data Retention,Control Objective 6.2 - Sensitive Data Protection,Control Objective 7 - Use of Cryptography,Control Objective B.2.5 - Terminal Software Design","Control Objective 3.3 - Sensitive Data Retention,Control Objective 6.2 - Sensitive Data Protection,Control Objective 7 - Use of Cryptography,Control Objective B.2.5 - Terminal Software Design,Control Objective C.4.1 - Web Software Communications",,"APSC-DV-000160 CAT II,APSC-DV-000170 CAT II,APSC-DV-001940 CAT II,APSC-DV-001950 CAT II,APSC-DV-002440 CAT I,APSC-DV-002450 CAT II,APSC-DV-002460 CAT II,APSC-DV-002470 CAT II","APSC-DV-000160 CAT II,APSC-DV-000170 CAT II,APSC-DV-001940 CAT II,APSC-DV-001950 CAT II,APSC-DV-002440 CAT I,APSC-DV-002450 CAT II,APSC-DV-002460 CAT II,APSC-DV-002470 CAT II","APSC-DV-000160 CAT II,APSC-DV-000170 CAT II,APSC-DV-001940 CAT II,APSC-DV-001950 CAT II,APSC-DV-002440 CAT I,APSC-DV-002450 CAT II,APSC-DV-002460 CAT II,APSC-DV-002470 CAT II",Insufficient Transport Layer Protection (WASC-04)
2026_SSE_mavit,1.0,Cross-Site Request Forgery,readonly.html,53,jobs/40df99ae-e5ad-41dc-a710-6bacd5341271/work/Src/Hospital-Management-System/vendor/ckeditor/samples/readonly.html,Low,Security Auditor View,Low,false,,,,,false,false,UPDATED,Tue May 26 16:32:50 CEST 2026,,false,false,false,SCA,STATIC,Content,78E0700E-56FE-45A2-A11B-6A560F730576,CD3D6495584F0C4304234E3C1353A3C9,2.0,0.4,2.0,5.0,Encapsulation,Cross-Site Request Forgery,CWE ID 352,[9] CWE ID 352,[9] CWE ID 352,"CCI-001310,CCI-001941,CCI-001942",,Access Violation,,,SC-23 Session Authenticity (P1),SC-23 Session Authenticity,"3.5.3 Token-based Session Management (L2 L3),4.2.2 Operation Level Access Control (L1 L2 L3),13.2.3 RESTful Web Service Verification Requirements (L1 L2 L3)",,M5 Poor Authorization and Authentication,A8 Cross-Site Request Forgery (CSRF),,A01 Broken Access Control,Requirement 6.5.9,Requirement 6.2.4,Control Objective 5.4 - Authentication and Access Control,Control Objective 5.4 - Authentication and Access Control,"Control Objective 5.4 - Authentication and Access Control,Control Objective C.2.3 - Web Software Access Controls",Insecure Interaction - CWE ID 352,"APSC-DV-001620 CAT II,APSC-DV-001630 CAT II,APSC-DV-002500 CAT II","APSC-DV-001620 CAT II,APSC-DV-001630 CAT II,APSC-DV-002500 CAT II","APSC-DV-001620 CAT II,APSC-DV-001630 CAT II,APSC-DV-002500 CAT II",Cross-Site Request Forgery (WASC-09)
2026_SSE_mavit,1.0,Insecure Transport: External Link,readonly.html,65,jobs/40df99ae-e5ad-41dc-a710-6bacd5341271/work/Src/Hospital-Management-System/vendor/ckeditor/samples/readonly.html,Medium,Security Auditor View,Medium,false,,,,,false,false,UPDATED,Tue May 26 16:32:50 CEST 2026,,false,false,false,SCA,STATIC,Content,C72A3E77-8324-4FF9-B958-74FCDDF39D17,82D2BB4CDA369A1B434FD353124D3CC7,2.0,5.0,5.0,5.0,Security Features,Insecure Transport: External Link,CWE ID 297,[14] CWE ID 287,[14] CWE ID 287,"CCI-000068,CCI-001453,CCI-002418,CCI-002420,CCI-002421,CCI-002422,CCI-002890,CCI-003123","CM,SC",Insufficient Data Protection,,,SC-8 Transmission Confidentiality and Integrity (P1),SC-8 Transmission Confidentiality and Integrity,"2.6.3 Look-up Secret Verifier Requirements (L2 L3),2.7.1 Out of Band Verifier Requirements (L1 L2 L3),2.7.2 Out of Band Verifier Requirements (L1 L2 L3),2.7.3 Out of Band Verifier Requirements (L1 L2 L3),2.8.4 Single or Multi Factor One Time Verifier Requirements (L2 L3),2.8.5 Single or Multi Factor One Time Verifier Requirements (L2 L3),3.7.1 Defenses Against Session Management Exploits (L1 L2 L3),6.2.1 Algorithms (L1 L2 L3),9.2.1 Server Communications Security Requirements (L2 L3),9.2.3 Server Communications Security Requirements (L2 L3)","MASVS-NETWORK-1,MASVS-PLATFORM-2",M3 Insufficient Transport Layer Protection,A6 Sensitive Data Exposure,A3 Sensitive Data Exposure,A05 Security Misconfiguration,"Requirement 4.1,Requirement 6.5.4","Requirement 4.2.1,Requirement 6.2.4","Control Objective 3.3 - Sensitive Data Retention,Control Objective 6.2 - Sensitive Data Protection,Control Objective 7 - Use of Cryptography","Control Objective 3.3 - Sensitive Data Retention,Control Objective 6.2 - Sensitive Data Protection,Control Objective 7 - Use of Cryptography,Control Objective B.2.5 - Terminal Software Design","Control Objective 3.3 - Sensitive Data Retention,Control Objective 6.2 - Sensitive Data Protection,Control Objective 7 - Use of Cryptography,Control Objective B.2.5 - Terminal Software Design,Control Objective C.4.1 - Web Software Communications",,"APSC-DV-000160 CAT II,APSC-DV-000170 CAT II,APSC-DV-001940 CAT II,APSC-DV-001950 CAT II,APSC-DV-002440 CAT I,APSC-DV-002450 CAT II,APSC-DV-002460 CAT II,APSC-DV-002470 CAT II","APSC-DV-000160 CAT II,APSC-DV-000170 CAT II,APSC-DV-001940 CAT II,APSC-DV-001950 CAT II,APSC-DV-002440 CAT I,APSC-DV-002450 CAT II,APSC-DV-002460 CAT II,APSC-DV-002470 CAT II","APSC-DV-000160 CAT II,APSC-DV-000170 CAT II,APSC-DV-001940 CAT II,APSC-DV-001950 CAT II,APSC-DV-002440 CAT I,APSC-DV-002450 CAT II,APSC-DV-002460 CAT II,APSC-DV-002470 CAT II",Insufficient Transport Layer Protection (WASC-04)
2026_SSE_mavit,1.0,Insecure Transport: External Link,readonly.html,68,jobs/40df99ae-e5ad-41dc-a710-6bacd5341271/work/Src/Hospital-Management-System/vendor/ckeditor/samples/readonly.html,Medium,Security Auditor View,Medium,false,,,,,false,false,UPDATED,Tue May 26 16:32:50 CEST 2026,,false,false,false,SCA,STATIC,Content,C72A3E77-8324-4FF9-B958-74FCDDF39D17,82D2BB4CDA369A1B434FD353124D3CC8,2.0,5.0,5.0,5.0,Security Features,Insecure Transport: External Link,CWE ID 297,[14] CWE ID 287,[14] CWE ID 287,"CCI-000068,CCI-001453,CCI-002418,CCI-002420,CCI-002421,CCI-002422,CCI-002890,CCI-003123","CM,SC",Insufficient Data Protection,,,SC-8 Transmission Confidentiality and Integrity (P1),SC-8 Transmission Confidentiality and Integrity,"2.6.3 Look-up Secret Verifier Requirements (L2 L3),2.7.1 Out of Band Verifier Requirements (L1 L2 L3),2.7.2 Out of Band Verifier Requirements (L1 L2 L3),2.7.3 Out of Band Verifier Requirements (L1 L2 L3),2.8.4 Single or Multi Factor One Time Verifier Requirements (L2 L3),2.8.5 Single or Multi Factor One Time Verifier Requirements (L2 L3),3.7.1 Defenses Against Session Management Exploits (L1 L2 L3),6.2.1 Algorithms (L1 L2 L3),9.2.1 Server Communications Security Requirements (L2 L3),9.2.3 Server Communications Security Requirements (L2 L3)","MASVS-NETWORK-1,MASVS-PLATFORM-2",M3 Insufficient Transport Layer Protection,A6 Sensitive Data Exposure,A3 Sensitive Data Exposure,A05 Security Misconfiguration,"Requirement 4.1,Requirement 6.5.4","Requirement 4.2.1,Requirement 6.2.4","Control Objective 3.3 - Sensitive Data Retention,Control Objective 6.2 - Sensitive Data Protection,Control Objective 7 - Use of Cryptography","Control Objective 3.3 - Sensitive Data Retention,Control Objective 6.2 - Sensitive Data Protection,Control Objective 7 - Use of Cryptography,Control Objective B.2.5 - Terminal Software Design","Control Objective 3.3 - Sensitive Data Retention,Control Objective 6.2 - Sensitive Data Protection,Control Objective 7 - Use of Cryptography,Control Objective B.2.5 - Terminal Software Design,Control Objective C.4.1 - Web Software Communications",,"APSC-DV-000160 CAT II,APSC-DV-000170 CAT II,APSC-DV-001940 CAT II,APSC-DV-001950 CAT II,APSC-DV-002440 CAT I,APSC-DV-002450 CAT II,APSC-DV-002460 CAT II,APSC-DV-002470 CAT II","APSC-DV-000160 CAT II,APSC-DV-000170 CAT II,APSC-DV-001940 CAT II,APSC-DV-001950 CAT II,APSC-DV-002440 CAT I,APSC-DV-002450 CAT II,APSC-DV-002460 CAT II,APSC-DV-002470 CAT II","APSC-DV-000160 CAT II,APSC-DV-000170 CAT II,APSC-DV-001940 CAT II,APSC-DV-001950 CAT II,APSC-DV-002440 CAT I,APSC-DV-002450 CAT II,APSC-DV-002460 CAT II,APSC-DV-002470 CAT II",Insufficient Transport Layer Protection (WASC-04)
2026_SSE_mavit,1.0,Cross-Site Request Forgery,replacebyclass.html,33,jobs/40df99ae-e5ad-41dc-a710-6bacd5341271/work/Src/Hospital-Management-System/vendor/ckeditor/samples/replacebyclass.html,Low,Security Auditor View,Low,false,,,,,false,false,UPDATED,Tue May 26 16:32:50 CEST 2026,,false,false,false,SCA,STATIC,Content,78E0700E-56FE-45A2-A11B-6A560F730576,42CE83BDA9CC2A7606A29AE95E6110AC,2.0,0.4,2.0,5.0,Encapsulation,Cross-Site Request Forgery,CWE ID 352,[9] CWE ID 352,[9] CWE ID 352,"CCI-001310,CCI-001941,CCI-001942",,Access Violation,,,SC-23 Session Authenticity (P1),SC-23 Session Authenticity,"3.5.3 Token-based Session Management (L2 L3),4.2.2 Operation Level Access Control (L1 L2 L3),13.2.3 RESTful Web Service Verification Requirements (L1 L2 L3)",,M5 Poor Authorization and Authentication,A8 Cross-Site Request Forgery (CSRF),,A01 Broken Access Control,Requirement 6.5.9,Requirement 6.2.4,Control Objective 5.4 - Authentication and Access Control,Control Objective 5.4 - Authentication and Access Control,"Control Objective 5.4 - Authentication and Access Control,Control Objective C.2.3 - Web Software Access Controls",Insecure Interaction - CWE ID 352,"APSC-DV-001620 CAT II,APSC-DV-001630 CAT II,APSC-DV-002500 CAT II","APSC-DV-001620 CAT II,APSC-DV-001630 CAT II,APSC-DV-002500 CAT II","APSC-DV-001620 CAT II,APSC-DV-001630 CAT II,APSC-DV-002500 CAT II",Cross-Site Request Forgery (WASC-09)
2026_SSE_mavit,1.0,Insecure Transport: External Link,replacebyclass.html,49,jobs/40df99ae-e5ad-41dc-a710-6bacd5341271/work/Src/Hospital-Management-System/vendor/ckeditor/samples/replacebyclass.html,Medium,Security Auditor View,Medium,false,,,,,false,false,UPDATED,Tue May 26 16:32:50 CEST 2026,,false,false,false,SCA,STATIC,Content,C72A3E77-8324-4FF9-B958-74FCDDF39D17,19C2D12A33FABFC30BD79CB111233824,2.0,5.0,5.0,5.0,Security Features,Insecure Transport: External Link,CWE ID 297,[14] CWE ID 287,[14] CWE ID 287,"CCI-000068,CCI-001453,CCI-002418,CCI-002420,CCI-002421,CCI-002422,CCI-002890,CCI-003123","CM,SC",Insufficient Data Protection,,,SC-8 Transmission Confidentiality and Integrity (P1),SC-8 Transmission Confidentiality and Integrity,"2.6.3 Look-up Secret Verifier Requirements (L2 L3),2.7.1 Out of Band Verifier Requirements (L1 L2 L3),2.7.2 Out of Band Verifier Requirements (L1 L2 L3),2.7.3 Out of Band Verifier Requirements (L1 L2 L3),2.8.4 Single or Multi Factor One Time Verifier Requirements (L2 L3),2.8.5 Single or Multi Factor One Time Verifier Requirements (L2 L3),3.7.1 Defenses Against Session Management Exploits (L1 L2 L3),6.2.1 Algorithms (L1 L2 L3),9.2.1 Server Communications Security Requirements (L2 L3),9.2.3 Server Communications Security Requirements (L2 L3)","MASVS-NETWORK-1,MASVS-PLATFORM-2",M3 Insufficient Transport Layer Protection,A6 Sensitive Data Exposure,A3 Sensitive Data Exposure,A05 Security Misconfiguration,"Requirement 4.1,Requirement 6.5.4","Requirement 4.2.1,Requirement 6.2.4","Control Objective 3.3 - Sensitive Data Retention,Control Objective 6.2 - Sensitive Data Protection,Control Objective 7 - Use of Cryptography","Control Objective 3.3 - Sensitive Data Retention,Control Objective 6.2 - Sensitive Data Protection,Control Objective 7 - Use of Cryptography,Control Objective B.2.5 - Terminal Software Design","Control Objective 3.3 - Sensitive Data Retention,Control Objective 6.2 - Sensitive Data Protection,Control Objective 7 - Use of Cryptography,Control Objective B.2.5 - Terminal Software Design,Control Objective C.4.1 - Web Software Communications",,"APSC-DV-000160 CAT II,APSC-DV-000170 CAT II,APSC-DV-001940 CAT II,APSC-DV-001950 CAT II,APSC-DV-002440 CAT I,APSC-DV-002450 CAT II,APSC-DV-002460 CAT II,APSC-DV-002470 CAT II","APSC-DV-000160 CAT II,APSC-DV-000170 CAT II,APSC-DV-001940 CAT II,APSC-DV-001950 CAT II,APSC-DV-002440 CAT I,APSC-DV-002450 CAT II,APSC-DV-002460 CAT II,APSC-DV-002470 CAT II","APSC-DV-000160 CAT II,APSC-DV-000170 CAT II,APSC-DV-001940 CAT II,APSC-DV-001950 CAT II,APSC-DV-002440 CAT I,APSC-DV-002450 CAT II,APSC-DV-002460 CAT II,APSC-DV-002470 CAT II",Insufficient Transport Layer Protection (WASC-04)
2026_SSE_mavit,1.0,Insecure Transport: External Link,replacebyclass.html,52,jobs/40df99ae-e5ad-41dc-a710-6bacd5341271/work/Src/Hospital-Management-System/vendor/ckeditor/samples/replacebyclass.html,Medium,Security Auditor View,Medium,false,,,,,false,false,UPDATED,Tue May 26 16:32:50 CEST 2026,,false,false,false,SCA,STATIC,Content,C72A3E77-8324-4FF9-B958-74FCDDF39D17,19C2D12A33FABFC30BD79CB111233825,2.0,5.0,5.0,5.0,Security Features,Insecure Transport: External Link,CWE ID 297,[14] CWE ID 287,[14] CWE ID 287,"CCI-000068,CCI-001453,CCI-002418,CCI-002420,CCI-002421,CCI-002422,CCI-002890,CCI-003123","CM,SC",Insufficient Data Protection,,,SC-8 Transmission Confidentiality and Integrity (P1),SC-8 Transmission Confidentiality and Integrity,"2.6.3 Look-up Secret Verifier Requirements (L2 L3),2.7.1 Out of Band Verifier Requirements (L1 L2 L3),2.7.2 Out of Band Verifier Requirements (L1 L2 L3),2.7.3 Out of Band Verifier Requirements (L1 L2 L3),2.8.4 Single or Multi Factor One Time Verifier Requirements (L2 L3),2.8.5 Single or Multi Factor One Time Verifier Requirements (L2 L3),3.7.1 Defenses Against Session Management Exploits (L1 L2 L3),6.2.1 Algorithms (L1 L2 L3),9.2.1 Server Communications Security Requirements (L2 L3),9.2.3 Server Communications Security Requirements (L2 L3)","MASVS-NETWORK-1,MASVS-PLATFORM-2",M3 Insufficient Transport Layer Protection,A6 Sensitive Data Exposure,A3 Sensitive Data Exposure,A05 Security Misconfiguration,"Requirement 4.1,Requirement 6.5.4","Requirement 4.2.1,Requirement 6.2.4","Control Objective 3.3 - Sensitive Data Retention,Control Objective 6.2 - Sensitive Data Protection,Control Objective 7 - Use of Cryptography","Control Objective 3.3 - Sensitive Data Retention,Control Objective 6.2 - Sensitive Data Protection,Control Objective 7 - Use of Cryptography,Control Objective B.2.5 - Terminal Software Design","Control Objective 3.3 - Sensitive Data Retention,Control Objective 6.2 - Sensitive Data Protection,Control Objective 7 - Use of Cryptography,Control Objective B.2.5 - Terminal Software Design,Control Objective C.4.1 - Web Software Communications",,"APSC-DV-000160 CAT II,APSC-DV-000170 CAT II,APSC-DV-001940 CAT II,APSC-DV-001950 CAT II,APSC-DV-002440 CAT I,APSC-DV-002450 CAT II,APSC-DV-002460 CAT II,APSC-DV-002470 CAT II","APSC-DV-000160 CAT II,APSC-DV-000170 CAT II,APSC-DV-001940 CAT II,APSC-DV-001950 CAT II,APSC-DV-002440 CAT I,APSC-DV-002450 CAT II,APSC-DV-002460 CAT II,APSC-DV-002470 CAT II","APSC-DV-000160 CAT II,APSC-DV-000170 CAT II,APSC-DV-001940 CAT II,APSC-DV-001950 CAT II,APSC-DV-002440 CAT I,APSC-DV-002450 CAT II,APSC-DV-002460 CAT II,APSC-DV-002470 CAT II",Insufficient Transport Layer Protection (WASC-04)
2026_SSE_mavit,1.0,Cross-Site Request Forgery,replacebycode.html,17,jobs/40df99ae-e5ad-41dc-a710-6bacd5341271/work/Src/Hospital-Management-System/vendor/ckeditor/samples/replacebycode.html,Low,Security Auditor View,Low,false,,,,,false,false,UPDATED,Tue May 26 16:32:50 CEST 2026,,false,false,false,SCA,STATIC,Content,78E0700E-56FE-45A2-A11B-6A560F730576,DCD4D0BC97D126BBEB33A71BCC32F356,2.0,0.4,2.0,5.0,Encapsulation,Cross-Site Request Forgery,CWE ID 352,[9] CWE ID 352,[9] CWE ID 352,"CCI-001310,CCI-001941,CCI-001942",,Access Violation,,,SC-23 Session Authenticity (P1),SC-23 Session Authenticity,"3.5.3 Token-based Session Management (L2 L3),4.2.2 Operation Level Access Control (L1 L2 L3),13.2.3 RESTful Web Service Verification Requirements (L1 L2 L3)",,M5 Poor Authorization and Authentication,A8 Cross-Site Request Forgery (CSRF),,A01 Broken Access Control,Requirement 6.5.9,Requirement 6.2.4,Control Objective 5.4 - Authentication and Access Control,Control Objective 5.4 - Authentication and Access Control,"Control Objective 5.4 - Authentication and Access Control,Control Objective C.2.3 - Web Software Access Controls",Insecure Interaction - CWE ID 352,"APSC-DV-001620 CAT II,APSC-DV-001630 CAT II,APSC-DV-002500 CAT II","APSC-DV-001620 CAT II,APSC-DV-001630 CAT II,APSC-DV-002500 CAT II","APSC-DV-001620 CAT II,APSC-DV-001630 CAT II,APSC-DV-002500 CAT II",Cross-Site Request Forgery (WASC-09)
2026_SSE_mavit,1.0,SQL Injection,search.php,8,jobs/40df99ae-e5ad-41dc-a710-6bacd5341271/work/Src/Hospital-Management-System/search.php,Critical,Security Auditor View,Critical,false,,,,,false,false,UPDATED,Tue May 26 16:32:50 CEST 2026,,false,false,false,SCA,STATIC,Data Flow,FF858C20-4BCD-4EBA-8DBA-F1502AB06D2E,BDB29D7E7F410016363E192303EBD274,5.0,5.0,4.0,5.0,Input Validation and Representation,SQL Injection,CWE ID 89,[6] CWE ID 089,[3] CWE ID 089,"CCI-001310,CCI-002754",SI,Indirect Access to Sensitive Data,Rule 1.3,Rule 0-3-1,SI-10 Information Input Validation (P1),SI-10 Information Input Validation,"5.3.4 Output Encoding and Injection Prevention Requirements (L1 L2 L3),5.3.5 Output Encoding and Injection Prevention Requirements (L1 L2 L3)",MASVS-CODE-4,M7 Client Side Injection,A1 Injection,A1 Injection,A03 Injection,Requirement 6.5.1,Requirement 6.2.4,Control Objective 4.2 - Critical Asset Protection,"Control Objective 4.2 - Critical Asset Protection,Control Objective B.3.1 - Terminal Software Attack Mitigation,Control Objective B.3.1.1 - Terminal Software Attack Mitigation","Control Objective 4.2 - Critical Asset Protection,Control Objective B.3.1 - Terminal Software Attack Mitigation,Control Objective B.3.1.1 - Terminal Software Attack Mitigation,Control Objective C.3.2 - Web Software Attack Mitigation",Insecure Interaction - CWE ID 089,"APSC-DV-002540 CAT I,APSC-DV-002560 CAT I","APSC-DV-002540 CAT I,APSC-DV-002560 CAT I","APSC-DV-002540 CAT I,APSC-DV-002560 CAT I",SQL Injection (WASC-19)
2026_SSE_mavit,1.0,Cross-Site Scripting: Persistent,search.php,48,jobs/40df99ae-e5ad-41dc-a710-6bacd5341271/work/Src/Hospital-Management-System/search.php,Critical,Security Auditor View,Critical,false,,,,,false,false,UPDATED,Tue May 26 16:32:50 CEST 2026,,false,false,false,SCA,STATIC,Data Flow,AF6C6C57-CA46-489C-B449-CFE4A5AB7202,8BF4B0561D4E1C7E6097242B311B031B,5.0,5.0,4.0,5.0,Input Validation and Representation,Cross-Site Scripting: Persistent,"CWE ID 79,CWE ID 80",[2] CWE ID 079,[2] CWE ID 079,"CCI-001310,CCI-002754",SI,Indirect Access to Sensitive Data,,,SI-10 Information Input Validation (P1),SI-10 Information Input Validation,"5.3.3 Output Encoding and Injection Prevention Requirements (L1 L2 L3),5.3.6 Output Encoding and Injection Prevention Requirements (L1 L2 L3)",,M7 Client Side Injection,A3 Cross-Site Scripting (XSS),A7 Cross-Site Scripting (XSS),A03 Injection,Requirement 6.5.7,Requirement 6.2.4,Control Objective 4.2 - Critical Asset Protection,"Control Objective 4.2 - Critical Asset Protection,Control Objective B.3.1 - Terminal Software Attack Mitigation,Control Objective B.3.1.1 - Terminal Software Attack Mitigation","Control Objective 4.2 - Critical Asset Protection,Control Objective B.3.1 - Terminal Software Attack Mitigation,Control Objective B.3.1.1 - Terminal Software Attack Mitigation,Control Objective C.3.2 - Web Software Attack Mitigation",Insecure Interaction - CWE ID 079,"APSC-DV-002490 CAT I,APSC-DV-002560 CAT I","APSC-DV-002490 CAT I,APSC-DV-002560 CAT I","APSC-DV-002490 CAT I,APSC-DV-002560 CAT I",Cross-Site Scripting (WASC-08)
2026_SSE_mavit,1.0,Insecure Randomness,select2.js,590,jobs/40df99ae-e5ad-41dc-a710-6bacd5341271/work/Src/Hospital-Management-System/vendor/select2/select2.js,High,Security Auditor View,High,false,,,,,false,false,UPDATED,Tue May 26 16:32:50 CEST 2026,,false,false,false,SCA,STATIC,Structural,919BF191-6443-4239-BBFF-A7A31C108032,4F58DEA7D25EFCFA5CDFBFFA171847F9,4.0,0.4,2.0,5.0,Security Features,Insecure Randomness,CWE ID 338,,,CCI-002450,MP,Insufficient Data Protection,,,SC-13 Cryptographic Protection (P1),SC-13 Cryptographic Protection,"2.3.1 Authenticator Lifecycle Requirements (L1 L2 L3),2.6.2 Look-up Secret Verifier Requirements (L2 L3),3.2.2 Session Binding Requirements (L1 L2 L3),3.2.4 Session Binding Requirements (L2 L3),6.3.1 Random Values (L2 L3),6.3.2 Random Values (L2 L3),6.3.3 Random Values (L3)",MASVS-CRYPTO-1,M6 Broken Cryptography,,,A02 Cryptographic Failures,Requirement 6.5.3,Requirement 6.2.4,Control Objective 7.3 - Use of Cryptography,"Control Objective 7.3 - Use of Cryptography,Control Objective B.2.4 - Terminal Software Design","Control Objective 7.3 - Use of Cryptography,Control Objective B.2.4 - Terminal Software Design",,"APSC-DV-002010 CAT II,APSC-DV-002050 CAT II","APSC-DV-002010 CAT II,APSC-DV-002050 CAT II","APSC-DV-002010 CAT II,APSC-DV-002050 CAT II",
2026_SSE_mavit,1.0,System Information Leak: Internal,server.js,263,jobs/40df99ae-e5ad-41dc-a710-6bacd5341271/work/Src/Hospital-Management-System/vendor/jquery-file-upload/server/node/server.js,Low,Security Auditor View,Low,false,,,,,false,false,UPDATED,Tue May 26 16:32:50 CEST 2026,,false,false,false,SCA,STATIC,Data Flow,7D91AD3F-8148-4E32-A221-F6CA8980795F0,2185DC0EA573066837675D21D982AD07,1.0,0.768,3.0,4.8,Encapsulation,System Information Leak: Internal,CWE ID 497,[20] CWE ID 200,,"CCI-001312,CCI-002420",,Indirect Access to Sensitive Data,,,AC-4 Information Flow Enforcement (P1),AC-4 Information Flow Enforcement,"8.3.2 Sensitive Private Data (L1 L2 L3),8.3.4 Sensitive Private Data (L1 L2 L3),14.3.3 Unintended Security Disclosure Requirements (L1 L2 L3)",MASVS-STORAGE-1,M2 Insecure Data Storage,,,A05 Security Misconfiguration,Requirement 6.5.5,Requirement 6.2.4,Control Objective 3.6 - Sensitive Data Retention,Control Objective 3.6 - Sensitive Data Retention,Control Objective 3.6 - Sensitive Data Retention,,"APSC-DV-002480 CAT II,APSC-DV-002570 CAT II","APSC-DV-002480 CAT II,APSC-DV-002570 CAT II","APSC-DV-002480 CAT II,APSC-DV-002570 CAT II",Information Leakage (WASC-13)
2026_SSE_mavit,1.0,Path Manipulation,server.js,276,jobs/40df99ae-e5ad-41dc-a710-6bacd5341271/work/Src/Hospital-Management-System/vendor/jquery-file-upload/server/node/server.js,Critical,Security Auditor View,Critical,false,,,,,false,false,UPDATED,Tue May 26 16:32:50 CEST 2026,,false,false,false,SCA,STATIC,Data Flow,009DAF74-D3BD-49FB-866F-3D9A11EA34FF0,4AC75EDA9B898F4BC6A35822D6C21435,3.0,2.835,3.0,4.43,Input Validation and Representation,Path Manipulation,"CWE ID 22,CWE ID 73",[8] CWE ID 022,[8] CWE ID 022,CCI-002754,SI,Access Violation,Rule 1.3,Rule 0-3-1,SI-10 Information Input Validation (P1),SI-10 Information Input Validation,"5.2.2 Sanitization and Sandboxing Requirements (L1 L2 L3),12.3.1 File Execution Requirements (L1 L2 L3),12.3.2 File Execution Requirements (L1 L2 L3)","MASVS-PLATFORM-1,MASVS-CODE-4",M8 Security Decisions Via Untrusted Inputs,A4 Insecure Direct Object References,A5 Broken Access Control,A01 Broken Access Control,Requirement 6.5.8,Requirement 6.2.4,"Control Objective 4.2 - Critical Asset Protection,Control Objective 5.4 - Authentication and Access Control","Control Objective 4.2 - Critical Asset Protection,Control Objective 5.4 - Authentication and Access Control,Control Objective B.3.1 - Terminal Software Attack Mitigation,Control Objective B.3.1.1 - Terminal Software Attack Mitigation","Control Objective 4.2 - Critical Asset Protection,Control Objective 5.4 - Authentication and Access Control,Control Objective B.3.1 - Terminal Software Attack Mitigation,Control Objective B.3.1.1 - Terminal Software Attack Mitigation,Control Objective C.2.3 - Web Software Access Controls,Control Objective C.3.2 - Web Software Attack Mitigation",Risky Resource Management - CWE ID 022,APSC-DV-002560 CAT I,APSC-DV-002560 CAT I,APSC-DV-002560 CAT I,Path Traversal (WASC-33)
2026_SSE_mavit,1.0,Insecure Transport,server.js,288,jobs/40df99ae-e5ad-41dc-a710-6bacd5341271/work/Src/Hospital-Management-System/vendor/jquery-file-upload/server/node/server.js,Critical,Security Auditor View,Critical,false,,,,,false,false,UPDATED,Tue May 26 16:32:50 CEST 2026,,false,false,false,SCA,STATIC,Structural,DEA0817E-5FDF-48C9-A064-CC2A6845972E,4168F62A879EABB6850DC4F47031C945,4.0,3.2,4.0,5.0,Security Features,Insecure Transport,CWE ID 319,,,"CCI-000068,CCI-001453,CCI-002418,CCI-002420,CCI-002421,CCI-002422,CCI-002890,CCI-003123",SC,Insufficient Data Protection,,,SC-8 Transmission Confidentiality and Integrity (P1),SC-8 Transmission Confidentiality and Integrity,"1.9.1 Communications Architectural Requirements (L2 L3),1.14.1 Configuration Architectural Requirements (L2 L3),2.2.5 General Authenticator Requirements (L3),2.6.3 Look-up Secret Verifier Requirements (L2 L3),2.7.1 Out of Band Verifier Requirements (L1 L2 L3),2.7.2 Out of Band Verifier Requirements (L1 L2 L3),2.7.3 Out of Band Verifier Requirements (L1 L2 L3),2.8.3 Single or Multi Factor One Time Verifier Requirements (L2 L3),2.8.4 Single or Multi Factor One Time Verifier Requirements (L2 L3),2.8.5 Single or Multi Factor One Time Verifier Requirements (L2 L3),2.9.3 Cryptographic Software and Devices Verifier Requirements (L2 L3),3.7.1 Defenses Against Session Management Exploits (L1 L2 L3),6.2.1 Algorithms (L1 L2 L3),6.2.2 Algorithms (L2 L3),6.2.3 Algorithms (L2 L3),6.2.4 Algorithms (L2 L3),6.2.5 Algorithms (L2 L3),6.2.6 Algorithms (L2 L3),6.2.7 Algorithms (L3),8.1.6 General Data Protection (L3),8.3.1 Sensitive Private Data (L1 L2 L3),8.3.4 Sensitive Private Data (L1 L2 L3),8.3.7 Sensitive Private Data (L2 L3),9.1.1 Communications Security Requirements (L1 L2 L3),9.1.2 Communications Security Requirements (L1 L2 L3),9.1.3 Communications Security Requirements (L1 L2 L3),9.2.1 Server Communications Security Requirements (L2 L3),9.2.2 Server Communications Security Requirements (L2 L3),9.2.3 Server Communications Security Requirements (L2 L3),14.1.3 Build (L2 L3),14.4.5 HTTP Security Headers Requirements (L1 L2 L3)",MASVS-NETWORK-1,M3 Insufficient Transport Layer Protection,A6 Sensitive Data Exposure,A3 Sensitive Data Exposure,A02 Cryptographic Failures,"Requirement 4.1,Requirement 6.5.4","Requirement 4.2.1,Requirement 6.2.4","Control Objective 6.2 - Sensitive Data Protection,Control Objective 7 - Use of Cryptography","Control Objective 6.2 - Sensitive Data Protection,Control Objective 7 - Use of Cryptography,Control Objective B.2.5 - Terminal Software Design","Control Objective 6.2 - Sensitive Data Protection,Control Objective 7 - Use of Cryptography,Control Objective B.2.5 - Terminal Software Design,Control Objective C.4.1 - Web Software Communications",Porous Defenses - CWE ID 311,"APSC-DV-000160 CAT II,APSC-DV-000170 CAT II,APSC-DV-001940 CAT II,APSC-DV-001950 CAT II,APSC-DV-002440 CAT I,APSC-DV-002450 CAT II,APSC-DV-002460 CAT II,APSC-DV-002470 CAT II","APSC-DV-000160 CAT II,APSC-DV-000170 CAT II,APSC-DV-001940 CAT II,APSC-DV-001950 CAT II,APSC-DV-002440 CAT I,APSC-DV-002450 CAT II,APSC-DV-002460 CAT II,APSC-DV-002470 CAT II","APSC-DV-000160 CAT II,APSC-DV-000170 CAT II,APSC-DV-001940 CAT II,APSC-DV-001950 CAT II,APSC-DV-002440 CAT I,APSC-DV-002450 CAT II,APSC-DV-002460 CAT II,APSC-DV-002470 CAT II",Insufficient Transport Layer Protection (WASC-04)
2026_SSE_mavit,1.0,Insecure Transport: Weak SSL Protocol,server.js,290,jobs/40df99ae-e5ad-41dc-a710-6bacd5341271/work/Src/Hospital-Management-System/vendor/jquery-file-upload/server/node/server.js,Critical,Security Auditor View,Critical,false,,,,,false,false,UPDATED,Tue May 26 16:32:50 CEST 2026,,false,false,false,SCA,STATIC,Structural,2578715B-10F2-49FD-8011-3E5496ED870C,DDC729CD63EFB413960A402DA98930C7,3.0,3.0,3.0,5.0,Security Features,Insecure Transport: Weak SSL Protocol,CWE ID 327,,,"CCI-000068,CCI-000382,CCI-001453,CCI-001941,CCI-001942,CCI-002418,CCI-002420,CCI-002421,CCI-002422,CCI-002890,CCI-003123","CM,SC",Insufficient Data Protection,,,SC-8 Transmission Confidentiality and Integrity (P1),SC-8 Transmission Confidentiality and Integrity,"2.6.3 Look-up Secret Verifier Requirements (L2 L3),2.9.3 Cryptographic Software and Devices Verifier Requirements (L2 L3),6.2.1 Algorithms (L1 L2 L3),6.2.2 Algorithms (L2 L3),8.3.7 Sensitive Private Data (L2 L3),9.1.2 Communications Security Requirements (L1 L2 L3),9.1.3 Communications Security Requirements (L1 L2 L3)",MASVS-NETWORK-1,M3 Insufficient Transport Layer Protection,A5 Security Misconfiguration,A6 Security Misconfiguration,A02 Cryptographic Failures,"Requirement 4.1,Requirement 6.5.4","Requirement 4.2.1,Requirement 6.2.4","Control Objective 3.3 - Sensitive Data Retention,Control Objective 6.2 - Sensitive Data Protection,Control Objective 7.1 - Use of Cryptography","Control Objective 3.3 - Sensitive Data Retention,Control Objective 6.2 - Sensitive Data Protection,Control Objective 7.1 - Use of Cryptography,Control Objective B.2.3 - Terminal Software Design","Control Objective 3.3 - Sensitive Data Retention,Control Objective 6.2 - Sensitive Data Protection,Control Objective 7.1 - Use of Cryptography,Control Objective B.2.3 - Terminal Software Design,Control Objective C.4.1 - Web Software Communications",Porous Defenses - CWE ID 327,"APSC-DV-000160 CAT II,APSC-DV-000170 CAT II,APSC-DV-001510 CAT II,APSC-DV-001620 CAT II,APSC-DV-001630 CAT II,APSC-DV-001940 CAT II,APSC-DV-001950 CAT II,APSC-DV-002440 CAT I,APSC-DV-002450 CAT II,APSC-DV-002460 CAT II,APSC-DV-002470 CAT II","APSC-DV-000160 CAT II,APSC-DV-000170 CAT II,APSC-DV-001510 CAT II,APSC-DV-001620 CAT II,APSC-DV-001630 CAT II,APSC-DV-001940 CAT II,APSC-DV-001950 CAT II,APSC-DV-002440 CAT I,APSC-DV-002450 CAT II,APSC-DV-002460 CAT II,APSC-DV-002470 CAT II","APSC-DV-000160 CAT II,APSC-DV-000170 CAT II,APSC-DV-001510 CAT II,APSC-DV-001620 CAT II,APSC-DV-001630 CAT II,APSC-DV-001940 CAT II,APSC-DV-001950 CAT II,APSC-DV-002440 CAT I,APSC-DV-002450 CAT II,APSC-DV-002460 CAT II,APSC-DV-002470 CAT II",Insufficient Transport Layer Protection (WASC-04)
2026_SSE_mavit,1.0,Insecure Transport,server.js,290,jobs/40df99ae-e5ad-41dc-a710-6bacd5341271/work/Src/Hospital-Management-System/vendor/jquery-file-upload/server/node/server.js,Critical,Security Auditor View,Critical,false,,,,,false,false,UPDATED,Tue May 26 16:32:50 CEST 2026,,false,false,false,SCA,STATIC,Structural,DEA0817E-5FDF-48C9-A064-CC2A6845972E,F1B9609DBF17DDA45BCF1E44D32D599E,4.0,3.2,4.0,5.0,Security Features,Insecure Transport,CWE ID 319,,,"CCI-000068,CCI-001453,CCI-002418,CCI-002420,CCI-002421,CCI-002422,CCI-002890,CCI-003123",SC,Insufficient Data Protection,,,SC-8 Transmission Confidentiality and Integrity (P1),SC-8 Transmission Confidentiality and Integrity,"1.9.1 Communications Architectural Requirements (L2 L3),1.14.1 Configuration Architectural Requirements (L2 L3),2.2.5 General Authenticator Requirements (L3),2.6.3 Look-up Secret Verifier Requirements (L2 L3),2.7.1 Out of Band Verifier Requirements (L1 L2 L3),2.7.2 Out of Band Verifier Requirements (L1 L2 L3),2.7.3 Out of Band Verifier Requirements (L1 L2 L3),2.8.3 Single or Multi Factor One Time Verifier Requirements (L2 L3),2.8.4 Single or Multi Factor One Time Verifier Requirements (L2 L3),2.8.5 Single or Multi Factor One Time Verifier Requirements (L2 L3),2.9.3 Cryptographic Software and Devices Verifier Requirements (L2 L3),3.7.1 Defenses Against Session Management Exploits (L1 L2 L3),6.2.1 Algorithms (L1 L2 L3),6.2.2 Algorithms (L2 L3),6.2.3 Algorithms (L2 L3),6.2.4 Algorithms (L2 L3),6.2.5 Algorithms (L2 L3),6.2.6 Algorithms (L2 L3),6.2.7 Algorithms (L3),8.1.6 General Data Protection (L3),8.3.1 Sensitive Private Data (L1 L2 L3),8.3.4 Sensitive Private Data (L1 L2 L3),8.3.7 Sensitive Private Data (L2 L3),9.1.1 Communications Security Requirements (L1 L2 L3),9.1.2 Communications Security Requirements (L1 L2 L3),9.1.3 Communications Security Requirements (L1 L2 L3),9.2.1 Server Communications Security Requirements (L2 L3),9.2.2 Server Communications Security Requirements (L2 L3),9.2.3 Server Communications Security Requirements (L2 L3),14.1.3 Build (L2 L3),14.4.5 HTTP Security Headers Requirements (L1 L2 L3)",MASVS-NETWORK-1,M3 Insufficient Transport Layer Protection,A6 Sensitive Data Exposure,A3 Sensitive Data Exposure,A02 Cryptographic Failures,"Requirement 4.1,Requirement 6.5.4","Requirement 4.2.1,Requirement 6.2.4","Control Objective 6.2 - Sensitive Data Protection,Control Objective 7 - Use of Cryptography","Control Objective 6.2 - Sensitive Data Protection,Control Objective 7 - Use of Cryptography,Control Objective B.2.5 - Terminal Software Design","Control Objective 6.2 - Sensitive Data Protection,Control Objective 7 - Use of Cryptography,Control Objective B.2.5 - Terminal Software Design,Control Objective C.4.1 - Web Software Communications",Porous Defenses - CWE ID 311,"APSC-DV-000160 CAT II,APSC-DV-000170 CAT II,APSC-DV-001940 CAT II,APSC-DV-001950 CAT II,APSC-DV-002440 CAT I,APSC-DV-002450 CAT II,APSC-DV-002460 CAT II,APSC-DV-002470 CAT II","APSC-DV-000160 CAT II,APSC-DV-000170 CAT II,APSC-DV-001940 CAT II,APSC-DV-001950 CAT II,APSC-DV-002440 CAT I,APSC-DV-002450 CAT II,APSC-DV-002460 CAT II,APSC-DV-002470 CAT II","APSC-DV-000160 CAT II,APSC-DV-000170 CAT II,APSC-DV-001940 CAT II,APSC-DV-001950 CAT II,APSC-DV-002440 CAT I,APSC-DV-002450 CAT II,APSC-DV-002460 CAT II,APSC-DV-002470 CAT II",Insufficient Transport Layer Protection (WASC-04)
2026_SSE_mavit,1.0,Insecure Randomness,stellar.js,141,jobs/40df99ae-e5ad-41dc-a710-6bacd5341271/work/Src/Hospital-Management-System/js/stellar.js,High,Security Auditor View,High,false,,,,,false,false,UPDATED,Tue May 26 16:32:50 CEST 2026,,false,false,false,SCA,STATIC,Structural,919BF191-6443-4239-BBFF-A7A31C108032,39D30BC14804D5D5EB7041B7F5573D16,4.0,0.4,2.0,5.0,Security Features,Insecure Randomness,CWE ID 338,,,CCI-002450,MP,Insufficient Data Protection,,,SC-13 Cryptographic Protection (P1),SC-13 Cryptographic Protection,"2.3.1 Authenticator Lifecycle Requirements (L1 L2 L3),2.6.2 Look-up Secret Verifier Requirements (L2 L3),3.2.2 Session Binding Requirements (L1 L2 L3),3.2.4 Session Binding Requirements (L2 L3),6.3.1 Random Values (L2 L3),6.3.2 Random Values (L2 L3),6.3.3 Random Values (L3)",MASVS-CRYPTO-1,M6 Broken Cryptography,,,A02 Cryptographic Failures,Requirement 6.5.3,Requirement 6.2.4,Control Objective 7.3 - Use of Cryptography,"Control Objective 7.3 - Use of Cryptography,Control Objective B.2.4 - Terminal Software Design","Control Objective 7.3 - Use of Cryptography,Control Objective B.2.4 - Terminal Software Design",,"APSC-DV-002010 CAT II,APSC-DV-002050 CAT II","APSC-DV-002010 CAT II,APSC-DV-002050 CAT II","APSC-DV-002010 CAT II,APSC-DV-002050 CAT II",
2026_SSE_mavit,1.0,Cross-Site Scripting: DOM,swfobject.js,8,jobs/40df99ae-e5ad-41dc-a710-6bacd5341271/work/Src/Hospital-Management-System/vendor/ckeditor/samples/plugins/htmlwriter/assets/outputforflash/swfobject.js,Critical,Security Auditor View,Critical,false,,,,,false,false,UPDATED,Tue May 26 16:32:50 CEST 2026,,false,false,false,SCA,STATIC,Data Flow,EC6687E2-7A2A-4B4B-8E8A-7595215D8D4E0,57F96913511B8E18A81C567201064DDA,5.0,4.61,4.0,4.61,Input Validation and Representation,Cross-Site Scripting: DOM,"CWE ID 79,CWE ID 80",[2] CWE ID 079,[2] CWE ID 079,"CCI-001310,CCI-002754",SI,Indirect Access to Sensitive Data,,,SI-10 Information Input Validation (P1),SI-10 Information Input Validation,"5.3.3 Output Encoding and Injection Prevention Requirements (L1 L2 L3),5.3.6 Output Encoding and Injection Prevention Requirements (L1 L2 L3)",,M7 Client Side Injection,A3 Cross-Site Scripting (XSS),A7 Cross-Site Scripting (XSS),A03 Injection,Requirement 6.5.7,Requirement 6.2.4,Control Objective 4.2 - Critical Asset Protection,"Control Objective 4.2 - Critical Asset Protection,Control Objective B.3.1 - Terminal Software Attack Mitigation,Control Objective B.3.1.1 - Terminal Software Attack Mitigation","Control Objective 4.2 - Critical Asset Protection,Control Objective B.3.1 - Terminal Software Attack Mitigation,Control Objective B.3.1.1 - Terminal Software Attack Mitigation,Control Objective C.3.2 - Web Software Attack Mitigation",Insecure Interaction - CWE ID 079,"APSC-DV-002490 CAT I,APSC-DV-002560 CAT I","APSC-DV-002490 CAT I,APSC-DV-002560 CAT I","APSC-DV-002490 CAT I,APSC-DV-002560 CAT I",Cross-Site Scripting (WASC-08)
2026_SSE_mavit,1.0,Insecure Transport: External Link,tabindex.html,67,jobs/40df99ae-e5ad-41dc-a710-6bacd5341271/work/Src/Hospital-Management-System/vendor/ckeditor/samples/tabindex.html,Medium,Security Auditor View,Medium,false,,,,,false,false,UPDATED,Tue May 26 16:32:50 CEST 2026,,false,false,false,SCA,STATIC,Content,C72A3E77-8324-4FF9-B958-74FCDDF39D17,DAA772A36899B4F24715D8F15C181E9F,2.0,5.0,5.0,5.0,Security Features,Insecure Transport: External Link,CWE ID 297,[14] CWE ID 287,[14] CWE ID 287,"CCI-000068,CCI-001453,CCI-002418,CCI-002420,CCI-002421,CCI-002422,CCI-002890,CCI-003123","CM,SC",Insufficient Data Protection,,,SC-8 Transmission Confidentiality and Integrity (P1),SC-8 Transmission Confidentiality and Integrity,"2.6.3 Look-up Secret Verifier Requirements (L2 L3),2.7.1 Out of Band Verifier Requirements (L1 L2 L3),2.7.2 Out of Band Verifier Requirements (L1 L2 L3),2.7.3 Out of Band Verifier Requirements (L1 L2 L3),2.8.4 Single or Multi Factor One Time Verifier Requirements (L2 L3),2.8.5 Single or Multi Factor One Time Verifier Requirements (L2 L3),3.7.1 Defenses Against Session Management Exploits (L1 L2 L3),6.2.1 Algorithms (L1 L2 L3),9.2.1 Server Communications Security Requirements (L2 L3),9.2.3 Server Communications Security Requirements (L2 L3)","MASVS-NETWORK-1,MASVS-PLATFORM-2",M3 Insufficient Transport Layer Protection,A6 Sensitive Data Exposure,A3 Sensitive Data Exposure,A05 Security Misconfiguration,"Requirement 4.1,Requirement 6.5.4","Requirement 4.2.1,Requirement 6.2.4","Control Objective 3.3 - Sensitive Data Retention,Control Objective 6.2 - Sensitive Data Protection,Control Objective 7 - Use of Cryptography","Control Objective 3.3 - Sensitive Data Retention,Control Objective 6.2 - Sensitive Data Protection,Control Objective 7 - Use of Cryptography,Control Objective B.2.5 - Terminal Software Design","Control Objective 3.3 - Sensitive Data Retention,Control Objective 6.2 - Sensitive Data Protection,Control Objective 7 - Use of Cryptography,Control Objective B.2.5 - Terminal Software Design,Control Objective C.4.1 - Web Software Communications",,"APSC-DV-000160 CAT II,APSC-DV-000170 CAT II,APSC-DV-001940 CAT II,APSC-DV-001950 CAT II,APSC-DV-002440 CAT I,APSC-DV-002450 CAT II,APSC-DV-002460 CAT II,APSC-DV-002470 CAT II","APSC-DV-000160 CAT II,APSC-DV-000170 CAT II,APSC-DV-001940 CAT II,APSC-DV-001950 CAT II,APSC-DV-002440 CAT I,APSC-DV-002450 CAT II,APSC-DV-002460 CAT II,APSC-DV-002470 CAT II","APSC-DV-000160 CAT II,APSC-DV-000170 CAT II,APSC-DV-001940 CAT II,APSC-DV-001950 CAT II,APSC-DV-002440 CAT I,APSC-DV-002450 CAT II,APSC-DV-002460 CAT II,APSC-DV-002470 CAT II",Insufficient Transport Layer Protection (WASC-04)
2026_SSE_mavit,1.0,Insecure Transport: External Link,tabindex.html,70,jobs/40df99ae-e5ad-41dc-a710-6bacd5341271/work/Src/Hospital-Management-System/vendor/ckeditor/samples/tabindex.html,Medium,Security Auditor View,Medium,false,,,,,false,false,UPDATED,Tue May 26 16:32:50 CEST 2026,,false,false,false,SCA,STATIC,Content,C72A3E77-8324-4FF9-B958-74FCDDF39D17,DAA772A36899B4F24715D8F15C181EA0,2.0,5.0,5.0,5.0,Security Features,Insecure Transport: External Link,CWE ID 297,[14] CWE ID 287,[14] CWE ID 287,"CCI-000068,CCI-001453,CCI-002418,CCI-002420,CCI-002421,CCI-002422,CCI-002890,CCI-003123","CM,SC",Insufficient Data Protection,,,SC-8 Transmission Confidentiality and Integrity (P1),SC-8 Transmission Confidentiality and Integrity,"2.6.3 Look-up Secret Verifier Requirements (L2 L3),2.7.1 Out of Band Verifier Requirements (L1 L2 L3),2.7.2 Out of Band Verifier Requirements (L1 L2 L3),2.7.3 Out of Band Verifier Requirements (L1 L2 L3),2.8.4 Single or Multi Factor One Time Verifier Requirements (L2 L3),2.8.5 Single or Multi Factor One Time Verifier Requirements (L2 L3),3.7.1 Defenses Against Session Management Exploits (L1 L2 L3),6.2.1 Algorithms (L1 L2 L3),9.2.1 Server Communications Security Requirements (L2 L3),9.2.3 Server Communications Security Requirements (L2 L3)","MASVS-NETWORK-1,MASVS-PLATFORM-2",M3 Insufficient Transport Layer Protection,A6 Sensitive Data Exposure,A3 Sensitive Data Exposure,A05 Security Misconfiguration,"Requirement 4.1,Requirement 6.5.4","Requirement 4.2.1,Requirement 6.2.4","Control Objective 3.3 - Sensitive Data Retention,Control Objective 6.2 - Sensitive Data Protection,Control Objective 7 - Use of Cryptography","Control Objective 3.3 - Sensitive Data Retention,Control Objective 6.2 - Sensitive Data Protection,Control Objective 7 - Use of Cryptography,Control Objective B.2.5 - Terminal Software Design","Control Objective 3.3 - Sensitive Data Retention,Control Objective 6.2 - Sensitive Data Protection,Control Objective 7 - Use of Cryptography,Control Objective B.2.5 - Terminal Software Design,Control Objective C.4.1 - Web Software Communications",,"APSC-DV-000160 CAT II,APSC-DV-000170 CAT II,APSC-DV-001940 CAT II,APSC-DV-001950 CAT II,APSC-DV-002440 CAT I,APSC-DV-002450 CAT II,APSC-DV-002460 CAT II,APSC-DV-002470 CAT II","APSC-DV-000160 CAT II,APSC-DV-000170 CAT II,APSC-DV-001940 CAT II,APSC-DV-001950 CAT II,APSC-DV-002440 CAT I,APSC-DV-002450 CAT II,APSC-DV-002460 CAT II,APSC-DV-002470 CAT II","APSC-DV-000160 CAT II,APSC-DV-000170 CAT II,APSC-DV-001940 CAT II,APSC-DV-001950 CAT II,APSC-DV-002440 CAT I,APSC-DV-002450 CAT II,APSC-DV-002460 CAT II,APSC-DV-002470 CAT II",Insufficient Transport Layer Protection (WASC-04)
2026_SSE_mavit,1.0,Key Management: Hardcoded Encryption Key,tcpdf.crt,26,jobs/40df99ae-e5ad-41dc-a710-6bacd5341271/work/Src/Hospital-Management-System/TCPDF/examples/data/cert/tcpdf.crt,Critical,Security Auditor View,Critical,false,,,,,false,false,NEW,Tue Jun 02 23:37:38 CEST 2026,,false,false,false,SCA,STATIC,Configuration,6DBD0F5A-99EB-53B7-AB1E-D9B012E68020,31D3558BB05CA3542F14DE4F6790F63E,3.0,4.0,3.0,5.0,Security Features,Key Management: Hardcoded Encryption Key,CWE ID 321,"[14] CWE ID 287,[16] CWE ID 798","[14] CWE ID 287,[15] CWE ID 798",CCI-002450,IA,Insufficient Data Protection,,,SC-12 Cryptographic Key Establishment and Management (P1),SC-12 Cryptographic Key Establishment and Management,"2.6.3 Look-up Secret Verifier Requirements (L2 L3),2.7.1 Out of Band Verifier Requirements (L1 L2 L3),2.7.2 Out of Band Verifier Requirements (L1 L2 L3),2.7.3 Out of Band Verifier Requirements (L1 L2 L3),2.8.4 Single or Multi Factor One Time Verifier Requirements (L2 L3),2.8.5 Single or Multi Factor One Time Verifier Requirements (L2 L3),2.9.1 Cryptographic Software and Devices Verifier Requirements (L2 L3),2.10.2 Service Authentication Requirements (L2 L3),2.10.4 Service Authentication Requirements (L2 L3),3.5.2 Token-based Session Management (L2 L3),3.7.1 Defenses Against Session Management Exploits (L1 L2 L3),6.2.1 Algorithms (L1 L2 L3),6.4.1 Secret Management (L2 L3),6.4.2 Secret Management (L2 L3),9.2.3 Server Communications Security Requirements (L2 L3),10.2.3 Malicious Code Search (L3)",MASVS-CRYPTO-2,M6 Broken Cryptography,A6 Sensitive Data Exposure,A3 Sensitive Data Exposure,A02 Cryptographic Failures,"Requirement 6.3.1,Requirement 6.5.3,Requirement 8.2.1","Requirement 6.2.4,Requirement 6.5.3,Requirement 6.5.6",Control Objective 7.2 - Use of Cryptography,"Control Objective 7.2 - Use of Cryptography,Control Objective B.2.3 - Terminal Software Design","Control Objective 7.2 - Use of Cryptography,Control Objective B.2.3 - Terminal Software Design",Porous Defenses - CWE ID 798,APSC-DV-002010 CAT II,APSC-DV-002010 CAT II,APSC-DV-002010 CAT II,Information Leakage (WASC-13)
2026_SSE_mavit,1.0,Key Management: Hardcoded Encryption Key,tcpdf.p12,0,jobs/40df99ae-e5ad-41dc-a710-6bacd5341271/work/Src/Hospital-Management-System/TCPDF/examples/data/cert/tcpdf.p12,High,Security Auditor View,High,false,,,,,false,false,NEW,Tue Jun 02 23:37:38 CEST 2026,,false,false,false,SCA,STATIC,Configuration,8FAE07A6-DBDB-443E-8601-521D3A748B5A,83792C0A64BBCA1EEDB7EAC89933516D,3.0,1.6,3.0,5.0,Security Features,Key Management: Hardcoded Encryption Key,CWE ID 321,"[14] CWE ID 287,[16] CWE ID 798","[14] CWE ID 287,[15] CWE ID 798",CCI-002450,IA,Insufficient Data Protection,,,SC-12 Cryptographic Key Establishment and Management (P1),SC-12 Cryptographic Key Establishment and Management,"2.6.3 Look-up Secret Verifier Requirements (L2 L3),2.7.1 Out of Band Verifier Requirements (L1 L2 L3),2.7.2 Out of Band Verifier Requirements (L1 L2 L3),2.7.3 Out of Band Verifier Requirements (L1 L2 L3),2.8.4 Single or Multi Factor One Time Verifier Requirements (L2 L3),2.8.5 Single or Multi Factor One Time Verifier Requirements (L2 L3),2.9.1 Cryptographic Software and Devices Verifier Requirements (L2 L3),2.10.2 Service Authentication Requirements (L2 L3),2.10.4 Service Authentication Requirements (L2 L3),3.5.2 Token-based Session Management (L2 L3),3.7.1 Defenses Against Session Management Exploits (L1 L2 L3),6.2.1 Algorithms (L1 L2 L3),6.4.1 Secret Management (L2 L3),6.4.2 Secret Management (L2 L3),9.2.3 Server Communications Security Requirements (L2 L3),10.2.3 Malicious Code Search (L3)",MASVS-CRYPTO-2,M6 Broken Cryptography,A6 Sensitive Data Exposure,A3 Sensitive Data Exposure,A02 Cryptographic Failures,"Requirement 6.3.1,Requirement 6.5.3,Requirement 8.2.1","Requirement 6.2.4,Requirement 6.5.3,Requirement 6.5.6",Control Objective 7.2 - Use of Cryptography,"Control Objective 7.2 - Use of Cryptography,Control Objective B.2.3 - Terminal Software Design","Control Objective 7.2 - Use of Cryptography,Control Objective B.2.3 - Terminal Software Design",Porous Defenses - CWE ID 798,APSC-DV-002010 CAT II,APSC-DV-002010 CAT II,APSC-DV-002010 CAT II,Information Leakage (WASC-13)
2026_SSE_mavit,1.0,Weak Cryptographic Hash,tcpdf.php,1863,jobs/40df99ae-e5ad-41dc-a710-6bacd5341271/work/Src/Hospital-Management-System/TCPDF/tcpdf.php,Low,Security Auditor View,Low,false,,,,,false,false,UPDATED,Tue May 26 16:32:50 CEST 2026,,false,false,false,SCA,STATIC,Semantic,3E15CC2F-6FD3-405F-BEF8-2F0E7B30945A,316C420342B8566B5BB889E4A08F7591,2.0,2.1,3.0,5.0,Security Features,Weak Cryptographic Hash,CWE ID 328,,,CCI-002450,MP,Insufficient Data Protection,,,SC-13 Cryptographic Protection (P1),SC-13 Cryptographic Protection,"2.4.1 Credential Storage Requirements (L2 L3),2.4.2 Credential Storage Requirements (L2 L3),2.4.5 Credential Storage Requirements (L2 L3),2.6.3 Look-up Secret Verifier Requirements (L2 L3),2.8.3 Single or Multi Factor One Time Verifier Requirements (L2 L3),2.9.3 Cryptographic Software and Devices Verifier Requirements (L2 L3),6.2.1 Algorithms (L1 L2 L3),6.2.2 Algorithms (L2 L3),6.2.3 Algorithms (L2 L3),6.2.4 Algorithms (L2 L3),6.2.5 Algorithms (L2 L3),6.2.6 Algorithms (L2 L3),6.2.7 Algorithms (L3),8.3.7 Sensitive Private Data (L2 L3),9.1.2 Communications Security Requirements (L1 L2 L3),9.1.3 Communications Security Requirements (L1 L2 L3)",MASVS-CRYPTO-1,M6 Broken Cryptography,A6 Sensitive Data Exposure,A3 Sensitive Data Exposure,A02 Cryptographic Failures,"Requirement 4.1,Requirement 6.5.3","Requirement 4.2.1,Requirement 6.2.4","Control Objective 7.1 - Use of Cryptography,Control Objective 7.4 - Use of Cryptography","Control Objective 7.1 - Use of Cryptography,Control Objective 7.4 - Use of Cryptography,Control Objective B.2.3 - Terminal Software Design","Control Objective 7.1 - Use of Cryptography,Control Objective 7.4 - Use of Cryptography,Control Objective B.2.3 - Terminal Software Design",,"APSC-DV-002010 CAT II,APSC-DV-002020 CAT II,APSC-DV-002030 CAT II","APSC-DV-002010 CAT II,APSC-DV-002020 CAT II,APSC-DV-002030 CAT II","APSC-DV-002010 CAT II,APSC-DV-002020 CAT II,APSC-DV-002030 CAT II",
2026_SSE_mavit,1.0,Dangerous File Inclusion,tcpdf.php,4296,jobs/40df99ae-e5ad-41dc-a710-6bacd5341271/work/Src/Hospital-Management-System/TCPDF/tcpdf.php,High,Security Auditor View,High,false,,,,,false,false,UPDATED,Tue May 26 16:32:50 CEST 2026,,false,false,false,SCA,STATIC,Data Flow,A6F886A3-0AB6-43EE-99C4-1E82D77FD5CF,15E2673CC2896D5D8E3640EB3B89AC58,4.0,0.8,4.0,5.0,Input Validation and Representation,Dangerous File Inclusion,"CWE ID 94,CWE ID 98,CWE ID 494",,[25] CWE ID 094,CCI-001167,SI,Indirect Access to Sensitive Data,,,SC-18 Mobile Code (P2),SC-18 Mobile Code,"1.14.2 Configuration Architectural Requirements (L2 L3),5.2.5 Sanitization and Sandboxing Requirements (L1 L2 L3),5.2.8 Sanitization and Sandboxing Requirements (L1 L2 L3),5.3.6 Output Encoding and Injection Prevention Requirements (L1 L2 L3),5.3.9 Output Encoding and Injection Prevention Requirements (L1 L2 L3),10.3.2 Deployed Application Integrity Controls (L1 L2 L3),12.3.2 File Execution Requirements (L1 L2 L3),12.3.3 File Execution Requirements (L1 L2 L3),12.3.6 File Execution Requirements (L2 L3),14.2.3 Dependency (L1 L2 L3),14.2.4 Dependency (L2 L3)",,M7 Client Side Injection,A1 Injection,A1 Injection,A03 Injection,Requirement 6.5.8,Requirement 6.2.4,"Control Objective 4.2 - Critical Asset Protection,Control Objective 5.4 - Authentication and Access Control","Control Objective 4.2 - Critical Asset Protection,Control Objective 5.4 - Authentication and Access Control,Control Objective B.3.1 - Terminal Software Attack Mitigation,Control Objective B.3.1.1 - Terminal Software Attack Mitigation","Control Objective 4.2 - Critical Asset Protection,Control Objective 5.4 - Authentication and Access Control,Control Objective B.3.1 - Terminal Software Attack Mitigation,Control Objective B.3.1.1 - Terminal Software Attack Mitigation,Control Objective C.3.2 - Web Software Attack Mitigation",Risky Resource Management - CWE ID 829,APSC-DV-003300 CAT II,APSC-DV-003300 CAT II,APSC-DV-003300 CAT II,Remote File Inclusion (RFI) (WASC-05)
2026_SSE_mavit,1.0,Dangerous File Inclusion,tcpdf.php,4296,jobs/40df99ae-e5ad-41dc-a710-6bacd5341271/work/Src/Hospital-Management-System/TCPDF/tcpdf.php,High,Security Auditor View,High,false,,,,,false,false,UPDATED,Tue May 26 16:32:50 CEST 2026,,false,false,false,SCA,STATIC,Data Flow,A6F886A3-0AB6-43EE-99C4-1E82D77FD5CF,764F80CB20DDE4949190D42F34F9003A,4.0,0.8,4.0,5.0,Input Validation and Representation,Dangerous File Inclusion,"CWE ID 94,CWE ID 98,CWE ID 494",,[25] CWE ID 094,CCI-001167,SI,Indirect Access to Sensitive Data,,,SC-18 Mobile Code (P2),SC-18 Mobile Code,"1.14.2 Configuration Architectural Requirements (L2 L3),5.2.5 Sanitization and Sandboxing Requirements (L1 L2 L3),5.2.8 Sanitization and Sandboxing Requirements (L1 L2 L3),5.3.6 Output Encoding and Injection Prevention Requirements (L1 L2 L3),5.3.9 Output Encoding and Injection Prevention Requirements (L1 L2 L3),10.3.2 Deployed Application Integrity Controls (L1 L2 L3),12.3.2 File Execution Requirements (L1 L2 L3),12.3.3 File Execution Requirements (L1 L2 L3),12.3.6 File Execution Requirements (L2 L3),14.2.3 Dependency (L1 L2 L3),14.2.4 Dependency (L2 L3)",,M7 Client Side Injection,A1 Injection,A1 Injection,A03 Injection,Requirement 6.5.8,Requirement 6.2.4,"Control Objective 4.2 - Critical Asset Protection,Control Objective 5.4 - Authentication and Access Control","Control Objective 4.2 - Critical Asset Protection,Control Objective 5.4 - Authentication and Access Control,Control Objective B.3.1 - Terminal Software Attack Mitigation,Control Objective B.3.1.1 - Terminal Software Attack Mitigation","Control Objective 4.2 - Critical Asset Protection,Control Objective 5.4 - Authentication and Access Control,Control Objective B.3.1 - Terminal Software Attack Mitigation,Control Objective B.3.1.1 - Terminal Software Attack Mitigation,Control Objective C.3.2 - Web Software Attack Mitigation",Risky Resource Management - CWE ID 829,APSC-DV-003300 CAT II,APSC-DV-003300 CAT II,APSC-DV-003300 CAT II,Remote File Inclusion (RFI) (WASC-05)
2026_SSE_mavit,1.0,Dangerous File Inclusion,tcpdf.php,4296,jobs/40df99ae-e5ad-41dc-a710-6bacd5341271/work/Src/Hospital-Management-System/TCPDF/tcpdf.php,High,Security Auditor View,High,false,,,,,false,false,UPDATED,Tue May 26 16:32:50 CEST 2026,,false,false,false,SCA,STATIC,Data Flow,C92830B8-39A9-48EC-9FB4-32ACAE0F393B,803A38E1FDD2B072F6E43C6F0FA58C89,4.0,0.8,4.0,5.0,Input Validation and Representation,Dangerous File Inclusion,"CWE ID 94,CWE ID 98,CWE ID 494",,[25] CWE ID 094,CCI-001167,SI,Indirect Access to Sensitive Data,,,SC-18 Mobile Code (P2),SC-18 Mobile Code,"1.14.2 Configuration Architectural Requirements (L2 L3),5.2.5 Sanitization and Sandboxing Requirements (L1 L2 L3),5.2.8 Sanitization and Sandboxing Requirements (L1 L2 L3),5.3.6 Output Encoding and Injection Prevention Requirements (L1 L2 L3),5.3.9 Output Encoding and Injection Prevention Requirements (L1 L2 L3),10.3.2 Deployed Application Integrity Controls (L1 L2 L3),12.3.2 File Execution Requirements (L1 L2 L3),12.3.3 File Execution Requirements (L1 L2 L3),12.3.6 File Execution Requirements (L2 L3),14.2.3 Dependency (L1 L2 L3),14.2.4 Dependency (L2 L3)",,M7 Client Side Injection,A1 Injection,A1 Injection,A03 Injection,Requirement 6.5.8,Requirement 6.2.4,"Control Objective 4.2 - Critical Asset Protection,Control Objective 5.4 - Authentication and Access Control","Control Objective 4.2 - Critical Asset Protection,Control Objective 5.4 - Authentication and Access Control,Control Objective B.3.1 - Terminal Software Attack Mitigation,Control Objective B.3.1.1 - Terminal Software Attack Mitigation","Control Objective 4.2 - Critical Asset Protection,Control Objective 5.4 - Authentication and Access Control,Control Objective B.3.1 - Terminal Software Attack Mitigation,Control Objective B.3.1.1 - Terminal Software Attack Mitigation,Control Objective C.3.2 - Web Software Attack Mitigation",Risky Resource Management - CWE ID 829,APSC-DV-003300 CAT II,APSC-DV-003300 CAT II,APSC-DV-003300 CAT II,Remote File Inclusion (RFI) (WASC-05)
2026_SSE_mavit,1.0,System Information Leak: Internal,tcpdf.php,6901,jobs/40df99ae-e5ad-41dc-a710-6bacd5341271/work/Src/Hospital-Management-System/TCPDF/tcpdf.php,Low,Security Auditor View,Low,false,,,,,false,false,UPDATED,Tue May 26 16:32:50 CEST 2026,,false,false,false,SCA,STATIC,Data Flow,CC46072B-4D2B-40CB-BF24-BBB64ED9673F,72C5FB61E1F5B33BFF8A90661308BC35,1.0,0.8,3.0,5.0,Encapsulation,System Information Leak: Internal,CWE ID 497,[20] CWE ID 200,,"CCI-001312,CCI-002420",,Indirect Access to Sensitive Data,,,AC-4 Information Flow Enforcement (P1),AC-4 Information Flow Enforcement,"8.3.2 Sensitive Private Data (L1 L2 L3),8.3.4 Sensitive Private Data (L1 L2 L3),14.3.3 Unintended Security Disclosure Requirements (L1 L2 L3)",MASVS-STORAGE-1,M2 Insecure Data Storage,,,A05 Security Misconfiguration,Requirement 6.5.5,Requirement 6.2.4,Control Objective 3.6 - Sensitive Data Retention,Control Objective 3.6 - Sensitive Data Retention,Control Objective 3.6 - Sensitive Data Retention,,"APSC-DV-002480 CAT II,APSC-DV-002570 CAT II","APSC-DV-002480 CAT II,APSC-DV-002570 CAT II","APSC-DV-002480 CAT II,APSC-DV-002570 CAT II",Information Leakage (WASC-13)
2026_SSE_mavit,1.0,System Information Leak: Internal,tcpdf.php,6901,jobs/40df99ae-e5ad-41dc-a710-6bacd5341271/work/Src/Hospital-Management-System/TCPDF/tcpdf.php,Low,Security Auditor View,Low,false,,,,,false,false,UPDATED,Tue May 26 16:32:50 CEST 2026,,false,false,false,SCA,STATIC,Data Flow,CC46072B-4D2B-40CB-BF24-BBB64ED9673F,72C5FB61E1F5B33BFF8A90661308BC36,1.0,0.8,3.0,5.0,Encapsulation,System Information Leak: Internal,CWE ID 497,[20] CWE ID 200,,"CCI-001312,CCI-002420",,Indirect Access to Sensitive Data,,,AC-4 Information Flow Enforcement (P1),AC-4 Information Flow Enforcement,"8.3.2 Sensitive Private Data (L1 L2 L3),8.3.4 Sensitive Private Data (L1 L2 L3),14.3.3 Unintended Security Disclosure Requirements (L1 L2 L3)",MASVS-STORAGE-1,M2 Insecure Data Storage,,,A05 Security Misconfiguration,Requirement 6.5.5,Requirement 6.2.4,Control Objective 3.6 - Sensitive Data Retention,Control Objective 3.6 - Sensitive Data Retention,Control Objective 3.6 - Sensitive Data Retention,,"APSC-DV-002480 CAT II,APSC-DV-002570 CAT II","APSC-DV-002480 CAT II,APSC-DV-002570 CAT II","APSC-DV-002480 CAT II,APSC-DV-002570 CAT II",Information Leakage (WASC-13)
2026_SSE_mavit,1.0,System Information Leak: Internal,tcpdf.php,6901,jobs/40df99ae-e5ad-41dc-a710-6bacd5341271/work/Src/Hospital-Management-System/TCPDF/tcpdf.php,Low,Security Auditor View,Low,false,,,,,false,false,UPDATED,Tue May 26 16:32:50 CEST 2026,,false,false,false,SCA,STATIC,Data Flow,CC46072B-4D2B-40CB-BF24-BBB64ED9673F,F7EA16541D6B11918C7CD7298B4867A1,1.0,0.8,3.0,5.0,Encapsulation,System Information Leak: Internal,CWE ID 497,[20] CWE ID 200,,"CCI-001312,CCI-002420",,Indirect Access to Sensitive Data,,,AC-4 Information Flow Enforcement (P1),AC-4 Information Flow Enforcement,"8.3.2 Sensitive Private Data (L1 L2 L3),8.3.4 Sensitive Private Data (L1 L2 L3),14.3.3 Unintended Security Disclosure Requirements (L1 L2 L3)",MASVS-STORAGE-1,M2 Insecure Data Storage,,,A05 Security Misconfiguration,Requirement 6.5.5,Requirement 6.2.4,Control Objective 3.6 - Sensitive Data Retention,Control Objective 3.6 - Sensitive Data Retention,Control Objective 3.6 - Sensitive Data Retention,,"APSC-DV-002480 CAT II,APSC-DV-002570 CAT II","APSC-DV-002480 CAT II,APSC-DV-002570 CAT II","APSC-DV-002480 CAT II,APSC-DV-002570 CAT II",Information Leakage (WASC-13)
2026_SSE_mavit,1.0,System Information Leak: Internal,tcpdf.php,6901,jobs/40df99ae-e5ad-41dc-a710-6bacd5341271/work/Src/Hospital-Management-System/TCPDF/tcpdf.php,Low,Security Auditor View,Low,false,,,,,false,false,UPDATED,Tue May 26 16:32:50 CEST 2026,,false,false,false,SCA,STATIC,Data Flow,CC46072B-4D2B-40CB-BF24-BBB64ED9673F,F7EA16541D6B11918C7CD7298B4867A2,1.0,0.8,3.0,5.0,Encapsulation,System Information Leak: Internal,CWE ID 497,[20] CWE ID 200,,"CCI-001312,CCI-002420",,Indirect Access to Sensitive Data,,,AC-4 Information Flow Enforcement (P1),AC-4 Information Flow Enforcement,"8.3.2 Sensitive Private Data (L1 L2 L3),8.3.4 Sensitive Private Data (L1 L2 L3),14.3.3 Unintended Security Disclosure Requirements (L1 L2 L3)",MASVS-STORAGE-1,M2 Insecure Data Storage,,,A05 Security Misconfiguration,Requirement 6.5.5,Requirement 6.2.4,Control Objective 3.6 - Sensitive Data Retention,Control Objective 3.6 - Sensitive Data Retention,Control Objective 3.6 - Sensitive Data Retention,,"APSC-DV-002480 CAT II,APSC-DV-002570 CAT II","APSC-DV-002480 CAT II,APSC-DV-002570 CAT II","APSC-DV-002480 CAT II,APSC-DV-002570 CAT II",Information Leakage (WASC-13)
2026_SSE_mavit,1.0,Weak Cryptographic Hash,tcpdf.php,6921,jobs/40df99ae-e5ad-41dc-a710-6bacd5341271/work/Src/Hospital-Management-System/TCPDF/tcpdf.php,Low,Security Auditor View,Low,false,,,,,false,false,UPDATED,Tue May 26 16:32:50 CEST 2026,,false,false,false,SCA,STATIC,Semantic,3E15CC2F-6FD3-405F-BEF8-2F0E7B30945A,0D0CD2D608C82A7A1CA5BBE0A0BF8142,2.0,2.1,3.0,5.0,Security Features,Weak Cryptographic Hash,CWE ID 328,,,CCI-002450,MP,Insufficient Data Protection,,,SC-13 Cryptographic Protection (P1),SC-13 Cryptographic Protection,"2.4.1 Credential Storage Requirements (L2 L3),2.4.2 Credential Storage Requirements (L2 L3),2.4.5 Credential Storage Requirements (L2 L3),2.6.3 Look-up Secret Verifier Requirements (L2 L3),2.8.3 Single or Multi Factor One Time Verifier Requirements (L2 L3),2.9.3 Cryptographic Software and Devices Verifier Requirements (L2 L3),6.2.1 Algorithms (L1 L2 L3),6.2.2 Algorithms (L2 L3),6.2.3 Algorithms (L2 L3),6.2.4 Algorithms (L2 L3),6.2.5 Algorithms (L2 L3),6.2.6 Algorithms (L2 L3),6.2.7 Algorithms (L3),8.3.7 Sensitive Private Data (L2 L3),9.1.2 Communications Security Requirements (L1 L2 L3),9.1.3 Communications Security Requirements (L1 L2 L3)",MASVS-CRYPTO-1,M6 Broken Cryptography,A6 Sensitive Data Exposure,A3 Sensitive Data Exposure,A02 Cryptographic Failures,"Requirement 4.1,Requirement 6.5.3","Requirement 4.2.1,Requirement 6.2.4","Control Objective 7.1 - Use of Cryptography,Control Objective 7.4 - Use of Cryptography","Control Objective 7.1 - Use of Cryptography,Control Objective 7.4 - Use of Cryptography,Control Objective B.2.3 - Terminal Software Design","Control Objective 7.1 - Use of Cryptography,Control Objective 7.4 - Use of Cryptography,Control Objective B.2.3 - Terminal Software Design",,"APSC-DV-002010 CAT II,APSC-DV-002020 CAT II,APSC-DV-002030 CAT II","APSC-DV-002010 CAT II,APSC-DV-002020 CAT II,APSC-DV-002030 CAT II","APSC-DV-002010 CAT II,APSC-DV-002020 CAT II,APSC-DV-002030 CAT II",
2026_SSE_mavit,1.0,Weak Cryptographic Hash,tcpdf.php,7263,jobs/40df99ae-e5ad-41dc-a710-6bacd5341271/work/Src/Hospital-Management-System/TCPDF/tcpdf.php,Low,Security Auditor View,Low,false,,,,,false,false,UPDATED,Tue May 26 16:32:50 CEST 2026,,false,false,false,SCA,STATIC,Semantic,3E15CC2F-6FD3-405F-BEF8-2F0E7B30945A,58DFE4ED9FFDF7B8D11AAA29ADFD3524,2.0,2.1,3.0,5.0,Security Features,Weak Cryptographic Hash,CWE ID 328,,,CCI-002450,MP,Insufficient Data Protection,,,SC-13 Cryptographic Protection (P1),SC-13 Cryptographic Protection,"2.4.1 Credential Storage Requirements (L2 L3),2.4.2 Credential Storage Requirements (L2 L3),2.4.5 Credential Storage Requirements (L2 L3),2.6.3 Look-up Secret Verifier Requirements (L2 L3),2.8.3 Single or Multi Factor One Time Verifier Requirements (L2 L3),2.9.3 Cryptographic Software and Devices Verifier Requirements (L2 L3),6.2.1 Algorithms (L1 L2 L3),6.2.2 Algorithms (L2 L3),6.2.3 Algorithms (L2 L3),6.2.4 Algorithms (L2 L3),6.2.5 Algorithms (L2 L3),6.2.6 Algorithms (L2 L3),6.2.7 Algorithms (L3),8.3.7 Sensitive Private Data (L2 L3),9.1.2 Communications Security Requirements (L1 L2 L3),9.1.3 Communications Security Requirements (L1 L2 L3)",MASVS-CRYPTO-1,M6 Broken Cryptography,A6 Sensitive Data Exposure,A3 Sensitive Data Exposure,A02 Cryptographic Failures,"Requirement 4.1,Requirement 6.5.3","Requirement 4.2.1,Requirement 6.2.4","Control Objective 7.1 - Use of Cryptography,Control Objective 7.4 - Use of Cryptography","Control Objective 7.1 - Use of Cryptography,Control Objective 7.4 - Use of Cryptography,Control Objective B.2.3 - Terminal Software Design","Control Objective 7.1 - Use of Cryptography,Control Objective 7.4 - Use of Cryptography,Control Objective B.2.3 - Terminal Software Design",,"APSC-DV-002010 CAT II,APSC-DV-002020 CAT II,APSC-DV-002030 CAT II","APSC-DV-002010 CAT II,APSC-DV-002020 CAT II,APSC-DV-002030 CAT II","APSC-DV-002010 CAT II,APSC-DV-002020 CAT II,APSC-DV-002030 CAT II",
2026_SSE_mavit,1.0,Password Management: Password in Comment,tcpdf.php,10755,jobs/40df99ae-e5ad-41dc-a710-6bacd5341271/work/Src/Hospital-Management-System/TCPDF/tcpdf.php,Low,Security Auditor View,Low,false,,,,,false,false,UPDATED,Tue May 26 16:32:50 CEST 2026,,false,false,false,SCA,STATIC,Structural,EBD3CC88-4CF9-440F-9831-0298A2027911,1CCDB93121490B05C3B1B968298DC6E4,2.0,0.6,2.0,5.0,Security Features,Password Management: Password in Comment,CWE ID 615,,,"CCI-000196,CCI-001199,CCI-002367",IA,Insufficient Data Protection,,,SC-28 Protection of Information at Rest (P1),SC-28 Protection of Information at Rest,,MASVS-STORAGE-1,M2 Insecure Data Storage,A6 Sensitive Data Exposure,A3 Sensitive Data Exposure,A05 Security Misconfiguration,"Requirement 6.3.1,Requirement 6.5.3,Requirement 8.2.1","Requirement 3.2.1,Requirement 6.2.4,Requirement 6.5.3,Requirement 6.5.6","Control Objective 6.1 - Sensitive Data Protection,Control Objective 7 - Use of Cryptography","Control Objective 6.1 - Sensitive Data Protection,Control Objective 7 - Use of Cryptography","Control Objective 6.1 - Sensitive Data Protection,Control Objective 7 - Use of Cryptography",,"APSC-DV-001740 CAT I,APSC-DV-002330 CAT II,APSC-DV-003110 CAT I","APSC-DV-001740 CAT I,APSC-DV-002330 CAT II,APSC-DV-003110 CAT I","APSC-DV-001740 CAT I,APSC-DV-002330 CAT II,APSC-DV-003110 CAT I",Information Leakage (WASC-13)
2026_SSE_mavit,1.0,Password Management: Password in Comment,tcpdf.php,10764,jobs/40df99ae-e5ad-41dc-a710-6bacd5341271/work/Src/Hospital-Management-System/TCPDF/tcpdf.php,Low,Security Auditor View,Low,false,,,,,false,false,UPDATED,Tue May 26 16:32:50 CEST 2026,,false,false,false,SCA,STATIC,Structural,EBD3CC88-4CF9-440F-9831-0298A2027911,05C49B0CFC5BD00465A59CAB4C8C5058,2.0,0.6,2.0,5.0,Security Features,Password Management: Password in Comment,CWE ID 615,,,"CCI-000196,CCI-001199,CCI-002367",IA,Insufficient Data Protection,,,SC-28 Protection of Information at Rest (P1),SC-28 Protection of Information at Rest,,MASVS-STORAGE-1,M2 Insecure Data Storage,A6 Sensitive Data Exposure,A3 Sensitive Data Exposure,A05 Security Misconfiguration,"Requirement 6.3.1,Requirement 6.5.3,Requirement 8.2.1","Requirement 3.2.1,Requirement 6.2.4,Requirement 6.5.3,Requirement 6.5.6","Control Objective 6.1 - Sensitive Data Protection,Control Objective 7 - Use of Cryptography","Control Objective 6.1 - Sensitive Data Protection,Control Objective 7 - Use of Cryptography","Control Objective 6.1 - Sensitive Data Protection,Control Objective 7 - Use of Cryptography",,"APSC-DV-001740 CAT I,APSC-DV-002330 CAT II,APSC-DV-003110 CAT I","APSC-DV-001740 CAT I,APSC-DV-002330 CAT II,APSC-DV-003110 CAT I","APSC-DV-001740 CAT I,APSC-DV-002330 CAT II,APSC-DV-003110 CAT I",Information Leakage (WASC-13)
2026_SSE_mavit,1.0,Password Management: Password in Comment,tcpdf.php,10784,jobs/40df99ae-e5ad-41dc-a710-6bacd5341271/work/Src/Hospital-Management-System/TCPDF/tcpdf.php,Low,Security Auditor View,Low,false,,,,,false,false,UPDATED,Tue May 26 16:32:50 CEST 2026,,false,false,false,SCA,STATIC,Structural,EBD3CC88-4CF9-440F-9831-0298A2027911,886DC25B97D799D02F30FFE77009E47E,2.0,0.6,2.0,5.0,Security Features,Password Management: Password in Comment,CWE ID 615,,,"CCI-000196,CCI-001199,CCI-002367",IA,Insufficient Data Protection,,,SC-28 Protection of Information at Rest (P1),SC-28 Protection of Information at Rest,,MASVS-STORAGE-1,M2 Insecure Data Storage,A6 Sensitive Data Exposure,A3 Sensitive Data Exposure,A05 Security Misconfiguration,"Requirement 6.3.1,Requirement 6.5.3,Requirement 8.2.1","Requirement 3.2.1,Requirement 6.2.4,Requirement 6.5.3,Requirement 6.5.6","Control Objective 6.1 - Sensitive Data Protection,Control Objective 7 - Use of Cryptography","Control Objective 6.1 - Sensitive Data Protection,Control Objective 7 - Use of Cryptography","Control Objective 6.1 - Sensitive Data Protection,Control Objective 7 - Use of Cryptography",,"APSC-DV-001740 CAT I,APSC-DV-002330 CAT II,APSC-DV-003110 CAT I","APSC-DV-001740 CAT I,APSC-DV-002330 CAT II,APSC-DV-003110 CAT I","APSC-DV-001740 CAT I,APSC-DV-002330 CAT II,APSC-DV-003110 CAT I",Information Leakage (WASC-13)
2026_SSE_mavit,1.0,Password Management: Password in Comment,tcpdf.php,10809,jobs/40df99ae-e5ad-41dc-a710-6bacd5341271/work/Src/Hospital-Management-System/TCPDF/tcpdf.php,Low,Security Auditor View,Low,false,,,,,false,false,UPDATED,Tue May 26 16:32:50 CEST 2026,,false,false,false,SCA,STATIC,Structural,EBD3CC88-4CF9-440F-9831-0298A2027911,8F7E876E6837FF9F91378FF07EAB6B41,2.0,0.6,2.0,5.0,Security Features,Password Management: Password in Comment,CWE ID 615,,,"CCI-000196,CCI-001199,CCI-002367",IA,Insufficient Data Protection,,,SC-28 Protection of Information at Rest (P1),SC-28 Protection of Information at Rest,,MASVS-STORAGE-1,M2 Insecure Data Storage,A6 Sensitive Data Exposure,A3 Sensitive Data Exposure,A05 Security Misconfiguration,"Requirement 6.3.1,Requirement 6.5.3,Requirement 8.2.1","Requirement 3.2.1,Requirement 6.2.4,Requirement 6.5.3,Requirement 6.5.6","Control Objective 6.1 - Sensitive Data Protection,Control Objective 7 - Use of Cryptography","Control Objective 6.1 - Sensitive Data Protection,Control Objective 7 - Use of Cryptography","Control Objective 6.1 - Sensitive Data Protection,Control Objective 7 - Use of Cryptography",,"APSC-DV-001740 CAT I,APSC-DV-002330 CAT II,APSC-DV-003110 CAT I","APSC-DV-001740 CAT I,APSC-DV-002330 CAT II,APSC-DV-003110 CAT I","APSC-DV-001740 CAT I,APSC-DV-002330 CAT II,APSC-DV-003110 CAT I",Information Leakage (WASC-13)
2026_SSE_mavit,1.0,Weak Cryptographic Hash,tcpdf.php,10831,jobs/40df99ae-e5ad-41dc-a710-6bacd5341271/work/Src/Hospital-Management-System/TCPDF/tcpdf.php,Low,Security Auditor View,Low,false,,,,,false,false,UPDATED,Tue May 26 16:32:50 CEST 2026,,false,false,false,SCA,STATIC,Semantic,3E15CC2F-6FD3-405F-BEF8-2F0E7B30945A,6471C2709C5A910ACEFAA0BA1C4E1B80,2.0,2.1,3.0,5.0,Security Features,Weak Cryptographic Hash,CWE ID 328,,,CCI-002450,MP,Insufficient Data Protection,,,SC-13 Cryptographic Protection (P1),SC-13 Cryptographic Protection,"2.4.1 Credential Storage Requirements (L2 L3),2.4.2 Credential Storage Requirements (L2 L3),2.4.5 Credential Storage Requirements (L2 L3),2.6.3 Look-up Secret Verifier Requirements (L2 L3),2.8.3 Single or Multi Factor One Time Verifier Requirements (L2 L3),2.9.3 Cryptographic Software and Devices Verifier Requirements (L2 L3),6.2.1 Algorithms (L1 L2 L3),6.2.2 Algorithms (L2 L3),6.2.3 Algorithms (L2 L3),6.2.4 Algorithms (L2 L3),6.2.5 Algorithms (L2 L3),6.2.6 Algorithms (L2 L3),6.2.7 Algorithms (L3),8.3.7 Sensitive Private Data (L2 L3),9.1.2 Communications Security Requirements (L1 L2 L3),9.1.3 Communications Security Requirements (L1 L2 L3)",MASVS-CRYPTO-1,M6 Broken Cryptography,A6 Sensitive Data Exposure,A3 Sensitive Data Exposure,A02 Cryptographic Failures,"Requirement 4.1,Requirement 6.5.3","Requirement 4.2.1,Requirement 6.2.4","Control Objective 7.1 - Use of Cryptography,Control Objective 7.4 - Use of Cryptography","Control Objective 7.1 - Use of Cryptography,Control Objective 7.4 - Use of Cryptography,Control Objective B.2.3 - Terminal Software Design","Control Objective 7.1 - Use of Cryptography,Control Objective 7.4 - Use of Cryptography,Control Objective B.2.3 - Terminal Software Design",,"APSC-DV-002010 CAT II,APSC-DV-002020 CAT II,APSC-DV-002030 CAT II","APSC-DV-002010 CAT II,APSC-DV-002020 CAT II,APSC-DV-002030 CAT II","APSC-DV-002010 CAT II,APSC-DV-002020 CAT II,APSC-DV-002030 CAT II",
2026_SSE_mavit,1.0,Weak Cryptographic Hash,tcpdf.php,10877,jobs/40df99ae-e5ad-41dc-a710-6bacd5341271/work/Src/Hospital-Management-System/TCPDF/tcpdf.php,Low,Security Auditor View,Low,false,,,,,false,false,UPDATED,Tue May 26 16:32:50 CEST 2026,,false,false,false,SCA,STATIC,Semantic,3E15CC2F-6FD3-405F-BEF8-2F0E7B30945A,FF2111F5E152345EBE8C1DC821F8F72F,2.0,2.1,3.0,5.0,Security Features,Weak Cryptographic Hash,CWE ID 328,,,CCI-002450,MP,Insufficient Data Protection,,,SC-13 Cryptographic Protection (P1),SC-13 Cryptographic Protection,"2.4.1 Credential Storage Requirements (L2 L3),2.4.2 Credential Storage Requirements (L2 L3),2.4.5 Credential Storage Requirements (L2 L3),2.6.3 Look-up Secret Verifier Requirements (L2 L3),2.8.3 Single or Multi Factor One Time Verifier Requirements (L2 L3),2.9.3 Cryptographic Software and Devices Verifier Requirements (L2 L3),6.2.1 Algorithms (L1 L2 L3),6.2.2 Algorithms (L2 L3),6.2.3 Algorithms (L2 L3),6.2.4 Algorithms (L2 L3),6.2.5 Algorithms (L2 L3),6.2.6 Algorithms (L2 L3),6.2.7 Algorithms (L3),8.3.7 Sensitive Private Data (L2 L3),9.1.2 Communications Security Requirements (L1 L2 L3),9.1.3 Communications Security Requirements (L1 L2 L3)",MASVS-CRYPTO-1,M6 Broken Cryptography,A6 Sensitive Data Exposure,A3 Sensitive Data Exposure,A02 Cryptographic Failures,"Requirement 4.1,Requirement 6.5.3","Requirement 4.2.1,Requirement 6.2.4","Control Objective 7.1 - Use of Cryptography,Control Objective 7.4 - Use of Cryptography","Control Objective 7.1 - Use of Cryptography,Control Objective 7.4 - Use of Cryptography,Control Objective B.2.3 - Terminal Software Design","Control Objective 7.1 - Use of Cryptography,Control Objective 7.4 - Use of Cryptography,Control Objective B.2.3 - Terminal Software Design",,"APSC-DV-002010 CAT II,APSC-DV-002020 CAT II,APSC-DV-002030 CAT II","APSC-DV-002010 CAT II,APSC-DV-002020 CAT II,APSC-DV-002030 CAT II","APSC-DV-002010 CAT II,APSC-DV-002020 CAT II,APSC-DV-002030 CAT II",
2026_SSE_mavit,1.0,Password Management: Password in Comment,tcpdf.php,10882,jobs/40df99ae-e5ad-41dc-a710-6bacd5341271/work/Src/Hospital-Management-System/TCPDF/tcpdf.php,Low,Security Auditor View,Low,false,,,,,false,false,UPDATED,Tue May 26 16:32:50 CEST 2026,,false,false,false,SCA,STATIC,Structural,EBD3CC88-4CF9-440F-9831-0298A2027911,F74D50A6E5049EC2EFFA77FE13E7719C,2.0,0.6,2.0,5.0,Security Features,Password Management: Password in Comment,CWE ID 615,,,"CCI-000196,CCI-001199,CCI-002367",IA,Insufficient Data Protection,,,SC-28 Protection of Information at Rest (P1),SC-28 Protection of Information at Rest,,MASVS-STORAGE-1,M2 Insecure Data Storage,A6 Sensitive Data Exposure,A3 Sensitive Data Exposure,A05 Security Misconfiguration,"Requirement 6.3.1,Requirement 6.5.3,Requirement 8.2.1","Requirement 3.2.1,Requirement 6.2.4,Requirement 6.5.3,Requirement 6.5.6","Control Objective 6.1 - Sensitive Data Protection,Control Objective 7 - Use of Cryptography","Control Objective 6.1 - Sensitive Data Protection,Control Objective 7 - Use of Cryptography","Control Objective 6.1 - Sensitive Data Protection,Control Objective 7 - Use of Cryptography",,"APSC-DV-001740 CAT I,APSC-DV-002330 CAT II,APSC-DV-003110 CAT I","APSC-DV-001740 CAT I,APSC-DV-002330 CAT II,APSC-DV-003110 CAT I","APSC-DV-001740 CAT I,APSC-DV-002330 CAT II,APSC-DV-003110 CAT I",Information Leakage (WASC-13)
2026_SSE_mavit,1.0,Password Management: Password in Comment,tcpdf.php,10918,jobs/40df99ae-e5ad-41dc-a710-6bacd5341271/work/Src/Hospital-Management-System/TCPDF/tcpdf.php,Low,Security Auditor View,Low,false,,,,,false,false,UPDATED,Tue May 26 16:32:50 CEST 2026,,false,false,false,SCA,STATIC,Structural,EBD3CC88-4CF9-440F-9831-0298A2027911,7A35297FB49A09D531F8EE0EC41956EF,2.0,0.6,2.0,5.0,Security Features,Password Management: Password in Comment,CWE ID 615,,,"CCI-000196,CCI-001199,CCI-002367",IA,Insufficient Data Protection,,,SC-28 Protection of Information at Rest (P1),SC-28 Protection of Information at Rest,,MASVS-STORAGE-1,M2 Insecure Data Storage,A6 Sensitive Data Exposure,A3 Sensitive Data Exposure,A05 Security Misconfiguration,"Requirement 6.3.1,Requirement 6.5.3,Requirement 8.2.1","Requirement 3.2.1,Requirement 6.2.4,Requirement 6.5.3,Requirement 6.5.6","Control Objective 6.1 - Sensitive Data Protection,Control Objective 7 - Use of Cryptography","Control Objective 6.1 - Sensitive Data Protection,Control Objective 7 - Use of Cryptography","Control Objective 6.1 - Sensitive Data Protection,Control Objective 7 - Use of Cryptography",,"APSC-DV-001740 CAT I,APSC-DV-002330 CAT II,APSC-DV-003110 CAT I","APSC-DV-001740 CAT I,APSC-DV-002330 CAT II,APSC-DV-003110 CAT I","APSC-DV-001740 CAT I,APSC-DV-002330 CAT II,APSC-DV-003110 CAT I",Information Leakage (WASC-13)
2026_SSE_mavit,1.0,Weak Cryptographic Hash,tcpdf.php,10940,jobs/40df99ae-e5ad-41dc-a710-6bacd5341271/work/Src/Hospital-Management-System/TCPDF/tcpdf.php,Low,Security Auditor View,Low,false,,,,,false,false,UPDATED,Tue May 26 16:32:50 CEST 2026,,false,false,false,SCA,STATIC,Semantic,3E15CC2F-6FD3-405F-BEF8-2F0E7B30945A,F9096DA8B533E5A63BF1E0B052B7DA0E,2.0,2.1,3.0,5.0,Security Features,Weak Cryptographic Hash,CWE ID 328,,,CCI-002450,MP,Insufficient Data Protection,,,SC-13 Cryptographic Protection (P1),SC-13 Cryptographic Protection,"2.4.1 Credential Storage Requirements (L2 L3),2.4.2 Credential Storage Requirements (L2 L3),2.4.5 Credential Storage Requirements (L2 L3),2.6.3 Look-up Secret Verifier Requirements (L2 L3),2.8.3 Single or Multi Factor One Time Verifier Requirements (L2 L3),2.9.3 Cryptographic Software and Devices Verifier Requirements (L2 L3),6.2.1 Algorithms (L1 L2 L3),6.2.2 Algorithms (L2 L3),6.2.3 Algorithms (L2 L3),6.2.4 Algorithms (L2 L3),6.2.5 Algorithms (L2 L3),6.2.6 Algorithms (L2 L3),6.2.7 Algorithms (L3),8.3.7 Sensitive Private Data (L2 L3),9.1.2 Communications Security Requirements (L1 L2 L3),9.1.3 Communications Security Requirements (L1 L2 L3)",MASVS-CRYPTO-1,M6 Broken Cryptography,A6 Sensitive Data Exposure,A3 Sensitive Data Exposure,A02 Cryptographic Failures,"Requirement 4.1,Requirement 6.5.3","Requirement 4.2.1,Requirement 6.2.4","Control Objective 7.1 - Use of Cryptography,Control Objective 7.4 - Use of Cryptography","Control Objective 7.1 - Use of Cryptography,Control Objective 7.4 - Use of Cryptography,Control Objective B.2.3 - Terminal Software Design","Control Objective 7.1 - Use of Cryptography,Control Objective 7.4 - Use of Cryptography,Control Objective B.2.3 - Terminal Software Design",,"APSC-DV-002010 CAT II,APSC-DV-002020 CAT II,APSC-DV-002030 CAT II","APSC-DV-002010 CAT II,APSC-DV-002020 CAT II,APSC-DV-002030 CAT II","APSC-DV-002010 CAT II,APSC-DV-002020 CAT II,APSC-DV-002030 CAT II",
2026_SSE_mavit,1.0,Password Management: Empty Password,tcpdf.php,10942,jobs/40df99ae-e5ad-41dc-a710-6bacd5341271/work/Src/Hospital-Management-System/TCPDF/tcpdf.php,High,Security Auditor View,High,false,,,,,false,false,UPDATED,Tue May 26 16:32:50 CEST 2026,,false,false,false,SCA,STATIC,Structural,DF9A79D0-FA9A-42C2-8DB7-04E0184F6D7D,FEC8FF6C81DCDE31FFDFA73CFA2FA31D,4.0,1.8,4.0,5.0,Security Features,Password Management: Empty Password,CWE ID 259,"[14] CWE ID 287,[16] CWE ID 798","[14] CWE ID 287,[15] CWE ID 798","CCI-000196,CCI-001199,CCI-003109",IA,Insufficient Data Protection,,,SC-28 Protection of Information at Rest (P1),SC-28 Protection of Information at Rest,"2.1.1 Password Security Requirements (L1 L2 L3),2.1.2 Password Security Requirements (L1 L2 L3),2.1.3 Password Security Requirements (L1 L2 L3),2.1.4 Password Security Requirements (L1 L2 L3),2.1.7 Password Security Requirements (L1 L2 L3),2.1.8 Password Security Requirements (L1 L2 L3),2.1.9 Password Security Requirements (L1 L2 L3),2.3.1 Authenticator Lifecycle Requirements (L1 L2 L3),2.6.2 Look-up Secret Verifier Requirements (L2 L3),2.7.1 Out of Band Verifier Requirements (L1 L2 L3),2.7.2 Out of Band Verifier Requirements (L1 L2 L3),2.7.3 Out of Band Verifier Requirements (L1 L2 L3),2.8.4 Single or Multi Factor One Time Verifier Requirements (L2 L3),2.8.5 Single or Multi Factor One Time Verifier Requirements (L2 L3),2.10.1 Service Authentication Requirements (L2 L3),2.10.2 Service Authentication Requirements (L2 L3),2.10.4 Service Authentication Requirements (L2 L3),3.5.2 Token-based Session Management (L2 L3),3.7.1 Defenses Against Session Management Exploits (L1 L2 L3),6.4.1 Secret Management (L2 L3),9.2.3 Server Communications Security Requirements (L2 L3),10.2.3 Malicious Code Search (L3)",MASVS-STORAGE-1,M2 Insecure Data Storage,A6 Sensitive Data Exposure,A3 Sensitive Data Exposure,A07 Identification and Authentication Failures,"Requirement 6.3.1,Requirement 6.5.3,Requirement 8.2.1","Requirement 3.2.1,Requirement 6.2.4,Requirement 6.5.3,Requirement 6.5.6,Requirement 8.3.2","Control Objective 5.3 - Authentication and Access Control,Control Objective 6.3 - Sensitive Data Protection,Control Objective 7 - Use of Cryptography","Control Objective 5.3 - Authentication and Access Control,Control Objective 6.3 - Sensitive Data Protection,Control Objective 7 - Use of Cryptography","Control Objective 5.3 - Authentication and Access Control,Control Objective 6.3 - Sensitive Data Protection,Control Objective 7 - Use of Cryptography,Control Objective C.2.1.2 - Web Software Access Controls",,"APSC-DV-001740 CAT I,APSC-DV-002330 CAT II,APSC-DV-003270 CAT II,APSC-DV-003280 CAT I","APSC-DV-001740 CAT I,APSC-DV-002330 CAT II,APSC-DV-003270 CAT II,APSC-DV-003280 CAT I","APSC-DV-001740 CAT I,APSC-DV-002330 CAT II,APSC-DV-003270 CAT II,APSC-DV-003280 CAT I",Insufficient Authentication (WASC-01)
2026_SSE_mavit,1.0,Password Management: Password in Comment,tcpdf.php,13455,jobs/40df99ae-e5ad-41dc-a710-6bacd5341271/work/Src/Hospital-Management-System/TCPDF/tcpdf.php,Low,Security Auditor View,Low,false,,,,,false,false,UPDATED,Tue May 26 16:32:50 CEST 2026,,false,false,false,SCA,STATIC,Structural,EBD3CC88-4CF9-440F-9831-0298A2027911,D29A445ECD95BB9E00BF5C605BBC46CB,2.0,0.6,2.0,5.0,Security Features,Password Management: Password in Comment,CWE ID 615,,,"CCI-000196,CCI-001199,CCI-002367",IA,Insufficient Data Protection,,,SC-28 Protection of Information at Rest (P1),SC-28 Protection of Information at Rest,,MASVS-STORAGE-1,M2 Insecure Data Storage,A6 Sensitive Data Exposure,A3 Sensitive Data Exposure,A05 Security Misconfiguration,"Requirement 6.3.1,Requirement 6.5.3,Requirement 8.2.1","Requirement 3.2.1,Requirement 6.2.4,Requirement 6.5.3,Requirement 6.5.6","Control Objective 6.1 - Sensitive Data Protection,Control Objective 7 - Use of Cryptography","Control Objective 6.1 - Sensitive Data Protection,Control Objective 7 - Use of Cryptography","Control Objective 6.1 - Sensitive Data Protection,Control Objective 7 - Use of Cryptography",,"APSC-DV-001740 CAT I,APSC-DV-002330 CAT II,APSC-DV-003110 CAT I","APSC-DV-001740 CAT I,APSC-DV-002330 CAT II,APSC-DV-003110 CAT I","APSC-DV-001740 CAT I,APSC-DV-002330 CAT II,APSC-DV-003110 CAT I",Information Leakage (WASC-13)
2026_SSE_mavit,1.0,Password Management: Password in Comment,tcpdf.php,13563,jobs/40df99ae-e5ad-41dc-a710-6bacd5341271/work/Src/Hospital-Management-System/TCPDF/tcpdf.php,Low,Security Auditor View,Low,false,,,,,false,false,UPDATED,Tue May 26 16:32:50 CEST 2026,,false,false,false,SCA,STATIC,Structural,EBD3CC88-4CF9-440F-9831-0298A2027911,1AD7B2F955E80AB4C791B5E8EE4921A2,2.0,0.6,2.0,5.0,Security Features,Password Management: Password in Comment,CWE ID 615,,,"CCI-000196,CCI-001199,CCI-002367",IA,Insufficient Data Protection,,,SC-28 Protection of Information at Rest (P1),SC-28 Protection of Information at Rest,,MASVS-STORAGE-1,M2 Insecure Data Storage,A6 Sensitive Data Exposure,A3 Sensitive Data Exposure,A05 Security Misconfiguration,"Requirement 6.3.1,Requirement 6.5.3,Requirement 8.2.1","Requirement 3.2.1,Requirement 6.2.4,Requirement 6.5.3,Requirement 6.5.6","Control Objective 6.1 - Sensitive Data Protection,Control Objective 7 - Use of Cryptography","Control Objective 6.1 - Sensitive Data Protection,Control Objective 7 - Use of Cryptography","Control Objective 6.1 - Sensitive Data Protection,Control Objective 7 - Use of Cryptography",,"APSC-DV-001740 CAT I,APSC-DV-002330 CAT II,APSC-DV-003110 CAT I","APSC-DV-001740 CAT I,APSC-DV-002330 CAT II,APSC-DV-003110 CAT I","APSC-DV-001740 CAT I,APSC-DV-002330 CAT II,APSC-DV-003110 CAT I",Information Leakage (WASC-13)
2026_SSE_mavit,1.0,JSON Injection,tcpdf.php,16313,jobs/40df99ae-e5ad-41dc-a710-6bacd5341271/work/Src/Hospital-Management-System/TCPDF/tcpdf.php,Critical,Security Auditor View,Critical,false,,,,,false,false,UPDATED,Tue May 26 16:32:50 CEST 2026,,false,false,false,SCA,STATIC,Data Flow,13B4E95D-489E-4079-956E-5E8954195E43,4ECFBEE85360FBF93A5ACC8D08458092,4.0,2.8,4.0,5.0,Input Validation and Representation,JSON Injection,CWE ID 91,,,CCI-002754,SI,Indirect Access to Sensitive Data,,,SI-10 Information Input Validation (P1),SI-10 Information Input Validation,,MASVS-CODE-4,M7 Client Side Injection,A1 Injection,A1 Injection,A03 Injection,Requirement 6.5.1,Requirement 6.2.4,Control Objective 4.2 - Critical Asset Protection,"Control Objective 4.2 - Critical Asset Protection,Control Objective B.3.1 - Terminal Software Attack Mitigation,Control Objective B.3.1.1 - Terminal Software Attack Mitigation","Control Objective 4.2 - Critical Asset Protection,Control Objective B.3.1 - Terminal Software Attack Mitigation,Control Objective B.3.1.1 - Terminal Software Attack Mitigation,Control Objective C.3.2 - Web Software Attack Mitigation",,APSC-DV-002560 CAT I,APSC-DV-002560 CAT I,APSC-DV-002560 CAT I,Improper Input Handling (WASC-20)
2026_SSE_mavit,1.0,Weak Cryptographic Hash,tcpdf.php,17109,jobs/40df99ae-e5ad-41dc-a710-6bacd5341271/work/Src/Hospital-Management-System/TCPDF/tcpdf.php,Low,Security Auditor View,Low,false,,,,,false,false,UPDATED,Tue May 26 16:32:50 CEST 2026,,false,false,false,SCA,STATIC,Semantic,3E15CC2F-6FD3-405F-BEF8-2F0E7B30945A,F0845B0D057A125578E3B561B42DCA95,2.0,2.1,3.0,5.0,Security Features,Weak Cryptographic Hash,CWE ID 328,,,CCI-002450,MP,Insufficient Data Protection,,,SC-13 Cryptographic Protection (P1),SC-13 Cryptographic Protection,"2.4.1 Credential Storage Requirements (L2 L3),2.4.2 Credential Storage Requirements (L2 L3),2.4.5 Credential Storage Requirements (L2 L3),2.6.3 Look-up Secret Verifier Requirements (L2 L3),2.8.3 Single or Multi Factor One Time Verifier Requirements (L2 L3),2.9.3 Cryptographic Software and Devices Verifier Requirements (L2 L3),6.2.1 Algorithms (L1 L2 L3),6.2.2 Algorithms (L2 L3),6.2.3 Algorithms (L2 L3),6.2.4 Algorithms (L2 L3),6.2.5 Algorithms (L2 L3),6.2.6 Algorithms (L2 L3),6.2.7 Algorithms (L3),8.3.7 Sensitive Private Data (L2 L3),9.1.2 Communications Security Requirements (L1 L2 L3),9.1.3 Communications Security Requirements (L1 L2 L3)",MASVS-CRYPTO-1,M6 Broken Cryptography,A6 Sensitive Data Exposure,A3 Sensitive Data Exposure,A02 Cryptographic Failures,"Requirement 4.1,Requirement 6.5.3","Requirement 4.2.1,Requirement 6.2.4","Control Objective 7.1 - Use of Cryptography,Control Objective 7.4 - Use of Cryptography","Control Objective 7.1 - Use of Cryptography,Control Objective 7.4 - Use of Cryptography,Control Objective B.2.3 - Terminal Software Design","Control Objective 7.1 - Use of Cryptography,Control Objective 7.4 - Use of Cryptography,Control Objective B.2.3 - Terminal Software Design",,"APSC-DV-002010 CAT II,APSC-DV-002020 CAT II,APSC-DV-002030 CAT II","APSC-DV-002010 CAT II,APSC-DV-002020 CAT II,APSC-DV-002030 CAT II","APSC-DV-002010 CAT II,APSC-DV-002020 CAT II,APSC-DV-002030 CAT II",
2026_SSE_mavit,1.0,Denial of Service: Regular Expression,tcpdf.php,17820,jobs/40df99ae-e5ad-41dc-a710-6bacd5341271/work/Src/Hospital-Management-System/TCPDF/tcpdf.php,Low,Security Auditor View,Low,false,,,,,false,false,UPDATED,Tue May 26 16:32:50 CEST 2026,,false,false,false,SCA,STATIC,Data Flow,722B99A6-62C4-4C0F-ACDB-64B2AFC4ACFC,025CF55CDC87CB4B0C6B93A3007F8991,2.0,1.0,4.0,5.0,Input Validation and Representation,Denial of Service: Regular Expression,"CWE ID 185,CWE ID 730",,,CCI-001094,,,,,SC-5 Denial of Service Protection (P1),SC-5 Denial of Service Protection,,MASVS-CODE-4,,,,,Requirement 6.5.6,Requirement 6.2.4,Control Objective 4.2 - Critical Asset Protection,"Control Objective 4.2 - Critical Asset Protection,Control Objective B.3.1 - Terminal Software Attack Mitigation,Control Objective B.3.1.1 - Terminal Software Attack Mitigation","Control Objective 4.2 - Critical Asset Protection,Control Objective B.3.1 - Terminal Software Attack Mitigation,Control Objective B.3.1.1 - Terminal Software Attack Mitigation,Control Objective C.3.2 - Web Software Attack Mitigation",,APSC-DV-002400 CAT II,APSC-DV-002400 CAT II,APSC-DV-002400 CAT II,Denial of Service (WASC-10)
2026_SSE_mavit,1.0,Denial of Service: Regular Expression,tcpdf.php,17820,jobs/40df99ae-e5ad-41dc-a710-6bacd5341271/work/Src/Hospital-Management-System/TCPDF/tcpdf.php,Low,Security Auditor View,Low,false,,,,,false,false,UPDATED,Tue May 26 16:32:50 CEST 2026,,false,false,false,SCA,STATIC,Data Flow,722B99A6-62C4-4C0F-ACDB-64B2AFC4ACFC,FB558B6F0C0E7272839311BEAF99A9D0,2.0,1.0,4.0,5.0,Input Validation and Representation,Denial of Service: Regular Expression,"CWE ID 185,CWE ID 730",,,CCI-001094,,,,,SC-5 Denial of Service Protection (P1),SC-5 Denial of Service Protection,,MASVS-CODE-4,,,,,Requirement 6.5.6,Requirement 6.2.4,Control Objective 4.2 - Critical Asset Protection,"Control Objective 4.2 - Critical Asset Protection,Control Objective B.3.1 - Terminal Software Attack Mitigation,Control Objective B.3.1.1 - Terminal Software Attack Mitigation","Control Objective 4.2 - Critical Asset Protection,Control Objective B.3.1 - Terminal Software Attack Mitigation,Control Objective B.3.1.1 - Terminal Software Attack Mitigation,Control Objective C.3.2 - Web Software Attack Mitigation",,APSC-DV-002400 CAT II,APSC-DV-002400 CAT II,APSC-DV-002400 CAT II,Denial of Service (WASC-10)
2026_SSE_mavit,1.0,Denial of Service: Regular Expression,tcpdf.php,17834,jobs/40df99ae-e5ad-41dc-a710-6bacd5341271/work/Src/Hospital-Management-System/TCPDF/tcpdf.php,Low,Security Auditor View,Low,false,,,,,false,false,UPDATED,Tue May 26 16:32:50 CEST 2026,,false,false,false,SCA,STATIC,Data Flow,722B99A6-62C4-4C0F-ACDB-64B2AFC4ACFC,774558B598E8D80419251C9066064741,2.0,1.0,4.0,5.0,Input Validation and Representation,Denial of Service: Regular Expression,"CWE ID 185,CWE ID 730",,,CCI-001094,,,,,SC-5 Denial of Service Protection (P1),SC-5 Denial of Service Protection,,MASVS-CODE-4,,,,,Requirement 6.5.6,Requirement 6.2.4,Control Objective 4.2 - Critical Asset Protection,"Control Objective 4.2 - Critical Asset Protection,Control Objective B.3.1 - Terminal Software Attack Mitigation,Control Objective B.3.1.1 - Terminal Software Attack Mitigation","Control Objective 4.2 - Critical Asset Protection,Control Objective B.3.1 - Terminal Software Attack Mitigation,Control Objective B.3.1.1 - Terminal Software Attack Mitigation,Control Objective C.3.2 - Web Software Attack Mitigation",,APSC-DV-002400 CAT II,APSC-DV-002400 CAT II,APSC-DV-002400 CAT II,Denial of Service (WASC-10)
2026_SSE_mavit,1.0,Denial of Service: Regular Expression,tcpdf.php,17834,jobs/40df99ae-e5ad-41dc-a710-6bacd5341271/work/Src/Hospital-Management-System/TCPDF/tcpdf.php,Low,Security Auditor View,Low,false,,,,,false,false,UPDATED,Tue May 26 16:32:50 CEST 2026,,false,false,false,SCA,STATIC,Data Flow,722B99A6-62C4-4C0F-ACDB-64B2AFC4ACFC,E90C360B18ECF45A556263CCDC50CDE0,2.0,1.0,4.0,5.0,Input Validation and Representation,Denial of Service: Regular Expression,"CWE ID 185,CWE ID 730",,,CCI-001094,,,,,SC-5 Denial of Service Protection (P1),SC-5 Denial of Service Protection,,MASVS-CODE-4,,,,,Requirement 6.5.6,Requirement 6.2.4,Control Objective 4.2 - Critical Asset Protection,"Control Objective 4.2 - Critical Asset Protection,Control Objective B.3.1 - Terminal Software Attack Mitigation,Control Objective B.3.1.1 - Terminal Software Attack Mitigation","Control Objective 4.2 - Critical Asset Protection,Control Objective B.3.1 - Terminal Software Attack Mitigation,Control Objective B.3.1.1 - Terminal Software Attack Mitigation,Control Objective C.3.2 - Web Software Attack Mitigation",,APSC-DV-002400 CAT II,APSC-DV-002400 CAT II,APSC-DV-002400 CAT II,Denial of Service (WASC-10)
2026_SSE_mavit,1.0,Denial of Service: Regular Expression,tcpdf.php,17847,jobs/40df99ae-e5ad-41dc-a710-6bacd5341271/work/Src/Hospital-Management-System/TCPDF/tcpdf.php,Low,Security Auditor View,Low,false,,,,,false,false,UPDATED,Tue May 26 16:32:50 CEST 2026,,false,false,false,SCA,STATIC,Data Flow,722B99A6-62C4-4C0F-ACDB-64B2AFC4ACFC,455BEF5E901E0377449ADBF0DD93D2C8,2.0,1.0,4.0,5.0,Input Validation and Representation,Denial of Service: Regular Expression,"CWE ID 185,CWE ID 730",,,CCI-001094,,,,,SC-5 Denial of Service Protection (P1),SC-5 Denial of Service Protection,,MASVS-CODE-4,,,,,Requirement 6.5.6,Requirement 6.2.4,Control Objective 4.2 - Critical Asset Protection,"Control Objective 4.2 - Critical Asset Protection,Control Objective B.3.1 - Terminal Software Attack Mitigation,Control Objective B.3.1.1 - Terminal Software Attack Mitigation","Control Objective 4.2 - Critical Asset Protection,Control Objective B.3.1 - Terminal Software Attack Mitigation,Control Objective B.3.1.1 - Terminal Software Attack Mitigation,Control Objective C.3.2 - Web Software Attack Mitigation",,APSC-DV-002400 CAT II,APSC-DV-002400 CAT II,APSC-DV-002400 CAT II,Denial of Service (WASC-10)
2026_SSE_mavit,1.0,Denial of Service: Regular Expression,tcpdf.php,17847,jobs/40df99ae-e5ad-41dc-a710-6bacd5341271/work/Src/Hospital-Management-System/TCPDF/tcpdf.php,Low,Security Auditor View,Low,false,,,,,false,false,UPDATED,Tue May 26 16:32:50 CEST 2026,,false,false,false,SCA,STATIC,Data Flow,722B99A6-62C4-4C0F-ACDB-64B2AFC4ACFC,993B48181742297E97774A59FDB8B823,2.0,1.0,4.0,5.0,Input Validation and Representation,Denial of Service: Regular Expression,"CWE ID 185,CWE ID 730",,,CCI-001094,,,,,SC-5 Denial of Service Protection (P1),SC-5 Denial of Service Protection,,MASVS-CODE-4,,,,,Requirement 6.5.6,Requirement 6.2.4,Control Objective 4.2 - Critical Asset Protection,"Control Objective 4.2 - Critical Asset Protection,Control Objective B.3.1 - Terminal Software Attack Mitigation,Control Objective B.3.1.1 - Terminal Software Attack Mitigation","Control Objective 4.2 - Critical Asset Protection,Control Objective B.3.1 - Terminal Software Attack Mitigation,Control Objective B.3.1.1 - Terminal Software Attack Mitigation,Control Objective C.3.2 - Web Software Attack Mitigation",,APSC-DV-002400 CAT II,APSC-DV-002400 CAT II,APSC-DV-002400 CAT II,Denial of Service (WASC-10)
2026_SSE_mavit,1.0,Denial of Service: Regular Expression,tcpdf.php,17879,jobs/40df99ae-e5ad-41dc-a710-6bacd5341271/work/Src/Hospital-Management-System/TCPDF/tcpdf.php,Low,Security Auditor View,Low,false,,,,,false,false,UPDATED,Tue May 26 16:32:50 CEST 2026,,false,false,false,SCA,STATIC,Data Flow,722B99A6-62C4-4C0F-ACDB-64B2AFC4ACFC,72FFB2EB4B33E1BD5EDCC87A30523881,2.0,1.0,4.0,5.0,Input Validation and Representation,Denial of Service: Regular Expression,"CWE ID 185,CWE ID 730",,,CCI-001094,,,,,SC-5 Denial of Service Protection (P1),SC-5 Denial of Service Protection,,MASVS-CODE-4,,,,,Requirement 6.5.6,Requirement 6.2.4,Control Objective 4.2 - Critical Asset Protection,"Control Objective 4.2 - Critical Asset Protection,Control Objective B.3.1 - Terminal Software Attack Mitigation,Control Objective B.3.1.1 - Terminal Software Attack Mitigation","Control Objective 4.2 - Critical Asset Protection,Control Objective B.3.1 - Terminal Software Attack Mitigation,Control Objective B.3.1.1 - Terminal Software Attack Mitigation,Control Objective C.3.2 - Web Software Attack Mitigation",,APSC-DV-002400 CAT II,APSC-DV-002400 CAT II,APSC-DV-002400 CAT II,Denial of Service (WASC-10)
2026_SSE_mavit,1.0,Denial of Service: Regular Expression,tcpdf.php,17879,jobs/40df99ae-e5ad-41dc-a710-6bacd5341271/work/Src/Hospital-Management-System/TCPDF/tcpdf.php,Low,Security Auditor View,Low,false,,,,,false,false,UPDATED,Tue May 26 16:32:50 CEST 2026,,false,false,false,SCA,STATIC,Data Flow,722B99A6-62C4-4C0F-ACDB-64B2AFC4ACFC,FDC57F224965D91BED91FED0484C1E6B,2.0,1.0,4.0,5.0,Input Validation and Representation,Denial of Service: Regular Expression,"CWE ID 185,CWE ID 730",,,CCI-001094,,,,,SC-5 Denial of Service Protection (P1),SC-5 Denial of Service Protection,,MASVS-CODE-4,,,,,Requirement 6.5.6,Requirement 6.2.4,Control Objective 4.2 - Critical Asset Protection,"Control Objective 4.2 - Critical Asset Protection,Control Objective B.3.1 - Terminal Software Attack Mitigation,Control Objective B.3.1.1 - Terminal Software Attack Mitigation","Control Objective 4.2 - Critical Asset Protection,Control Objective B.3.1 - Terminal Software Attack Mitigation,Control Objective B.3.1.1 - Terminal Software Attack Mitigation,Control Objective C.3.2 - Web Software Attack Mitigation",,APSC-DV-002400 CAT II,APSC-DV-002400 CAT II,APSC-DV-002400 CAT II,Denial of Service (WASC-10)
2026_SSE_mavit,1.0,Denial of Service: Regular Expression,tcpdf.php,17890,jobs/40df99ae-e5ad-41dc-a710-6bacd5341271/work/Src/Hospital-Management-System/TCPDF/tcpdf.php,Low,Security Auditor View,Low,false,,,,,false,false,UPDATED,Tue May 26 16:32:50 CEST 2026,,false,false,false,SCA,STATIC,Data Flow,722B99A6-62C4-4C0F-ACDB-64B2AFC4ACFC,44EE1BD47663B5E9C08AAC32E4B0EEDE,2.0,1.0,4.0,5.0,Input Validation and Representation,Denial of Service: Regular Expression,"CWE ID 185,CWE ID 730",,,CCI-001094,,,,,SC-5 Denial of Service Protection (P1),SC-5 Denial of Service Protection,,MASVS-CODE-4,,,,,Requirement 6.5.6,Requirement 6.2.4,Control Objective 4.2 - Critical Asset Protection,"Control Objective 4.2 - Critical Asset Protection,Control Objective B.3.1 - Terminal Software Attack Mitigation,Control Objective B.3.1.1 - Terminal Software Attack Mitigation","Control Objective 4.2 - Critical Asset Protection,Control Objective B.3.1 - Terminal Software Attack Mitigation,Control Objective B.3.1.1 - Terminal Software Attack Mitigation,Control Objective C.3.2 - Web Software Attack Mitigation",,APSC-DV-002400 CAT II,APSC-DV-002400 CAT II,APSC-DV-002400 CAT II,Denial of Service (WASC-10)
2026_SSE_mavit,1.0,Denial of Service: Regular Expression,tcpdf.php,17890,jobs/40df99ae-e5ad-41dc-a710-6bacd5341271/work/Src/Hospital-Management-System/TCPDF/tcpdf.php,Low,Security Auditor View,Low,false,,,,,false,false,UPDATED,Tue May 26 16:32:50 CEST 2026,,false,false,false,SCA,STATIC,Data Flow,722B99A6-62C4-4C0F-ACDB-64B2AFC4ACFC,8747A0E48C586C060DC8A5A9B888414C,2.0,1.0,4.0,5.0,Input Validation and Representation,Denial of Service: Regular Expression,"CWE ID 185,CWE ID 730",,,CCI-001094,,,,,SC-5 Denial of Service Protection (P1),SC-5 Denial of Service Protection,,MASVS-CODE-4,,,,,Requirement 6.5.6,Requirement 6.2.4,Control Objective 4.2 - Critical Asset Protection,"Control Objective 4.2 - Critical Asset Protection,Control Objective B.3.1 - Terminal Software Attack Mitigation,Control Objective B.3.1.1 - Terminal Software Attack Mitigation","Control Objective 4.2 - Critical Asset Protection,Control Objective B.3.1 - Terminal Software Attack Mitigation,Control Objective B.3.1.1 - Terminal Software Attack Mitigation,Control Objective C.3.2 - Web Software Attack Mitigation",,APSC-DV-002400 CAT II,APSC-DV-002400 CAT II,APSC-DV-002400 CAT II,Denial of Service (WASC-10)
2026_SSE_mavit,1.0,Denial of Service: Regular Expression,tcpdf.php,17896,jobs/40df99ae-e5ad-41dc-a710-6bacd5341271/work/Src/Hospital-Management-System/TCPDF/tcpdf.php,Low,Security Auditor View,Low,false,,,,,false,false,UPDATED,Tue May 26 16:32:50 CEST 2026,,false,false,false,SCA,STATIC,Data Flow,722B99A6-62C4-4C0F-ACDB-64B2AFC4ACFC,A28BBB2CF56DD52F19BAD23ABB2FA0B1,2.0,1.0,4.0,5.0,Input Validation and Representation,Denial of Service: Regular Expression,"CWE ID 185,CWE ID 730",,,CCI-001094,,,,,SC-5 Denial of Service Protection (P1),SC-5 Denial of Service Protection,,MASVS-CODE-4,,,,,Requirement 6.5.6,Requirement 6.2.4,Control Objective 4.2 - Critical Asset Protection,"Control Objective 4.2 - Critical Asset Protection,Control Objective B.3.1 - Terminal Software Attack Mitigation,Control Objective B.3.1.1 - Terminal Software Attack Mitigation","Control Objective 4.2 - Critical Asset Protection,Control Objective B.3.1 - Terminal Software Attack Mitigation,Control Objective B.3.1.1 - Terminal Software Attack Mitigation,Control Objective C.3.2 - Web Software Attack Mitigation",,APSC-DV-002400 CAT II,APSC-DV-002400 CAT II,APSC-DV-002400 CAT II,Denial of Service (WASC-10)
2026_SSE_mavit,1.0,Denial of Service: Regular Expression,tcpdf.php,17896,jobs/40df99ae-e5ad-41dc-a710-6bacd5341271/work/Src/Hospital-Management-System/TCPDF/tcpdf.php,Low,Security Auditor View,Low,false,,,,,false,false,UPDATED,Tue May 26 16:32:50 CEST 2026,,false,false,false,SCA,STATIC,Data Flow,722B99A6-62C4-4C0F-ACDB-64B2AFC4ACFC,FF36E63C4057596515405F642545FB4F,2.0,1.0,4.0,5.0,Input Validation and Representation,Denial of Service: Regular Expression,"CWE ID 185,CWE ID 730",,,CCI-001094,,,,,SC-5 Denial of Service Protection (P1),SC-5 Denial of Service Protection,,MASVS-CODE-4,,,,,Requirement 6.5.6,Requirement 6.2.4,Control Objective 4.2 - Critical Asset Protection,"Control Objective 4.2 - Critical Asset Protection,Control Objective B.3.1 - Terminal Software Attack Mitigation,Control Objective B.3.1.1 - Terminal Software Attack Mitigation","Control Objective 4.2 - Critical Asset Protection,Control Objective B.3.1 - Terminal Software Attack Mitigation,Control Objective B.3.1.1 - Terminal Software Attack Mitigation,Control Objective C.3.2 - Web Software Attack Mitigation",,APSC-DV-002400 CAT II,APSC-DV-002400 CAT II,APSC-DV-002400 CAT II,Denial of Service (WASC-10)
2026_SSE_mavit,1.0,Denial of Service: Regular Expression,tcpdf.php,18385,jobs/40df99ae-e5ad-41dc-a710-6bacd5341271/work/Src/Hospital-Management-System/TCPDF/tcpdf.php,Low,Security Auditor View,Low,false,,,,,false,false,UPDATED,Tue May 26 16:32:50 CEST 2026,,false,false,false,SCA,STATIC,Data Flow,722B99A6-62C4-4C0F-ACDB-64B2AFC4ACFC,472E1B44EB8C22C079637BA32E627F22,2.0,1.0,4.0,5.0,Input Validation and Representation,Denial of Service: Regular Expression,"CWE ID 185,CWE ID 730",,,CCI-001094,,,,,SC-5 Denial of Service Protection (P1),SC-5 Denial of Service Protection,,MASVS-CODE-4,,,,,Requirement 6.5.6,Requirement 6.2.4,Control Objective 4.2 - Critical Asset Protection,"Control Objective 4.2 - Critical Asset Protection,Control Objective B.3.1 - Terminal Software Attack Mitigation,Control Objective B.3.1.1 - Terminal Software Attack Mitigation","Control Objective 4.2 - Critical Asset Protection,Control Objective B.3.1 - Terminal Software Attack Mitigation,Control Objective B.3.1.1 - Terminal Software Attack Mitigation,Control Objective C.3.2 - Web Software Attack Mitigation",,APSC-DV-002400 CAT II,APSC-DV-002400 CAT II,APSC-DV-002400 CAT II,Denial of Service (WASC-10)
2026_SSE_mavit,1.0,Denial of Service: Regular Expression,tcpdf.php,18385,jobs/40df99ae-e5ad-41dc-a710-6bacd5341271/work/Src/Hospital-Management-System/TCPDF/tcpdf.php,Low,Security Auditor View,Low,false,,,,,false,false,UPDATED,Tue May 26 16:32:50 CEST 2026,,false,false,false,SCA,STATIC,Data Flow,722B99A6-62C4-4C0F-ACDB-64B2AFC4ACFC,9E5125BFEBA105E6A44E1A550C41D5F3,2.0,1.0,4.0,5.0,Input Validation and Representation,Denial of Service: Regular Expression,"CWE ID 185,CWE ID 730",,,CCI-001094,,,,,SC-5 Denial of Service Protection (P1),SC-5 Denial of Service Protection,,MASVS-CODE-4,,,,,Requirement 6.5.6,Requirement 6.2.4,Control Objective 4.2 - Critical Asset Protection,"Control Objective 4.2 - Critical Asset Protection,Control Objective B.3.1 - Terminal Software Attack Mitigation,Control Objective B.3.1.1 - Terminal Software Attack Mitigation","Control Objective 4.2 - Critical Asset Protection,Control Objective B.3.1 - Terminal Software Attack Mitigation,Control Objective B.3.1.1 - Terminal Software Attack Mitigation,Control Objective C.3.2 - Web Software Attack Mitigation",,APSC-DV-002400 CAT II,APSC-DV-002400 CAT II,APSC-DV-002400 CAT II,Denial of Service (WASC-10)
2026_SSE_mavit,1.0,Denial of Service: Regular Expression,tcpdf.php,18388,jobs/40df99ae-e5ad-41dc-a710-6bacd5341271/work/Src/Hospital-Management-System/TCPDF/tcpdf.php,Low,Security Auditor View,Low,false,,,,,false,false,UPDATED,Tue May 26 16:32:50 CEST 2026,,false,false,false,SCA,STATIC,Data Flow,722B99A6-62C4-4C0F-ACDB-64B2AFC4ACFC,379105D4B36D47C268F228D95A53AB4F,2.0,1.0,4.0,5.0,Input Validation and Representation,Denial of Service: Regular Expression,"CWE ID 185,CWE ID 730",,,CCI-001094,,,,,SC-5 Denial of Service Protection (P1),SC-5 Denial of Service Protection,,MASVS-CODE-4,,,,,Requirement 6.5.6,Requirement 6.2.4,Control Objective 4.2 - Critical Asset Protection,"Control Objective 4.2 - Critical Asset Protection,Control Objective B.3.1 - Terminal Software Attack Mitigation,Control Objective B.3.1.1 - Terminal Software Attack Mitigation","Control Objective 4.2 - Critical Asset Protection,Control Objective B.3.1 - Terminal Software Attack Mitigation,Control Objective B.3.1.1 - Terminal Software Attack Mitigation,Control Objective C.3.2 - Web Software Attack Mitigation",,APSC-DV-002400 CAT II,APSC-DV-002400 CAT II,APSC-DV-002400 CAT II,Denial of Service (WASC-10)
2026_SSE_mavit,1.0,Denial of Service: Regular Expression,tcpdf.php,18388,jobs/40df99ae-e5ad-41dc-a710-6bacd5341271/work/Src/Hospital-Management-System/TCPDF/tcpdf.php,Low,Security Auditor View,Low,false,,,,,false,false,UPDATED,Tue May 26 16:32:50 CEST 2026,,false,false,false,SCA,STATIC,Data Flow,722B99A6-62C4-4C0F-ACDB-64B2AFC4ACFC,6737C55CA241749807088AB0827EC0BE,2.0,1.0,4.0,5.0,Input Validation and Representation,Denial of Service: Regular Expression,"CWE ID 185,CWE ID 730",,,CCI-001094,,,,,SC-5 Denial of Service Protection (P1),SC-5 Denial of Service Protection,,MASVS-CODE-4,,,,,Requirement 6.5.6,Requirement 6.2.4,Control Objective 4.2 - Critical Asset Protection,"Control Objective 4.2 - Critical Asset Protection,Control Objective B.3.1 - Terminal Software Attack Mitigation,Control Objective B.3.1.1 - Terminal Software Attack Mitigation","Control Objective 4.2 - Critical Asset Protection,Control Objective B.3.1 - Terminal Software Attack Mitigation,Control Objective B.3.1.1 - Terminal Software Attack Mitigation,Control Objective C.3.2 - Web Software Attack Mitigation",,APSC-DV-002400 CAT II,APSC-DV-002400 CAT II,APSC-DV-002400 CAT II,Denial of Service (WASC-10)
2026_SSE_mavit,1.0,Denial of Service: Regular Expression,tcpdf.php,18413,jobs/40df99ae-e5ad-41dc-a710-6bacd5341271/work/Src/Hospital-Management-System/TCPDF/tcpdf.php,Low,Security Auditor View,Low,false,,,,,false,false,UPDATED,Tue May 26 16:32:50 CEST 2026,,false,false,false,SCA,STATIC,Data Flow,722B99A6-62C4-4C0F-ACDB-64B2AFC4ACFC,894038B1CA0F3D9854740277D3B3358B,2.0,1.0,4.0,5.0,Input Validation and Representation,Denial of Service: Regular Expression,"CWE ID 185,CWE ID 730",,,CCI-001094,,,,,SC-5 Denial of Service Protection (P1),SC-5 Denial of Service Protection,,MASVS-CODE-4,,,,,Requirement 6.5.6,Requirement 6.2.4,Control Objective 4.2 - Critical Asset Protection,"Control Objective 4.2 - Critical Asset Protection,Control Objective B.3.1 - Terminal Software Attack Mitigation,Control Objective B.3.1.1 - Terminal Software Attack Mitigation","Control Objective 4.2 - Critical Asset Protection,Control Objective B.3.1 - Terminal Software Attack Mitigation,Control Objective B.3.1.1 - Terminal Software Attack Mitigation,Control Objective C.3.2 - Web Software Attack Mitigation",,APSC-DV-002400 CAT II,APSC-DV-002400 CAT II,APSC-DV-002400 CAT II,Denial of Service (WASC-10)
2026_SSE_mavit,1.0,Denial of Service: Regular Expression,tcpdf.php,18413,jobs/40df99ae-e5ad-41dc-a710-6bacd5341271/work/Src/Hospital-Management-System/TCPDF/tcpdf.php,Low,Security Auditor View,Low,false,,,,,false,false,UPDATED,Tue May 26 16:32:50 CEST 2026,,false,false,false,SCA,STATIC,Data Flow,722B99A6-62C4-4C0F-ACDB-64B2AFC4ACFC,D35A24E67210063DBEF943FBEB6E8B7D,2.0,1.0,4.0,5.0,Input Validation and Representation,Denial of Service: Regular Expression,"CWE ID 185,CWE ID 730",,,CCI-001094,,,,,SC-5 Denial of Service Protection (P1),SC-5 Denial of Service Protection,,MASVS-CODE-4,,,,,Requirement 6.5.6,Requirement 6.2.4,Control Objective 4.2 - Critical Asset Protection,"Control Objective 4.2 - Critical Asset Protection,Control Objective B.3.1 - Terminal Software Attack Mitigation,Control Objective B.3.1.1 - Terminal Software Attack Mitigation","Control Objective 4.2 - Critical Asset Protection,Control Objective B.3.1 - Terminal Software Attack Mitigation,Control Objective B.3.1.1 - Terminal Software Attack Mitigation,Control Objective C.3.2 - Web Software Attack Mitigation",,APSC-DV-002400 CAT II,APSC-DV-002400 CAT II,APSC-DV-002400 CAT II,Denial of Service (WASC-10)
2026_SSE_mavit,1.0,Weak Cryptographic Hash,tcpdf_barcodes_1d.php,101,jobs/40df99ae-e5ad-41dc-a710-6bacd5341271/work/Src/Hospital-Management-System/TCPDF/tcpdf_barcodes_1d.php,Low,Security Auditor View,Low,false,,,,,false,false,UPDATED,Tue May 26 16:32:50 CEST 2026,,false,false,false,SCA,STATIC,Semantic,3E15CC2F-6FD3-405F-BEF8-2F0E7B30945A,8A50F2294199C1CF953A0A03769A2600,2.0,2.1,3.0,5.0,Security Features,Weak Cryptographic Hash,CWE ID 328,,,CCI-002450,MP,Insufficient Data Protection,,,SC-13 Cryptographic Protection (P1),SC-13 Cryptographic Protection,"2.4.1 Credential Storage Requirements (L2 L3),2.4.2 Credential Storage Requirements (L2 L3),2.4.5 Credential Storage Requirements (L2 L3),2.6.3 Look-up Secret Verifier Requirements (L2 L3),2.8.3 Single or Multi Factor One Time Verifier Requirements (L2 L3),2.9.3 Cryptographic Software and Devices Verifier Requirements (L2 L3),6.2.1 Algorithms (L1 L2 L3),6.2.2 Algorithms (L2 L3),6.2.3 Algorithms (L2 L3),6.2.4 Algorithms (L2 L3),6.2.5 Algorithms (L2 L3),6.2.6 Algorithms (L2 L3),6.2.7 Algorithms (L3),8.3.7 Sensitive Private Data (L2 L3),9.1.2 Communications Security Requirements (L1 L2 L3),9.1.3 Communications Security Requirements (L1 L2 L3)",MASVS-CRYPTO-1,M6 Broken Cryptography,A6 Sensitive Data Exposure,A3 Sensitive Data Exposure,A02 Cryptographic Failures,"Requirement 4.1,Requirement 6.5.3","Requirement 4.2.1,Requirement 6.2.4","Control Objective 7.1 - Use of Cryptography,Control Objective 7.4 - Use of Cryptography","Control Objective 7.1 - Use of Cryptography,Control Objective 7.4 - Use of Cryptography,Control Objective B.2.3 - Terminal Software Design","Control Objective 7.1 - Use of Cryptography,Control Objective 7.4 - Use of Cryptography,Control Objective B.2.3 - Terminal Software Design",,"APSC-DV-002010 CAT II,APSC-DV-002020 CAT II,APSC-DV-002030 CAT II","APSC-DV-002010 CAT II,APSC-DV-002020 CAT II,APSC-DV-002030 CAT II","APSC-DV-002010 CAT II,APSC-DV-002020 CAT II,APSC-DV-002030 CAT II",
2026_SSE_mavit,1.0,Weak Cryptographic Hash,tcpdf_barcodes_2d.php,95,jobs/40df99ae-e5ad-41dc-a710-6bacd5341271/work/Src/Hospital-Management-System/TCPDF/tcpdf_barcodes_2d.php,Low,Security Auditor View,Low,false,,,,,false,false,UPDATED,Tue May 26 16:32:50 CEST 2026,,false,false,false,SCA,STATIC,Semantic,3E15CC2F-6FD3-405F-BEF8-2F0E7B30945A,23431BB11ED4257B11539A2DD532C818,2.0,2.1,3.0,5.0,Security Features,Weak Cryptographic Hash,CWE ID 328,,,CCI-002450,MP,Insufficient Data Protection,,,SC-13 Cryptographic Protection (P1),SC-13 Cryptographic Protection,"2.4.1 Credential Storage Requirements (L2 L3),2.4.2 Credential Storage Requirements (L2 L3),2.4.5 Credential Storage Requirements (L2 L3),2.6.3 Look-up Secret Verifier Requirements (L2 L3),2.8.3 Single or Multi Factor One Time Verifier Requirements (L2 L3),2.9.3 Cryptographic Software and Devices Verifier Requirements (L2 L3),6.2.1 Algorithms (L1 L2 L3),6.2.2 Algorithms (L2 L3),6.2.3 Algorithms (L2 L3),6.2.4 Algorithms (L2 L3),6.2.5 Algorithms (L2 L3),6.2.6 Algorithms (L2 L3),6.2.7 Algorithms (L3),8.3.7 Sensitive Private Data (L2 L3),9.1.2 Communications Security Requirements (L1 L2 L3),9.1.3 Communications Security Requirements (L1 L2 L3)",MASVS-CRYPTO-1,M6 Broken Cryptography,A6 Sensitive Data Exposure,A3 Sensitive Data Exposure,A02 Cryptographic Failures,"Requirement 4.1,Requirement 6.5.3","Requirement 4.2.1,Requirement 6.2.4","Control Objective 7.1 - Use of Cryptography,Control Objective 7.4 - Use of Cryptography","Control Objective 7.1 - Use of Cryptography,Control Objective 7.4 - Use of Cryptography,Control Objective B.2.3 - Terminal Software Design","Control Objective 7.1 - Use of Cryptography,Control Objective 7.4 - Use of Cryptography,Control Objective B.2.3 - Terminal Software Design",,"APSC-DV-002010 CAT II,APSC-DV-002020 CAT II,APSC-DV-002030 CAT II","APSC-DV-002010 CAT II,APSC-DV-002020 CAT II,APSC-DV-002030 CAT II","APSC-DV-002010 CAT II,APSC-DV-002020 CAT II,APSC-DV-002030 CAT II",
2026_SSE_mavit,1.0,Weak Cryptographic Hash,tcpdf_static.php,296,jobs/40df99ae-e5ad-41dc-a710-6bacd5341271/work/Src/Hospital-Management-System/TCPDF/include/tcpdf_static.php,Low,Security Auditor View,Low,false,,,,,false,false,UPDATED,Tue May 26 16:32:50 CEST 2026,,false,false,false,SCA,STATIC,Semantic,3E15CC2F-6FD3-405F-BEF8-2F0E7B30945A,2CBC2D561543783C4B1730DC0F0FDBDC,2.0,2.1,3.0,5.0,Security Features,Weak Cryptographic Hash,CWE ID 328,,,CCI-002450,MP,Insufficient Data Protection,,,SC-13 Cryptographic Protection (P1),SC-13 Cryptographic Protection,"2.4.1 Credential Storage Requirements (L2 L3),2.4.2 Credential Storage Requirements (L2 L3),2.4.5 Credential Storage Requirements (L2 L3),2.6.3 Look-up Secret Verifier Requirements (L2 L3),2.8.3 Single or Multi Factor One Time Verifier Requirements (L2 L3),2.9.3 Cryptographic Software and Devices Verifier Requirements (L2 L3),6.2.1 Algorithms (L1 L2 L3),6.2.2 Algorithms (L2 L3),6.2.3 Algorithms (L2 L3),6.2.4 Algorithms (L2 L3),6.2.5 Algorithms (L2 L3),6.2.6 Algorithms (L2 L3),6.2.7 Algorithms (L3),8.3.7 Sensitive Private Data (L2 L3),9.1.2 Communications Security Requirements (L1 L2 L3),9.1.3 Communications Security Requirements (L1 L2 L3)",MASVS-CRYPTO-1,M6 Broken Cryptography,A6 Sensitive Data Exposure,A3 Sensitive Data Exposure,A02 Cryptographic Failures,"Requirement 4.1,Requirement 6.5.3","Requirement 4.2.1,Requirement 6.2.4","Control Objective 7.1 - Use of Cryptography,Control Objective 7.4 - Use of Cryptography","Control Objective 7.1 - Use of Cryptography,Control Objective 7.4 - Use of Cryptography,Control Objective B.2.3 - Terminal Software Design","Control Objective 7.1 - Use of Cryptography,Control Objective 7.4 - Use of Cryptography,Control Objective B.2.3 - Terminal Software Design",,"APSC-DV-002010 CAT II,APSC-DV-002020 CAT II,APSC-DV-002030 CAT II","APSC-DV-002010 CAT II,APSC-DV-002020 CAT II,APSC-DV-002030 CAT II","APSC-DV-002010 CAT II,APSC-DV-002020 CAT II,APSC-DV-002030 CAT II",
2026_SSE_mavit,1.0,Insecure Randomness,tcpdf_static.php,408,jobs/40df99ae-e5ad-41dc-a710-6bacd5341271/work/Src/Hospital-Management-System/TCPDF/include/tcpdf_static.php,High,Security Auditor View,High,false,,,,,false,false,UPDATED,Tue May 26 16:32:50 CEST 2026,,false,false,false,SCA,STATIC,Semantic,C01340E7-9E93-4C5C-B866-789891647627,39204A216EC204ACF3E3A46B340800B6,4.0,0.4,2.0,5.0,Security Features,Insecure Randomness,CWE ID 338,,,CCI-002450,MP,Insufficient Data Protection,,,SC-13 Cryptographic Protection (P1),SC-13 Cryptographic Protection,"2.3.1 Authenticator Lifecycle Requirements (L1 L2 L3),2.6.2 Look-up Secret Verifier Requirements (L2 L3),3.2.2 Session Binding Requirements (L1 L2 L3),3.2.4 Session Binding Requirements (L2 L3),6.3.1 Random Values (L2 L3),6.3.2 Random Values (L2 L3),6.3.3 Random Values (L3)",MASVS-CRYPTO-1,M6 Broken Cryptography,,,A02 Cryptographic Failures,Requirement 6.5.3,Requirement 6.2.4,Control Objective 7.3 - Use of Cryptography,"Control Objective 7.3 - Use of Cryptography,Control Objective B.2.4 - Terminal Software Design","Control Objective 7.3 - Use of Cryptography,Control Objective B.2.4 - Terminal Software Design",,"APSC-DV-002010 CAT II,APSC-DV-002050 CAT II","APSC-DV-002010 CAT II,APSC-DV-002050 CAT II","APSC-DV-002010 CAT II,APSC-DV-002050 CAT II",
2026_SSE_mavit,1.0,Weak Cryptographic Hash,tcpdf_static.php,431,jobs/40df99ae-e5ad-41dc-a710-6bacd5341271/work/Src/Hospital-Management-System/TCPDF/include/tcpdf_static.php,Low,Security Auditor View,Low,false,,,,,false,false,UPDATED,Tue May 26 16:32:50 CEST 2026,,false,false,false,SCA,STATIC,Semantic,3E15CC2F-6FD3-405F-BEF8-2F0E7B30945A,5A338FE0C083B7B084F913E1024E569F,2.0,2.1,3.0,5.0,Security Features,Weak Cryptographic Hash,CWE ID 328,,,CCI-002450,MP,Insufficient Data Protection,,,SC-13 Cryptographic Protection (P1),SC-13 Cryptographic Protection,"2.4.1 Credential Storage Requirements (L2 L3),2.4.2 Credential Storage Requirements (L2 L3),2.4.5 Credential Storage Requirements (L2 L3),2.6.3 Look-up Secret Verifier Requirements (L2 L3),2.8.3 Single or Multi Factor One Time Verifier Requirements (L2 L3),2.9.3 Cryptographic Software and Devices Verifier Requirements (L2 L3),6.2.1 Algorithms (L1 L2 L3),6.2.2 Algorithms (L2 L3),6.2.3 Algorithms (L2 L3),6.2.4 Algorithms (L2 L3),6.2.5 Algorithms (L2 L3),6.2.6 Algorithms (L2 L3),6.2.7 Algorithms (L3),8.3.7 Sensitive Private Data (L2 L3),9.1.2 Communications Security Requirements (L1 L2 L3),9.1.3 Communications Security Requirements (L1 L2 L3)",MASVS-CRYPTO-1,M6 Broken Cryptography,A6 Sensitive Data Exposure,A3 Sensitive Data Exposure,A02 Cryptographic Failures,"Requirement 4.1,Requirement 6.5.3","Requirement 4.2.1,Requirement 6.2.4","Control Objective 7.1 - Use of Cryptography,Control Objective 7.4 - Use of Cryptography","Control Objective 7.1 - Use of Cryptography,Control Objective 7.4 - Use of Cryptography,Control Objective B.2.3 - Terminal Software Design","Control Objective 7.1 - Use of Cryptography,Control Objective 7.4 - Use of Cryptography,Control Objective B.2.3 - Terminal Software Design",,"APSC-DV-002010 CAT II,APSC-DV-002020 CAT II,APSC-DV-002030 CAT II","APSC-DV-002010 CAT II,APSC-DV-002020 CAT II,APSC-DV-002030 CAT II","APSC-DV-002010 CAT II,APSC-DV-002020 CAT II,APSC-DV-002030 CAT II",
2026_SSE_mavit,1.0,Password Management: Password in Comment,tcpdf_static.php,445,jobs/40df99ae-e5ad-41dc-a710-6bacd5341271/work/Src/Hospital-Management-System/TCPDF/include/tcpdf_static.php,Low,Security Auditor View,Low,false,,,,,false,false,UPDATED,Tue May 26 16:32:50 CEST 2026,,false,false,false,SCA,STATIC,Structural,EBD3CC88-4CF9-440F-9831-0298A2027911,52D5E353862085ADFEE59E49AE476892,2.0,0.6,2.0,5.0,Security Features,Password Management: Password in Comment,CWE ID 615,,,"CCI-000196,CCI-001199,CCI-002367",IA,Insufficient Data Protection,,,SC-28 Protection of Information at Rest (P1),SC-28 Protection of Information at Rest,,MASVS-STORAGE-1,M2 Insecure Data Storage,A6 Sensitive Data Exposure,A3 Sensitive Data Exposure,A05 Security Misconfiguration,"Requirement 6.3.1,Requirement 6.5.3,Requirement 8.2.1","Requirement 3.2.1,Requirement 6.2.4,Requirement 6.5.3,Requirement 6.5.6","Control Objective 6.1 - Sensitive Data Protection,Control Objective 7 - Use of Cryptography","Control Objective 6.1 - Sensitive Data Protection,Control Objective 7 - Use of Cryptography","Control Objective 6.1 - Sensitive Data Protection,Control Objective 7 - Use of Cryptography",,"APSC-DV-001740 CAT I,APSC-DV-002330 CAT II,APSC-DV-003110 CAT I","APSC-DV-001740 CAT I,APSC-DV-002330 CAT II,APSC-DV-003110 CAT I","APSC-DV-001740 CAT I,APSC-DV-002330 CAT II,APSC-DV-003110 CAT I",Information Leakage (WASC-13)
2026_SSE_mavit,1.0,Weak Encryption,tcpdf_static.php,493,jobs/40df99ae-e5ad-41dc-a710-6bacd5341271/work/Src/Hospital-Management-System/TCPDF/include/tcpdf_static.php,Critical,Security Auditor View,Critical,false,,,,,false,false,UPDATED,Tue May 26 16:32:50 CEST 2026,,false,false,false,SCA,STATIC,Structural,A12330FA-9965-4B04-BAD9-0F74B42780E4,8BB5343DD41761598E41AE8801DB38F0,5.0,5.0,4.0,5.0,Security Features,Weak Encryption,CWE ID 327,,,CCI-002450,MP,Insufficient Data Protection,,,SC-13 Cryptographic Protection (P1),SC-13 Cryptographic Protection,"1.6.2 Cryptographic Architectural Requirements (L2 L3),2.6.3 Look-up Secret Verifier Requirements (L2 L3),2.8.2 Single or Multi Factor One Time Verifier Requirements (L2 L3),2.8.3 Single or Multi Factor One Time Verifier Requirements (L2 L3),2.9.1 Cryptographic Software and Devices Verifier Requirements (L2 L3),2.9.3 Cryptographic Software and Devices Verifier Requirements (L2 L3),6.2.1 Algorithms (L1 L2 L3),6.2.2 Algorithms (L2 L3),6.2.3 Algorithms (L2 L3),6.2.4 Algorithms (L2 L3),6.2.5 Algorithms (L2 L3),6.2.6 Algorithms (L2 L3),6.4.2 Secret Management (L2 L3),8.3.7 Sensitive Private Data (L2 L3),9.1.2 Communications Security Requirements (L1 L2 L3),9.1.3 Communications Security Requirements (L1 L2 L3)",MASVS-CRYPTO-1,M6 Broken Cryptography,A6 Sensitive Data Exposure,A3 Sensitive Data Exposure,A02 Cryptographic Failures,Requirement 6.5.3,Requirement 6.2.4,Control Objective 7.1 - Use of Cryptography,"Control Objective 7.1 - Use of Cryptography,Control Objective B.2.3 - Terminal Software Design","Control Objective 7.1 - Use of Cryptography,Control Objective B.2.3 - Terminal Software Design",Porous Defenses - CWE ID 327,"APSC-DV-002010 CAT II,APSC-DV-002040 CAT II","APSC-DV-002010 CAT II,APSC-DV-002040 CAT II","APSC-DV-002010 CAT II,APSC-DV-002040 CAT II",
2026_SSE_mavit,1.0,Password Management: Password in Comment,tcpdf_static.php,859,jobs/40df99ae-e5ad-41dc-a710-6bacd5341271/work/Src/Hospital-Management-System/TCPDF/include/tcpdf_static.php,Low,Security Auditor View,Low,false,,,,,false,false,UPDATED,Tue May 26 16:32:50 CEST 2026,,false,false,false,SCA,STATIC,Structural,EBD3CC88-4CF9-440F-9831-0298A2027911,FDF0A437EFB819A03DDADF24C4901547,2.0,0.6,2.0,5.0,Security Features,Password Management: Password in Comment,CWE ID 615,,,"CCI-000196,CCI-001199,CCI-002367",IA,Insufficient Data Protection,,,SC-28 Protection of Information at Rest (P1),SC-28 Protection of Information at Rest,,MASVS-STORAGE-1,M2 Insecure Data Storage,A6 Sensitive Data Exposure,A3 Sensitive Data Exposure,A05 Security Misconfiguration,"Requirement 6.3.1,Requirement 6.5.3,Requirement 8.2.1","Requirement 3.2.1,Requirement 6.2.4,Requirement 6.5.3,Requirement 6.5.6","Control Objective 6.1 - Sensitive Data Protection,Control Objective 7 - Use of Cryptography","Control Objective 6.1 - Sensitive Data Protection,Control Objective 7 - Use of Cryptography","Control Objective 6.1 - Sensitive Data Protection,Control Objective 7 - Use of Cryptography",,"APSC-DV-001740 CAT I,APSC-DV-002330 CAT II,APSC-DV-003110 CAT I","APSC-DV-001740 CAT I,APSC-DV-002330 CAT II,APSC-DV-003110 CAT I","APSC-DV-001740 CAT I,APSC-DV-002330 CAT II,APSC-DV-003110 CAT I",Information Leakage (WASC-13)
2026_SSE_mavit,1.0,Password Management: Password in Comment,tcpdf_static.php,903,jobs/40df99ae-e5ad-41dc-a710-6bacd5341271/work/Src/Hospital-Management-System/TCPDF/include/tcpdf_static.php,Low,Security Auditor View,Low,false,,,,,false,false,UPDATED,Tue May 26 16:32:50 CEST 2026,,false,false,false,SCA,STATIC,Structural,EBD3CC88-4CF9-440F-9831-0298A2027911,639BB370749F5672089131BF655F194A,2.0,0.6,2.0,5.0,Security Features,Password Management: Password in Comment,CWE ID 615,,,"CCI-000196,CCI-001199,CCI-002367",IA,Insufficient Data Protection,,,SC-28 Protection of Information at Rest (P1),SC-28 Protection of Information at Rest,,MASVS-STORAGE-1,M2 Insecure Data Storage,A6 Sensitive Data Exposure,A3 Sensitive Data Exposure,A05 Security Misconfiguration,"Requirement 6.3.1,Requirement 6.5.3,Requirement 8.2.1","Requirement 3.2.1,Requirement 6.2.4,Requirement 6.5.3,Requirement 6.5.6","Control Objective 6.1 - Sensitive Data Protection,Control Objective 7 - Use of Cryptography","Control Objective 6.1 - Sensitive Data Protection,Control Objective 7 - Use of Cryptography","Control Objective 6.1 - Sensitive Data Protection,Control Objective 7 - Use of Cryptography",,"APSC-DV-001740 CAT I,APSC-DV-002330 CAT II,APSC-DV-003110 CAT I","APSC-DV-001740 CAT I,APSC-DV-002330 CAT II,APSC-DV-003110 CAT I","APSC-DV-001740 CAT I,APSC-DV-002330 CAT II,APSC-DV-003110 CAT I",Information Leakage (WASC-13)
2026_SSE_mavit,1.0,Denial of Service: Regular Expression,tcpdf_static.php,1422,jobs/40df99ae-e5ad-41dc-a710-6bacd5341271/work/Src/Hospital-Management-System/TCPDF/include/tcpdf_static.php,Medium,Security Auditor View,Medium,false,,,,,false,false,UPDATED,Tue May 26 16:32:50 CEST 2026,,false,false,false,SCA,STATIC,Data Flow,722B99A6-62C4-4C0F-ACDB-64B2AFC4ACFC,411C49BA01D0B9EC11AD95B539698FB7,2.0,3.0,4.0,5.0,Input Validation and Representation,Denial of Service: Regular Expression,"CWE ID 185,CWE ID 730",,,CCI-001094,,,,,SC-5 Denial of Service Protection (P1),SC-5 Denial of Service Protection,,MASVS-CODE-4,,,,,Requirement 6.5.6,Requirement 6.2.4,Control Objective 4.2 - Critical Asset Protection,"Control Objective 4.2 - Critical Asset Protection,Control Objective B.3.1 - Terminal Software Attack Mitigation,Control Objective B.3.1.1 - Terminal Software Attack Mitigation","Control Objective 4.2 - Critical Asset Protection,Control Objective B.3.1 - Terminal Software Attack Mitigation,Control Objective B.3.1.1 - Terminal Software Attack Mitigation,Control Objective C.3.2 - Web Software Attack Mitigation",,APSC-DV-002400 CAT II,APSC-DV-002400 CAT II,APSC-DV-002400 CAT II,Denial of Service (WASC-10)
2026_SSE_mavit,1.0,Denial of Service: Regular Expression,tcpdf_static.php,1793,jobs/40df99ae-e5ad-41dc-a710-6bacd5341271/work/Src/Hospital-Management-System/TCPDF/include/tcpdf_static.php,Low,Security Auditor View,Low,false,,,,,false,false,UPDATED,Tue May 26 16:32:50 CEST 2026,,false,false,false,SCA,STATIC,Data Flow,722B99A6-62C4-4C0F-ACDB-64B2AFC4ACFC,2BCEC96D1749E3E31E92803A9BF3D8D6,2.0,1.0,4.0,5.0,Input Validation and Representation,Denial of Service: Regular Expression,"CWE ID 185,CWE ID 730",,,CCI-001094,,,,,SC-5 Denial of Service Protection (P1),SC-5 Denial of Service Protection,,MASVS-CODE-4,,,,,Requirement 6.5.6,Requirement 6.2.4,Control Objective 4.2 - Critical Asset Protection,"Control Objective 4.2 - Critical Asset Protection,Control Objective B.3.1 - Terminal Software Attack Mitigation,Control Objective B.3.1.1 - Terminal Software Attack Mitigation","Control Objective 4.2 - Critical Asset Protection,Control Objective B.3.1 - Terminal Software Attack Mitigation,Control Objective B.3.1.1 - Terminal Software Attack Mitigation,Control Objective C.3.2 - Web Software Attack Mitigation",,APSC-DV-002400 CAT II,APSC-DV-002400 CAT II,APSC-DV-002400 CAT II,Denial of Service (WASC-10)
2026_SSE_mavit,1.0,Denial of Service: Regular Expression,tcpdf_static.php,1793,jobs/40df99ae-e5ad-41dc-a710-6bacd5341271/work/Src/Hospital-Management-System/TCPDF/include/tcpdf_static.php,Low,Security Auditor View,Low,false,,,,,false,false,UPDATED,Tue May 26 16:32:50 CEST 2026,,false,false,false,SCA,STATIC,Data Flow,722B99A6-62C4-4C0F-ACDB-64B2AFC4ACFC,4D7FC5083CBA0BBD39A5495F1A404622,2.0,1.0,4.0,5.0,Input Validation and Representation,Denial of Service: Regular Expression,"CWE ID 185,CWE ID 730",,,CCI-001094,,,,,SC-5 Denial of Service Protection (P1),SC-5 Denial of Service Protection,,MASVS-CODE-4,,,,,Requirement 6.5.6,Requirement 6.2.4,Control Objective 4.2 - Critical Asset Protection,"Control Objective 4.2 - Critical Asset Protection,Control Objective B.3.1 - Terminal Software Attack Mitigation,Control Objective B.3.1.1 - Terminal Software Attack Mitigation","Control Objective 4.2 - Critical Asset Protection,Control Objective B.3.1 - Terminal Software Attack Mitigation,Control Objective B.3.1.1 - Terminal Software Attack Mitigation,Control Objective C.3.2 - Web Software Attack Mitigation",,APSC-DV-002400 CAT II,APSC-DV-002400 CAT II,APSC-DV-002400 CAT II,Denial of Service (WASC-10)
2026_SSE_mavit,1.0,Denial of Service: Regular Expression,tcpdf_static.php,1798,jobs/40df99ae-e5ad-41dc-a710-6bacd5341271/work/Src/Hospital-Management-System/TCPDF/include/tcpdf_static.php,Low,Security Auditor View,Low,false,,,,,false,false,UPDATED,Tue May 26 16:32:50 CEST 2026,,false,false,false,SCA,STATIC,Data Flow,722B99A6-62C4-4C0F-ACDB-64B2AFC4ACFC,C9A3019BBEA716F7061AAE856333D344,2.0,1.0,4.0,5.0,Input Validation and Representation,Denial of Service: Regular Expression,"CWE ID 185,CWE ID 730",,,CCI-001094,,,,,SC-5 Denial of Service Protection (P1),SC-5 Denial of Service Protection,,MASVS-CODE-4,,,,,Requirement 6.5.6,Requirement 6.2.4,Control Objective 4.2 - Critical Asset Protection,"Control Objective 4.2 - Critical Asset Protection,Control Objective B.3.1 - Terminal Software Attack Mitigation,Control Objective B.3.1.1 - Terminal Software Attack Mitigation","Control Objective 4.2 - Critical Asset Protection,Control Objective B.3.1 - Terminal Software Attack Mitigation,Control Objective B.3.1.1 - Terminal Software Attack Mitigation,Control Objective C.3.2 - Web Software Attack Mitigation",,APSC-DV-002400 CAT II,APSC-DV-002400 CAT II,APSC-DV-002400 CAT II,Denial of Service (WASC-10)
2026_SSE_mavit,1.0,Denial of Service: Regular Expression,tcpdf_static.php,1798,jobs/40df99ae-e5ad-41dc-a710-6bacd5341271/work/Src/Hospital-Management-System/TCPDF/include/tcpdf_static.php,Low,Security Auditor View,Low,false,,,,,false,false,UPDATED,Tue May 26 16:32:50 CEST 2026,,false,false,false,SCA,STATIC,Data Flow,722B99A6-62C4-4C0F-ACDB-64B2AFC4ACFC,FCFB2668F3A239B5C81EE9DE2C1142C1,2.0,1.0,4.0,5.0,Input Validation and Representation,Denial of Service: Regular Expression,"CWE ID 185,CWE ID 730",,,CCI-001094,,,,,SC-5 Denial of Service Protection (P1),SC-5 Denial of Service Protection,,MASVS-CODE-4,,,,,Requirement 6.5.6,Requirement 6.2.4,Control Objective 4.2 - Critical Asset Protection,"Control Objective 4.2 - Critical Asset Protection,Control Objective B.3.1 - Terminal Software Attack Mitigation,Control Objective B.3.1.1 - Terminal Software Attack Mitigation","Control Objective 4.2 - Critical Asset Protection,Control Objective B.3.1 - Terminal Software Attack Mitigation,Control Objective B.3.1.1 - Terminal Software Attack Mitigation,Control Objective C.3.2 - Web Software Attack Mitigation",,APSC-DV-002400 CAT II,APSC-DV-002400 CAT II,APSC-DV-002400 CAT II,Denial of Service (WASC-10)
2026_SSE_mavit,1.0,Denial of Service: Regular Expression,tcpdf_static.php,1803,jobs/40df99ae-e5ad-41dc-a710-6bacd5341271/work/Src/Hospital-Management-System/TCPDF/include/tcpdf_static.php,Low,Security Auditor View,Low,false,,,,,false,false,UPDATED,Tue May 26 16:32:50 CEST 2026,,false,false,false,SCA,STATIC,Data Flow,722B99A6-62C4-4C0F-ACDB-64B2AFC4ACFC,2BCEC96D1749E3E31E92803A9BF3D8D7,2.0,1.0,4.0,5.0,Input Validation and Representation,Denial of Service: Regular Expression,"CWE ID 185,CWE ID 730",,,CCI-001094,,,,,SC-5 Denial of Service Protection (P1),SC-5 Denial of Service Protection,,MASVS-CODE-4,,,,,Requirement 6.5.6,Requirement 6.2.4,Control Objective 4.2 - Critical Asset Protection,"Control Objective 4.2 - Critical Asset Protection,Control Objective B.3.1 - Terminal Software Attack Mitigation,Control Objective B.3.1.1 - Terminal Software Attack Mitigation","Control Objective 4.2 - Critical Asset Protection,Control Objective B.3.1 - Terminal Software Attack Mitigation,Control Objective B.3.1.1 - Terminal Software Attack Mitigation,Control Objective C.3.2 - Web Software Attack Mitigation",,APSC-DV-002400 CAT II,APSC-DV-002400 CAT II,APSC-DV-002400 CAT II,Denial of Service (WASC-10)
2026_SSE_mavit,1.0,Denial of Service: Regular Expression,tcpdf_static.php,1803,jobs/40df99ae-e5ad-41dc-a710-6bacd5341271/work/Src/Hospital-Management-System/TCPDF/include/tcpdf_static.php,Low,Security Auditor View,Low,false,,,,,false,false,UPDATED,Tue May 26 16:32:50 CEST 2026,,false,false,false,SCA,STATIC,Data Flow,722B99A6-62C4-4C0F-ACDB-64B2AFC4ACFC,4D7FC5083CBA0BBD39A5495F1A404623,2.0,1.0,4.0,5.0,Input Validation and Representation,Denial of Service: Regular Expression,"CWE ID 185,CWE ID 730",,,CCI-001094,,,,,SC-5 Denial of Service Protection (P1),SC-5 Denial of Service Protection,,MASVS-CODE-4,,,,,Requirement 6.5.6,Requirement 6.2.4,Control Objective 4.2 - Critical Asset Protection,"Control Objective 4.2 - Critical Asset Protection,Control Objective B.3.1 - Terminal Software Attack Mitigation,Control Objective B.3.1.1 - Terminal Software Attack Mitigation","Control Objective 4.2 - Critical Asset Protection,Control Objective B.3.1 - Terminal Software Attack Mitigation,Control Objective B.3.1.1 - Terminal Software Attack Mitigation,Control Objective C.3.2 - Web Software Attack Mitigation",,APSC-DV-002400 CAT II,APSC-DV-002400 CAT II,APSC-DV-002400 CAT II,Denial of Service (WASC-10)
2026_SSE_mavit,1.0,Path Manipulation,tcpdf_static.php,1953,jobs/40df99ae-e5ad-41dc-a710-6bacd5341271/work/Src/Hospital-Management-System/TCPDF/include/tcpdf_static.php,Critical,Security Auditor View,Critical,false,,,,,false,false,UPDATED,Tue May 26 16:32:50 CEST 2026,,false,false,false,SCA,STATIC,Data Flow,39C8F541-9D6D-4BFC-ADD4-9C6A0D457548,BFC7C0A2667432147D8B943CBFE65459,3.0,3.2,3.0,5.0,Input Validation and Representation,Path Manipulation,"CWE ID 22,CWE ID 73",[8] CWE ID 022,[8] CWE ID 022,CCI-002754,SI,Access Violation,Rule 1.3,Rule 0-3-1,SI-10 Information Input Validation (P1),SI-10 Information Input Validation,"5.2.2 Sanitization and Sandboxing Requirements (L1 L2 L3),12.3.1 File Execution Requirements (L1 L2 L3),12.3.2 File Execution Requirements (L1 L2 L3)","MASVS-PLATFORM-1,MASVS-CODE-4",M8 Security Decisions Via Untrusted Inputs,A4 Insecure Direct Object References,A5 Broken Access Control,A01 Broken Access Control,Requirement 6.5.8,Requirement 6.2.4,"Control Objective 4.2 - Critical Asset Protection,Control Objective 5.4 - Authentication and Access Control","Control Objective 4.2 - Critical Asset Protection,Control Objective 5.4 - Authentication and Access Control,Control Objective B.3.1 - Terminal Software Attack Mitigation,Control Objective B.3.1.1 - Terminal Software Attack Mitigation","Control Objective 4.2 - Critical Asset Protection,Control Objective 5.4 - Authentication and Access Control,Control Objective B.3.1 - Terminal Software Attack Mitigation,Control Objective B.3.1.1 - Terminal Software Attack Mitigation,Control Objective C.2.3 - Web Software Access Controls,Control Objective C.3.2 - Web Software Attack Mitigation",Risky Resource Management - CWE ID 022,APSC-DV-002560 CAT I,APSC-DV-002560 CAT I,APSC-DV-002560 CAT I,Path Traversal (WASC-33)
2026_SSE_mavit,1.0,Open Redirect,tmpFrameset.html,19,jobs/40df99ae-e5ad-41dc-a710-6bacd5341271/work/Src/Hospital-Management-System/vendor/ckeditor/plugins/wsc/dialogs/tmpFrameset.html,Critical,Security Auditor View,Critical,false,,,,,false,false,UPDATED,Tue May 26 16:32:50 CEST 2026,,false,false,false,SCA,STATIC,Data Flow,C71A9777-B31F-4A80-ADED-0868DAE5CF760,2672589D9111B1EBA797A832859B5872,4.0,2.8,4.0,5.0,Input Validation and Representation,Open Redirect,CWE ID 601,,,CCI-002754,SI,Indirect Access to Sensitive Data,,,SI-10 Information Input Validation (P1),SI-10 Information Input Validation,5.1.5 Input Validation Requirements (L1 L2 L3),,M1 Weak Server Side Controls,A10 Unvalidated Redirects and Forwards,,A01 Broken Access Control,Requirement 6.5.1,Requirement 6.2.4,Control Objective 4.2 - Critical Asset Protection,"Control Objective 4.2 - Critical Asset Protection,Control Objective B.3.1 - Terminal Software Attack Mitigation,Control Objective B.3.1.1 - Terminal Software Attack Mitigation","Control Objective 4.2 - Critical Asset Protection,Control Objective B.3.1 - Terminal Software Attack Mitigation,Control Objective B.3.1.1 - Terminal Software Attack Mitigation,Control Objective C.3.2 - Web Software Attack Mitigation",Insecure Interaction - CWE ID 601,APSC-DV-002560 CAT I,APSC-DV-002560 CAT I,APSC-DV-002560 CAT I,URL Redirector Abuse (WASC-38)
2026_SSE_mavit,1.0,Cross-Site Scripting: DOM,tmpFrameset.html,19,jobs/40df99ae-e5ad-41dc-a710-6bacd5341271/work/Src/Hospital-Management-System/vendor/ckeditor/plugins/wsc/dialogs/tmpFrameset.html,Critical,Security Auditor View,Critical,false,,,,,false,false,UPDATED,Tue May 26 16:32:50 CEST 2026,,false,false,false,SCA,STATIC,Data Flow,EC6687E2-7A2A-4B4B-8E8A-7595215D8D4E0,2D5A6A344BD53BD740CACA2135E73559,5.0,5.0,4.0,5.0,Input Validation and Representation,Cross-Site Scripting: DOM,"CWE ID 79,CWE ID 80",[2] CWE ID 079,[2] CWE ID 079,"CCI-001310,CCI-002754",SI,Indirect Access to Sensitive Data,,,SI-10 Information Input Validation (P1),SI-10 Information Input Validation,"5.3.3 Output Encoding and Injection Prevention Requirements (L1 L2 L3),5.3.6 Output Encoding and Injection Prevention Requirements (L1 L2 L3)",,M7 Client Side Injection,A3 Cross-Site Scripting (XSS),A7 Cross-Site Scripting (XSS),A03 Injection,Requirement 6.5.7,Requirement 6.2.4,Control Objective 4.2 - Critical Asset Protection,"Control Objective 4.2 - Critical Asset Protection,Control Objective B.3.1 - Terminal Software Attack Mitigation,Control Objective B.3.1.1 - Terminal Software Attack Mitigation","Control Objective 4.2 - Critical Asset Protection,Control Objective B.3.1 - Terminal Software Attack Mitigation,Control Objective B.3.1.1 - Terminal Software Attack Mitigation,Control Objective C.3.2 - Web Software Attack Mitigation",Insecure Interaction - CWE ID 079,"APSC-DV-002490 CAT I,APSC-DV-002560 CAT I","APSC-DV-002490 CAT I,APSC-DV-002560 CAT I","APSC-DV-002490 CAT I,APSC-DV-002560 CAT I",Cross-Site Scripting (WASC-08)
2026_SSE_mavit,1.0,Insecure Transport: External Link,toolbar.html,28,jobs/40df99ae-e5ad-41dc-a710-6bacd5341271/work/Src/Hospital-Management-System/vendor/ckeditor/samples/plugins/toolbar/toolbar.html,Medium,Security Auditor View,Medium,false,,,,,false,false,UPDATED,Tue May 26 16:32:50 CEST 2026,,false,false,false,SCA,STATIC,Content,C72A3E77-8324-4FF9-B958-74FCDDF39D17,4C21DB448FA7B963ED02C4D1AA7EBCF4,2.0,5.0,5.0,5.0,Security Features,Insecure Transport: External Link,CWE ID 297,[14] CWE ID 287,[14] CWE ID 287,"CCI-000068,CCI-001453,CCI-002418,CCI-002420,CCI-002421,CCI-002422,CCI-002890,CCI-003123","CM,SC",Insufficient Data Protection,,,SC-8 Transmission Confidentiality and Integrity (P1),SC-8 Transmission Confidentiality and Integrity,"2.6.3 Look-up Secret Verifier Requirements (L2 L3),2.7.1 Out of Band Verifier Requirements (L1 L2 L3),2.7.2 Out of Band Verifier Requirements (L1 L2 L3),2.7.3 Out of Band Verifier Requirements (L1 L2 L3),2.8.4 Single or Multi Factor One Time Verifier Requirements (L2 L3),2.8.5 Single or Multi Factor One Time Verifier Requirements (L2 L3),3.7.1 Defenses Against Session Management Exploits (L1 L2 L3),6.2.1 Algorithms (L1 L2 L3),9.2.1 Server Communications Security Requirements (L2 L3),9.2.3 Server Communications Security Requirements (L2 L3)","MASVS-NETWORK-1,MASVS-PLATFORM-2",M3 Insufficient Transport Layer Protection,A6 Sensitive Data Exposure,A3 Sensitive Data Exposure,A05 Security Misconfiguration,"Requirement 4.1,Requirement 6.5.4","Requirement 4.2.1,Requirement 6.2.4","Control Objective 3.3 - Sensitive Data Retention,Control Objective 6.2 - Sensitive Data Protection,Control Objective 7 - Use of Cryptography","Control Objective 3.3 - Sensitive Data Retention,Control Objective 6.2 - Sensitive Data Protection,Control Objective 7 - Use of Cryptography,Control Objective B.2.5 - Terminal Software Design","Control Objective 3.3 - Sensitive Data Retention,Control Objective 6.2 - Sensitive Data Protection,Control Objective 7 - Use of Cryptography,Control Objective B.2.5 - Terminal Software Design,Control Objective C.4.1 - Web Software Communications",,"APSC-DV-000160 CAT II,APSC-DV-000170 CAT II,APSC-DV-001940 CAT II,APSC-DV-001950 CAT II,APSC-DV-002440 CAT I,APSC-DV-002450 CAT II,APSC-DV-002460 CAT II,APSC-DV-002470 CAT II","APSC-DV-000160 CAT II,APSC-DV-000170 CAT II,APSC-DV-001940 CAT II,APSC-DV-001950 CAT II,APSC-DV-002440 CAT I,APSC-DV-002450 CAT II,APSC-DV-002460 CAT II,APSC-DV-002470 CAT II","APSC-DV-000160 CAT II,APSC-DV-000170 CAT II,APSC-DV-001940 CAT II,APSC-DV-001950 CAT II,APSC-DV-002440 CAT I,APSC-DV-002450 CAT II,APSC-DV-002460 CAT II,APSC-DV-002470 CAT II",Insufficient Transport Layer Protection (WASC-04)
2026_SSE_mavit,1.0,Insecure Transport: External Link,toolbar.html,48,jobs/40df99ae-e5ad-41dc-a710-6bacd5341271/work/Src/Hospital-Management-System/vendor/ckeditor/samples/plugins/toolbar/toolbar.html,Medium,Security Auditor View,Medium,false,,,,,false,false,UPDATED,Tue May 26 16:32:50 CEST 2026,,false,false,false,SCA,STATIC,Content,C72A3E77-8324-4FF9-B958-74FCDDF39D17,4C21DB448FA7B963ED02C4D1AA7EBCF5,2.0,5.0,5.0,5.0,Security Features,Insecure Transport: External Link,CWE ID 297,[14] CWE ID 287,[14] CWE ID 287,"CCI-000068,CCI-001453,CCI-002418,CCI-002420,CCI-002421,CCI-002422,CCI-002890,CCI-003123","CM,SC",Insufficient Data Protection,,,SC-8 Transmission Confidentiality and Integrity (P1),SC-8 Transmission Confidentiality and Integrity,"2.6.3 Look-up Secret Verifier Requirements (L2 L3),2.7.1 Out of Band Verifier Requirements (L1 L2 L3),2.7.2 Out of Band Verifier Requirements (L1 L2 L3),2.7.3 Out of Band Verifier Requirements (L1 L2 L3),2.8.4 Single or Multi Factor One Time Verifier Requirements (L2 L3),2.8.5 Single or Multi Factor One Time Verifier Requirements (L2 L3),3.7.1 Defenses Against Session Management Exploits (L1 L2 L3),6.2.1 Algorithms (L1 L2 L3),9.2.1 Server Communications Security Requirements (L2 L3),9.2.3 Server Communications Security Requirements (L2 L3)","MASVS-NETWORK-1,MASVS-PLATFORM-2",M3 Insufficient Transport Layer Protection,A6 Sensitive Data Exposure,A3 Sensitive Data Exposure,A05 Security Misconfiguration,"Requirement 4.1,Requirement 6.5.4","Requirement 4.2.1,Requirement 6.2.4","Control Objective 3.3 - Sensitive Data Retention,Control Objective 6.2 - Sensitive Data Protection,Control Objective 7 - Use of Cryptography","Control Objective 3.3 - Sensitive Data Retention,Control Objective 6.2 - Sensitive Data Protection,Control Objective 7 - Use of Cryptography,Control Objective B.2.5 - Terminal Software Design","Control Objective 3.3 - Sensitive Data Retention,Control Objective 6.2 - Sensitive Data Protection,Control Objective 7 - Use of Cryptography,Control Objective B.2.5 - Terminal Software Design,Control Objective C.4.1 - Web Software Communications",,"APSC-DV-000160 CAT II,APSC-DV-000170 CAT II,APSC-DV-001940 CAT II,APSC-DV-001950 CAT II,APSC-DV-002440 CAT I,APSC-DV-002450 CAT II,APSC-DV-002460 CAT II,APSC-DV-002470 CAT II","APSC-DV-000160 CAT II,APSC-DV-000170 CAT II,APSC-DV-001940 CAT II,APSC-DV-001950 CAT II,APSC-DV-002440 CAT I,APSC-DV-002450 CAT II,APSC-DV-002460 CAT II,APSC-DV-002470 CAT II","APSC-DV-000160 CAT II,APSC-DV-000170 CAT II,APSC-DV-001940 CAT II,APSC-DV-001950 CAT II,APSC-DV-002440 CAT I,APSC-DV-002450 CAT II,APSC-DV-002460 CAT II,APSC-DV-002470 CAT II",Insufficient Transport Layer Protection (WASC-04)
2026_SSE_mavit,1.0,Insecure Transport: External Link,toolbar.html,224,jobs/40df99ae-e5ad-41dc-a710-6bacd5341271/work/Src/Hospital-Management-System/vendor/ckeditor/samples/plugins/toolbar/toolbar.html,Medium,Security Auditor View,Medium,false,,,,,false,false,UPDATED,Tue May 26 16:32:50 CEST 2026,,false,false,false,SCA,STATIC,Content,C72A3E77-8324-4FF9-B958-74FCDDF39D17,4C21DB448FA7B963ED02C4D1AA7EBCF6,2.0,5.0,5.0,5.0,Security Features,Insecure Transport: External Link,CWE ID 297,[14] CWE ID 287,[14] CWE ID 287,"CCI-000068,CCI-001453,CCI-002418,CCI-002420,CCI-002421,CCI-002422,CCI-002890,CCI-003123","CM,SC",Insufficient Data Protection,,,SC-8 Transmission Confidentiality and Integrity (P1),SC-8 Transmission Confidentiality and Integrity,"2.6.3 Look-up Secret Verifier Requirements (L2 L3),2.7.1 Out of Band Verifier Requirements (L1 L2 L3),2.7.2 Out of Band Verifier Requirements (L1 L2 L3),2.7.3 Out of Band Verifier Requirements (L1 L2 L3),2.8.4 Single or Multi Factor One Time Verifier Requirements (L2 L3),2.8.5 Single or Multi Factor One Time Verifier Requirements (L2 L3),3.7.1 Defenses Against Session Management Exploits (L1 L2 L3),6.2.1 Algorithms (L1 L2 L3),9.2.1 Server Communications Security Requirements (L2 L3),9.2.3 Server Communications Security Requirements (L2 L3)","MASVS-NETWORK-1,MASVS-PLATFORM-2",M3 Insufficient Transport Layer Protection,A6 Sensitive Data Exposure,A3 Sensitive Data Exposure,A05 Security Misconfiguration,"Requirement 4.1,Requirement 6.5.4","Requirement 4.2.1,Requirement 6.2.4","Control Objective 3.3 - Sensitive Data Retention,Control Objective 6.2 - Sensitive Data Protection,Control Objective 7 - Use of Cryptography","Control Objective 3.3 - Sensitive Data Retention,Control Objective 6.2 - Sensitive Data Protection,Control Objective 7 - Use of Cryptography,Control Objective B.2.5 - Terminal Software Design","Control Objective 3.3 - Sensitive Data Retention,Control Objective 6.2 - Sensitive Data Protection,Control Objective 7 - Use of Cryptography,Control Objective B.2.5 - Terminal Software Design,Control Objective C.4.1 - Web Software Communications",,"APSC-DV-000160 CAT II,APSC-DV-000170 CAT II,APSC-DV-001940 CAT II,APSC-DV-001950 CAT II,APSC-DV-002440 CAT I,APSC-DV-002450 CAT II,APSC-DV-002460 CAT II,APSC-DV-002470 CAT II","APSC-DV-000160 CAT II,APSC-DV-000170 CAT II,APSC-DV-001940 CAT II,APSC-DV-001950 CAT II,APSC-DV-002440 CAT I,APSC-DV-002450 CAT II,APSC-DV-002460 CAT II,APSC-DV-002470 CAT II","APSC-DV-000160 CAT II,APSC-DV-000170 CAT II,APSC-DV-001940 CAT II,APSC-DV-001950 CAT II,APSC-DV-002440 CAT I,APSC-DV-002450 CAT II,APSC-DV-002460 CAT II,APSC-DV-002470 CAT II",Insufficient Transport Layer Protection (WASC-04)
2026_SSE_mavit,1.0,Insecure Transport: External Link,toolbar.html,227,jobs/40df99ae-e5ad-41dc-a710-6bacd5341271/work/Src/Hospital-Management-System/vendor/ckeditor/samples/plugins/toolbar/toolbar.html,Medium,Security Auditor View,Medium,false,,,,,false,false,UPDATED,Tue May 26 16:32:50 CEST 2026,,false,false,false,SCA,STATIC,Content,C72A3E77-8324-4FF9-B958-74FCDDF39D17,4C21DB448FA7B963ED02C4D1AA7EBCF7,2.0,5.0,5.0,5.0,Security Features,Insecure Transport: External Link,CWE ID 297,[14] CWE ID 287,[14] CWE ID 287,"CCI-000068,CCI-001453,CCI-002418,CCI-002420,CCI-002421,CCI-002422,CCI-002890,CCI-003123","CM,SC",Insufficient Data Protection,,,SC-8 Transmission Confidentiality and Integrity (P1),SC-8 Transmission Confidentiality and Integrity,"2.6.3 Look-up Secret Verifier Requirements (L2 L3),2.7.1 Out of Band Verifier Requirements (L1 L2 L3),2.7.2 Out of Band Verifier Requirements (L1 L2 L3),2.7.3 Out of Band Verifier Requirements (L1 L2 L3),2.8.4 Single or Multi Factor One Time Verifier Requirements (L2 L3),2.8.5 Single or Multi Factor One Time Verifier Requirements (L2 L3),3.7.1 Defenses Against Session Management Exploits (L1 L2 L3),6.2.1 Algorithms (L1 L2 L3),9.2.1 Server Communications Security Requirements (L2 L3),9.2.3 Server Communications Security Requirements (L2 L3)","MASVS-NETWORK-1,MASVS-PLATFORM-2",M3 Insufficient Transport Layer Protection,A6 Sensitive Data Exposure,A3 Sensitive Data Exposure,A05 Security Misconfiguration,"Requirement 4.1,Requirement 6.5.4","Requirement 4.2.1,Requirement 6.2.4","Control Objective 3.3 - Sensitive Data Retention,Control Objective 6.2 - Sensitive Data Protection,Control Objective 7 - Use of Cryptography","Control Objective 3.3 - Sensitive Data Retention,Control Objective 6.2 - Sensitive Data Protection,Control Objective 7 - Use of Cryptography,Control Objective B.2.5 - Terminal Software Design","Control Objective 3.3 - Sensitive Data Retention,Control Objective 6.2 - Sensitive Data Protection,Control Objective 7 - Use of Cryptography,Control Objective B.2.5 - Terminal Software Design,Control Objective C.4.1 - Web Software Communications",,"APSC-DV-000160 CAT II,APSC-DV-000170 CAT II,APSC-DV-001940 CAT II,APSC-DV-001950 CAT II,APSC-DV-002440 CAT I,APSC-DV-002450 CAT II,APSC-DV-002460 CAT II,APSC-DV-002470 CAT II","APSC-DV-000160 CAT II,APSC-DV-000170 CAT II,APSC-DV-001940 CAT II,APSC-DV-001950 CAT II,APSC-DV-002440 CAT I,APSC-DV-002450 CAT II,APSC-DV-002460 CAT II,APSC-DV-002470 CAT II","APSC-DV-000160 CAT II,APSC-DV-000170 CAT II,APSC-DV-001940 CAT II,APSC-DV-001950 CAT II,APSC-DV-002440 CAT I,APSC-DV-002450 CAT II,APSC-DV-002460 CAT II,APSC-DV-002470 CAT II",Insufficient Transport Layer Protection (WASC-04)
2026_SSE_mavit,1.0,Insecure Randomness,ui-buttons.js,15,jobs/40df99ae-e5ad-41dc-a710-6bacd5341271/work/Src/Hospital-Management-System/assets/js/ui-buttons.js,High,Security Auditor View,High,false,,,,,false,false,UPDATED,Tue May 26 16:32:50 CEST 2026,,false,false,false,SCA,STATIC,Structural,919BF191-6443-4239-BBFF-A7A31C108032,C9718E95F889CDF7061713F2628CAA36,4.0,0.4,2.0,5.0,Security Features,Insecure Randomness,CWE ID 338,,,CCI-002450,MP,Insufficient Data Protection,,,SC-13 Cryptographic Protection (P1),SC-13 Cryptographic Protection,"2.3.1 Authenticator Lifecycle Requirements (L1 L2 L3),2.6.2 Look-up Secret Verifier Requirements (L2 L3),3.2.2 Session Binding Requirements (L1 L2 L3),3.2.4 Session Binding Requirements (L2 L3),6.3.1 Random Values (L2 L3),6.3.2 Random Values (L2 L3),6.3.3 Random Values (L3)",MASVS-CRYPTO-1,M6 Broken Cryptography,,,A02 Cryptographic Failures,Requirement 6.5.3,Requirement 6.2.4,Control Objective 7.3 - Use of Cryptography,"Control Objective 7.3 - Use of Cryptography,Control Objective B.2.4 - Terminal Software Design","Control Objective 7.3 - Use of Cryptography,Control Objective B.2.4 - Terminal Software Design",,"APSC-DV-002010 CAT II,APSC-DV-002050 CAT II","APSC-DV-002010 CAT II,APSC-DV-002050 CAT II","APSC-DV-002010 CAT II,APSC-DV-002050 CAT II",
2026_SSE_mavit,1.0,Cross-Site Request Forgery,uicolor.html,25,jobs/40df99ae-e5ad-41dc-a710-6bacd5341271/work/Src/Hospital-Management-System/vendor/ckeditor/samples/uicolor.html,Low,Security Auditor View,Low,false,,,,,false,false,UPDATED,Tue May 26 16:32:50 CEST 2026,,false,false,false,SCA,STATIC,Content,78E0700E-56FE-45A2-A11B-6A560F730576,19D61671A4240CA24C33F867FFFE7ED7,2.0,0.4,2.0,5.0,Encapsulation,Cross-Site Request Forgery,CWE ID 352,[9] CWE ID 352,[9] CWE ID 352,"CCI-001310,CCI-001941,CCI-001942",,Access Violation,,,SC-23 Session Authenticity (P1),SC-23 Session Authenticity,"3.5.3 Token-based Session Management (L2 L3),4.2.2 Operation Level Access Control (L1 L2 L3),13.2.3 RESTful Web Service Verification Requirements (L1 L2 L3)",,M5 Poor Authorization and Authentication,A8 Cross-Site Request Forgery (CSRF),,A01 Broken Access Control,Requirement 6.5.9,Requirement 6.2.4,Control Objective 5.4 - Authentication and Access Control,Control Objective 5.4 - Authentication and Access Control,"Control Objective 5.4 - Authentication and Access Control,Control Objective C.2.3 - Web Software Access Controls",Insecure Interaction - CWE ID 352,"APSC-DV-001620 CAT II,APSC-DV-001630 CAT II,APSC-DV-002500 CAT II","APSC-DV-001620 CAT II,APSC-DV-001630 CAT II,APSC-DV-002500 CAT II","APSC-DV-001620 CAT II,APSC-DV-001630 CAT II,APSC-DV-002500 CAT II",Cross-Site Request Forgery (WASC-09)
2026_SSE_mavit,1.0,Insecure Transport: External Link,uilanguages.html,30,jobs/40df99ae-e5ad-41dc-a710-6bacd5341271/work/Src/Hospital-Management-System/vendor/ckeditor/samples/uilanguages.html,Medium,Security Auditor View,Medium,false,,,,,false,false,UPDATED,Tue May 26 16:32:50 CEST 2026,,false,false,false,SCA,STATIC,Content,C72A3E77-8324-4FF9-B958-74FCDDF39D17,AC85A47C34EE03D9D3334ACF14BAB00F,2.0,5.0,5.0,5.0,Security Features,Insecure Transport: External Link,CWE ID 297,[14] CWE ID 287,[14] CWE ID 287,"CCI-000068,CCI-001453,CCI-002418,CCI-002420,CCI-002421,CCI-002422,CCI-002890,CCI-003123","CM,SC",Insufficient Data Protection,,,SC-8 Transmission Confidentiality and Integrity (P1),SC-8 Transmission Confidentiality and Integrity,"2.6.3 Look-up Secret Verifier Requirements (L2 L3),2.7.1 Out of Band Verifier Requirements (L1 L2 L3),2.7.2 Out of Band Verifier Requirements (L1 L2 L3),2.7.3 Out of Band Verifier Requirements (L1 L2 L3),2.8.4 Single or Multi Factor One Time Verifier Requirements (L2 L3),2.8.5 Single or Multi Factor One Time Verifier Requirements (L2 L3),3.7.1 Defenses Against Session Management Exploits (L1 L2 L3),6.2.1 Algorithms (L1 L2 L3),9.2.1 Server Communications Security Requirements (L2 L3),9.2.3 Server Communications Security Requirements (L2 L3)","MASVS-NETWORK-1,MASVS-PLATFORM-2",M3 Insufficient Transport Layer Protection,A6 Sensitive Data Exposure,A3 Sensitive Data Exposure,A05 Security Misconfiguration,"Requirement 4.1,Requirement 6.5.4","Requirement 4.2.1,Requirement 6.2.4","Control Objective 3.3 - Sensitive Data Retention,Control Objective 6.2 - Sensitive Data Protection,Control Objective 7 - Use of Cryptography","Control Objective 3.3 - Sensitive Data Retention,Control Objective 6.2 - Sensitive Data Protection,Control Objective 7 - Use of Cryptography,Control Objective B.2.5 - Terminal Software Design","Control Objective 3.3 - Sensitive Data Retention,Control Objective 6.2 - Sensitive Data Protection,Control Objective 7 - Use of Cryptography,Control Objective B.2.5 - Terminal Software Design,Control Objective C.4.1 - Web Software Communications",,"APSC-DV-000160 CAT II,APSC-DV-000170 CAT II,APSC-DV-001940 CAT II,APSC-DV-001950 CAT II,APSC-DV-002440 CAT I,APSC-DV-002450 CAT II,APSC-DV-002460 CAT II,APSC-DV-002470 CAT II","APSC-DV-000160 CAT II,APSC-DV-000170 CAT II,APSC-DV-001940 CAT II,APSC-DV-001950 CAT II,APSC-DV-002440 CAT I,APSC-DV-002450 CAT II,APSC-DV-002460 CAT II,APSC-DV-002470 CAT II","APSC-DV-000160 CAT II,APSC-DV-000170 CAT II,APSC-DV-001940 CAT II,APSC-DV-001950 CAT II,APSC-DV-002440 CAT I,APSC-DV-002450 CAT II,APSC-DV-002460 CAT II,APSC-DV-002470 CAT II",Insufficient Transport Layer Protection (WASC-04)
2026_SSE_mavit,1.0,Insecure Transport: External Link,uilanguages.html,31,jobs/40df99ae-e5ad-41dc-a710-6bacd5341271/work/Src/Hospital-Management-System/vendor/ckeditor/samples/uilanguages.html,Medium,Security Auditor View,Medium,false,,,,,false,false,UPDATED,Tue May 26 16:32:50 CEST 2026,,false,false,false,SCA,STATIC,Content,C72A3E77-8324-4FF9-B958-74FCDDF39D17,AC85A47C34EE03D9D3334ACF14BAB010,2.0,5.0,5.0,5.0,Security Features,Insecure Transport: External Link,CWE ID 297,[14] CWE ID 287,[14] CWE ID 287,"CCI-000068,CCI-001453,CCI-002418,CCI-002420,CCI-002421,CCI-002422,CCI-002890,CCI-003123","CM,SC",Insufficient Data Protection,,,SC-8 Transmission Confidentiality and Integrity (P1),SC-8 Transmission Confidentiality and Integrity,"2.6.3 Look-up Secret Verifier Requirements (L2 L3),2.7.1 Out of Band Verifier Requirements (L1 L2 L3),2.7.2 Out of Band Verifier Requirements (L1 L2 L3),2.7.3 Out of Band Verifier Requirements (L1 L2 L3),2.8.4 Single or Multi Factor One Time Verifier Requirements (L2 L3),2.8.5 Single or Multi Factor One Time Verifier Requirements (L2 L3),3.7.1 Defenses Against Session Management Exploits (L1 L2 L3),6.2.1 Algorithms (L1 L2 L3),9.2.1 Server Communications Security Requirements (L2 L3),9.2.3 Server Communications Security Requirements (L2 L3)","MASVS-NETWORK-1,MASVS-PLATFORM-2",M3 Insufficient Transport Layer Protection,A6 Sensitive Data Exposure,A3 Sensitive Data Exposure,A05 Security Misconfiguration,"Requirement 4.1,Requirement 6.5.4","Requirement 4.2.1,Requirement 6.2.4","Control Objective 3.3 - Sensitive Data Retention,Control Objective 6.2 - Sensitive Data Protection,Control Objective 7 - Use of Cryptography","Control Objective 3.3 - Sensitive Data Retention,Control Objective 6.2 - Sensitive Data Protection,Control Objective 7 - Use of Cryptography,Control Objective B.2.5 - Terminal Software Design","Control Objective 3.3 - Sensitive Data Retention,Control Objective 6.2 - Sensitive Data Protection,Control Objective 7 - Use of Cryptography,Control Objective B.2.5 - Terminal Software Design,Control Objective C.4.1 - Web Software Communications",,"APSC-DV-000160 CAT II,APSC-DV-000170 CAT II,APSC-DV-001940 CAT II,APSC-DV-001950 CAT II,APSC-DV-002440 CAT I,APSC-DV-002450 CAT II,APSC-DV-002460 CAT II,APSC-DV-002470 CAT II","APSC-DV-000160 CAT II,APSC-DV-000170 CAT II,APSC-DV-001940 CAT II,APSC-DV-001950 CAT II,APSC-DV-002440 CAT I,APSC-DV-002450 CAT II,APSC-DV-002460 CAT II,APSC-DV-002470 CAT II","APSC-DV-000160 CAT II,APSC-DV-000170 CAT II,APSC-DV-001940 CAT II,APSC-DV-001950 CAT II,APSC-DV-002440 CAT I,APSC-DV-002450 CAT II,APSC-DV-002460 CAT II,APSC-DV-002470 CAT II",Insufficient Transport Layer Protection (WASC-04)
2026_SSE_mavit,1.0,Cross-Site Request Forgery,uilanguages.html,49,jobs/40df99ae-e5ad-41dc-a710-6bacd5341271/work/Src/Hospital-Management-System/vendor/ckeditor/samples/uilanguages.html,Low,Security Auditor View,Low,false,,,,,false,false,UPDATED,Tue May 26 16:32:50 CEST 2026,,false,false,false,SCA,STATIC,Content,78E0700E-56FE-45A2-A11B-6A560F730576,89B5C368AA2AA197889EDAEAA0450962,2.0,0.4,2.0,5.0,Encapsulation,Cross-Site Request Forgery,CWE ID 352,[9] CWE ID 352,[9] CWE ID 352,"CCI-001310,CCI-001941,CCI-001942",,Access Violation,,,SC-23 Session Authenticity (P1),SC-23 Session Authenticity,"3.5.3 Token-based Session Management (L2 L3),4.2.2 Operation Level Access Control (L1 L2 L3),13.2.3 RESTful Web Service Verification Requirements (L1 L2 L3)",,M5 Poor Authorization and Authentication,A8 Cross-Site Request Forgery (CSRF),,A01 Broken Access Control,Requirement 6.5.9,Requirement 6.2.4,Control Objective 5.4 - Authentication and Access Control,Control Objective 5.4 - Authentication and Access Control,"Control Objective 5.4 - Authentication and Access Control,Control Objective C.2.3 - Web Software Access Controls",Insecure Interaction - CWE ID 352,"APSC-DV-001620 CAT II,APSC-DV-001630 CAT II,APSC-DV-002500 CAT II","APSC-DV-001620 CAT II,APSC-DV-001630 CAT II,APSC-DV-002500 CAT II","APSC-DV-001620 CAT II,APSC-DV-001630 CAT II,APSC-DV-002500 CAT II",Cross-Site Request Forgery (WASC-09)
2026_SSE_mavit,1.0,HTML5: Overly Permissive Message Posting Policy,wsc.js,7,jobs/40df99ae-e5ad-41dc-a710-6bacd5341271/work/Src/Hospital-Management-System/vendor/ckeditor/plugins/wsc/dialogs/wsc.js,Low,Security Auditor View,Low,false,,,,,false,false,UPDATED,Tue May 26 16:32:50 CEST 2026,,false,false,false,SCA,STATIC,Structural,E789B621-9F69-49C5-A30C-ED6A89F80E31,1C9520AA0CB9B7562CDFBBD42CED6EC1,2.0,2.0,3.0,5.0,Encapsulation,HTML5: Overly Permissive Message Posting Policy,CWE ID 942,,,"CCI-001368,CCI-001414",,Access Violation,,,AC-4 Information Flow Enforcement (P1),AC-4 Information Flow Enforcement,"14.4.6 HTTP Security Headers Requirements (L1 L2 L3),14.5.3 Validate HTTP Request Header Requirements (L1 L2 L3)",MASVS-AUTH-1,M5 Poor Authorization and Authentication,A5 Security Misconfiguration,A6 Security Misconfiguration,A05 Security Misconfiguration,Requirement 6.5.8,Requirement 6.2.4,Control Objective 5.4 - Authentication and Access Control,Control Objective 5.4 - Authentication and Access Control,"Control Objective 5.4 - Authentication and Access Control,Control Objective C.2.3 - Web Software Access Controls",,"APSC-DV-000480 CAT II,APSC-DV-000490 CAT II","APSC-DV-000480 CAT II,APSC-DV-000490 CAT II","APSC-DV-000480 CAT II,APSC-DV-000490 CAT II",
2026_SSE_mavit,1.0,Insecure Transport: External Link,xhtmlstyle.html,22,jobs/40df99ae-e5ad-41dc-a710-6bacd5341271/work/Src/Hospital-Management-System/vendor/ckeditor/samples/xhtmlstyle.html,Medium,Security Auditor View,Medium,false,,,,,false,false,UPDATED,Tue May 26 16:32:50 CEST 2026,,false,false,false,SCA,STATIC,Content,C72A3E77-8324-4FF9-B958-74FCDDF39D17,A767CC13CACAD2EA538DDC939C618B18,2.0,5.0,5.0,5.0,Security Features,Insecure Transport: External Link,CWE ID 297,[14] CWE ID 287,[14] CWE ID 287,"CCI-000068,CCI-001453,CCI-002418,CCI-002420,CCI-002421,CCI-002422,CCI-002890,CCI-003123","CM,SC",Insufficient Data Protection,,,SC-8 Transmission Confidentiality and Integrity (P1),SC-8 Transmission Confidentiality and Integrity,"2.6.3 Look-up Secret Verifier Requirements (L2 L3),2.7.1 Out of Band Verifier Requirements (L1 L2 L3),2.7.2 Out of Band Verifier Requirements (L1 L2 L3),2.7.3 Out of Band Verifier Requirements (L1 L2 L3),2.8.4 Single or Multi Factor One Time Verifier Requirements (L2 L3),2.8.5 Single or Multi Factor One Time Verifier Requirements (L2 L3),3.7.1 Defenses Against Session Management Exploits (L1 L2 L3),6.2.1 Algorithms (L1 L2 L3),9.2.1 Server Communications Security Requirements (L2 L3),9.2.3 Server Communications Security Requirements (L2 L3)","MASVS-NETWORK-1,MASVS-PLATFORM-2",M3 Insufficient Transport Layer Protection,A6 Sensitive Data Exposure,A3 Sensitive Data Exposure,A05 Security Misconfiguration,"Requirement 4.1,Requirement 6.5.4","Requirement 4.2.1,Requirement 6.2.4","Control Objective 3.3 - Sensitive Data Retention,Control Objective 6.2 - Sensitive Data Protection,Control Objective 7 - Use of Cryptography","Control Objective 3.3 - Sensitive Data Retention,Control Objective 6.2 - Sensitive Data Protection,Control Objective 7 - Use of Cryptography,Control Objective B.2.5 - Terminal Software Design","Control Objective 3.3 - Sensitive Data Retention,Control Objective 6.2 - Sensitive Data Protection,Control Objective 7 - Use of Cryptography,Control Objective B.2.5 - Terminal Software Design,Control Objective C.4.1 - Web Software Communications",,"APSC-DV-000160 CAT II,APSC-DV-000170 CAT II,APSC-DV-001940 CAT II,APSC-DV-001950 CAT II,APSC-DV-002440 CAT I,APSC-DV-002450 CAT II,APSC-DV-002460 CAT II,APSC-DV-002470 CAT II","APSC-DV-000160 CAT II,APSC-DV-000170 CAT II,APSC-DV-001940 CAT II,APSC-DV-001950 CAT II,APSC-DV-002440 CAT I,APSC-DV-002450 CAT II,APSC-DV-002460 CAT II,APSC-DV-002470 CAT II","APSC-DV-000160 CAT II,APSC-DV-000170 CAT II,APSC-DV-001940 CAT II,APSC-DV-001950 CAT II,APSC-DV-002440 CAT I,APSC-DV-002450 CAT II,APSC-DV-002460 CAT II,APSC-DV-002470 CAT II",Insufficient Transport Layer Protection (WASC-04)
2026_SSE_mavit,1.0,Cross-Site Request Forgery,xhtmlstyle.html,50,jobs/40df99ae-e5ad-41dc-a710-6bacd5341271/work/Src/Hospital-Management-System/vendor/ckeditor/samples/xhtmlstyle.html,Low,Security Auditor View,Low,false,,,,,false,false,UPDATED,Tue May 26 16:32:50 CEST 2026,,false,false,false,SCA,STATIC,Content,78E0700E-56FE-45A2-A11B-6A560F730576,763C35A87464FCEEF03DFD9755BF3255,2.0,0.4,2.0,5.0,Encapsulation,Cross-Site Request Forgery,CWE ID 352,[9] CWE ID 352,[9] CWE ID 352,"CCI-001310,CCI-001941,CCI-001942",,Access Violation,,,SC-23 Session Authenticity (P1),SC-23 Session Authenticity,"3.5.3 Token-based Session Management (L2 L3),4.2.2 Operation Level Access Control (L1 L2 L3),13.2.3 RESTful Web Service Verification Requirements (L1 L2 L3)",,M5 Poor Authorization and Authentication,A8 Cross-Site Request Forgery (CSRF),,A01 Broken Access Control,Requirement 6.5.9,Requirement 6.2.4,Control Objective 5.4 - Authentication and Access Control,Control Objective 5.4 - Authentication and Access Control,"Control Objective 5.4 - Authentication and Access Control,Control Objective C.2.3 - Web Software Access Controls",Insecure Interaction - CWE ID 352,"APSC-DV-001620 CAT II,APSC-DV-001630 CAT II,APSC-DV-002500 CAT II","APSC-DV-001620 CAT II,APSC-DV-001630 CAT II,APSC-DV-002500 CAT II","APSC-DV-001620 CAT II,APSC-DV-001630 CAT II,APSC-DV-002500 CAT II",Cross-Site Request Forgery (WASC-09)
2026_SSE_mavit,1.0,Insecure Transport: External Link,xhtmlstyle.html,223,jobs/40df99ae-e5ad-41dc-a710-6bacd5341271/work/Src/Hospital-Management-System/vendor/ckeditor/samples/xhtmlstyle.html,Medium,Security Auditor View,Medium,false,,,,,false,false,UPDATED,Tue May 26 16:32:50 CEST 2026,,false,false,false,SCA,STATIC,Content,C72A3E77-8324-4FF9-B958-74FCDDF39D17,A767CC13CACAD2EA538DDC939C618B19,2.0,5.0,5.0,5.0,Security Features,Insecure Transport: External Link,CWE ID 297,[14] CWE ID 287,[14] CWE ID 287,"CCI-000068,CCI-001453,CCI-002418,CCI-002420,CCI-002421,CCI-002422,CCI-002890,CCI-003123","CM,SC",Insufficient Data Protection,,,SC-8 Transmission Confidentiality and Integrity (P1),SC-8 Transmission Confidentiality and Integrity,"2.6.3 Look-up Secret Verifier Requirements (L2 L3),2.7.1 Out of Band Verifier Requirements (L1 L2 L3),2.7.2 Out of Band Verifier Requirements (L1 L2 L3),2.7.3 Out of Band Verifier Requirements (L1 L2 L3),2.8.4 Single or Multi Factor One Time Verifier Requirements (L2 L3),2.8.5 Single or Multi Factor One Time Verifier Requirements (L2 L3),3.7.1 Defenses Against Session Management Exploits (L1 L2 L3),6.2.1 Algorithms (L1 L2 L3),9.2.1 Server Communications Security Requirements (L2 L3),9.2.3 Server Communications Security Requirements (L2 L3)","MASVS-NETWORK-1,MASVS-PLATFORM-2",M3 Insufficient Transport Layer Protection,A6 Sensitive Data Exposure,A3 Sensitive Data Exposure,A05 Security Misconfiguration,"Requirement 4.1,Requirement 6.5.4","Requirement 4.2.1,Requirement 6.2.4","Control Objective 3.3 - Sensitive Data Retention,Control Objective 6.2 - Sensitive Data Protection,Control Objective 7 - Use of Cryptography","Control Objective 3.3 - Sensitive Data Retention,Control Objective 6.2 - Sensitive Data Protection,Control Objective 7 - Use of Cryptography,Control Objective B.2.5 - Terminal Software Design","Control Objective 3.3 - Sensitive Data Retention,Control Objective 6.2 - Sensitive Data Protection,Control Objective 7 - Use of Cryptography,Control Objective B.2.5 - Terminal Software Design,Control Objective C.4.1 - Web Software Communications",,"APSC-DV-000160 CAT II,APSC-DV-000170 CAT II,APSC-DV-001940 CAT II,APSC-DV-001950 CAT II,APSC-DV-002440 CAT I,APSC-DV-002450 CAT II,APSC-DV-002460 CAT II,APSC-DV-002470 CAT II","APSC-DV-000160 CAT II,APSC-DV-000170 CAT II,APSC-DV-001940 CAT II,APSC-DV-001950 CAT II,APSC-DV-002440 CAT I,APSC-DV-002450 CAT II,APSC-DV-002460 CAT II,APSC-DV-002470 CAT II","APSC-DV-000160 CAT II,APSC-DV-000170 CAT II,APSC-DV-001940 CAT II,APSC-DV-001950 CAT II,APSC-DV-002440 CAT I,APSC-DV-002450 CAT II,APSC-DV-002460 CAT II,APSC-DV-002470 CAT II",Insufficient Transport Layer Protection (WASC-04)
2026_SSE_mavit,1.0,Insecure Transport: External Link,xhtmlstyle.html,226,jobs/40df99ae-e5ad-41dc-a710-6bacd5341271/work/Src/Hospital-Management-System/vendor/ckeditor/samples/xhtmlstyle.html,Medium,Security Auditor View,Medium,false,,,,,false,false,UPDATED,Tue May 26 16:32:50 CEST 2026,,false,false,false,SCA,STATIC,Content,C72A3E77-8324-4FF9-B958-74FCDDF39D17,A767CC13CACAD2EA538DDC939C618B1A,2.0,5.0,5.0,5.0,Security Features,Insecure Transport: External Link,CWE ID 297,[14] CWE ID 287,[14] CWE ID 287,"CCI-000068,CCI-001453,CCI-002418,CCI-002420,CCI-002421,CCI-002422,CCI-002890,CCI-003123","CM,SC",Insufficient Data Protection,,,SC-8 Transmission Confidentiality and Integrity (P1),SC-8 Transmission Confidentiality and Integrity,"2.6.3 Look-up Secret Verifier Requirements (L2 L3),2.7.1 Out of Band Verifier Requirements (L1 L2 L3),2.7.2 Out of Band Verifier Requirements (L1 L2 L3),2.7.3 Out of Band Verifier Requirements (L1 L2 L3),2.8.4 Single or Multi Factor One Time Verifier Requirements (L2 L3),2.8.5 Single or Multi Factor One Time Verifier Requirements (L2 L3),3.7.1 Defenses Against Session Management Exploits (L1 L2 L3),6.2.1 Algorithms (L1 L2 L3),9.2.1 Server Communications Security Requirements (L2 L3),9.2.3 Server Communications Security Requirements (L2 L3)","MASVS-NETWORK-1,MASVS-PLATFORM-2",M3 Insufficient Transport Layer Protection,A6 Sensitive Data Exposure,A3 Sensitive Data Exposure,A05 Security Misconfiguration,"Requirement 4.1,Requirement 6.5.4","Requirement 4.2.1,Requirement 6.2.4","Control Objective 3.3 - Sensitive Data Retention,Control Objective 6.2 - Sensitive Data Protection,Control Objective 7 - Use of Cryptography","Control Objective 3.3 - Sensitive Data Retention,Control Objective 6.2 - Sensitive Data Protection,Control Objective 7 - Use of Cryptography,Control Objective B.2.5 - Terminal Software Design","Control Objective 3.3 - Sensitive Data Retention,Control Objective 6.2 - Sensitive Data Protection,Control Objective 7 - Use of Cryptography,Control Objective B.2.5 - Terminal Software Design,Control Objective C.4.1 - Web Software Communications",,"APSC-DV-000160 CAT II,APSC-DV-000170 CAT II,APSC-DV-001940 CAT II,APSC-DV-001950 CAT II,APSC-DV-002440 CAT I,APSC-DV-002450 CAT II,APSC-DV-002460 CAT II,APSC-DV-002470 CAT II","APSC-DV-000160 CAT II,APSC-DV-000170 CAT II,APSC-DV-001940 CAT II,APSC-DV-001950 CAT II,APSC-DV-002440 CAT I,APSC-DV-002450 CAT II,APSC-DV-002460 CAT II,APSC-DV-002470 CAT II","APSC-DV-000160 CAT II,APSC-DV-000170 CAT II,APSC-DV-001940 CAT II,APSC-DV-001950 CAT II,APSC-DV-002440 CAT I,APSC-DV-002450 CAT II,APSC-DV-002460 CAT II,APSC-DV-002470 CAT II",Insufficient Transport Layer Protection (WASC-04)
